comment_id,comment,repo,language,pr_id,c_id,matched_high_confidence,matched_contextual,matched_weak,security_categories,candidate_score,indicator_strength,candidate_type,review_group,manual_label,review_notes
283760826,"Probably, makes sense, but we need to remember that we have 2 types of keys:\1) for node-to-node interaction encryption - `--tls-key` and `--tls-certificate`. That's what `CertificateHelper` indented for.\2) for validator identity, so validator can s",CasperLabs,,62281116,1393368174,,,tls; certificate; encryption,cryptography,3,weak,weak,weak,0,"Security-related keyword appears in a normal programming/documentation context, not describing an actual weakness."
229604066,The flow is a bit different. We use the secret store to encrypt/decrypt a url. The url only can be decrypted by the consumer if he/she is authorized. The secret store integrates the Service Agreements Smart contracts to authorize on-chain the consumer.,dev-ocean,,48764430,1185731960,,,authorize; secret; encrypt; decrypt,authorization; secrets; cryptography,4,weak,weak,weak,2,Explains an existing encrypt/decrypt + authorization architecture; informative but doesn't identify a weakness.
279637265,"I would do sth like this (already corrected some bits) and put it at the end of the **Development mode storage** section:\```\For security reasons, Minio credentials are generated during Kyma installation and stored inside the Kubernetes Secret objec",kyma,,58683135,1375411283,,security,secret,secrets,3,moderate,contextual,contextual,0,"Security-related keyword appears in a normal programming/documentation context, not describing an actual weakness."
200707862,"Please, don't be sorry. Thanks for looking at the fix. If this variable gets removed, ASAN returns `use-after-free` in the test that destroys the authz response. I'm still not sure why. ",envoy,C++,41689025,1062298745,use-after-free,,,memory_safety,5,strong,high_confidence,high_confidence,1,Discusses a real use-after-free bug found by ASAN.
196320103,"By credential we represent an entity that can be used for authentication in TLS  - PSK/PSK_id pair, CA certificate or public certificate/private key pair (not present in this PR). Those are registered in the system with a TAG, that will be used for refer",zephyr,,38101386,1044635123,,,authentication; credential; tls; certificate,authentication; secrets; cryptography,4,weak,weak,weak,0,"Security-related keyword appears in a normal programming/documentation context, not describing an actual weakness."
205354350,The communication across the deployed Kafka cluster now uses the TLS protocol and thus benefits from both encryption and mutual authentication.,strimzi.github.io,HTML,43028498,1081836779,,,authentication; tls; encryption,authentication; cryptography,3,weak,weak,weak,0,"Security-related keyword appears in a normal programming/documentation context, not describing an actual weakness."
213325684,"This should be made into standard debug.\If it isn't too noisy (like up to 10 lines per SSL handshake) then it can use the `security` context, otherwise we should add a `sslhandshake` debug context - if there is value to it.\I believe one can use the",librdkafka,C,42408792,1115318985,,security,ssl,cryptography,3,moderate,contextual,contextual,0,"Security-related keyword appears in a normal programming/documentation context, not describing an actual weakness."
212866066,namespace => System.Security.Cryptography.X509Certificates.Asn1\\(Applies to a lot of others),corefx,C#,44657596,1113291146,,security,cryptography,cryptography,3,moderate,contextual,contextual,0,"Security-related keyword appears in a normal programming/documentation context, not describing an actual weakness."
241973577,"You just freed `gGhostInfo` above, so this is a use after free.",reactos,C,51653809,1240780200,use after free,,,memory_safety,5,strong,high_confidence,high_confidence,1,Flags an actual use-after-free bug directly.
234038984,The current proposal does not encrypt any payload - I think an earlier iteration did.,base-drafts,,49792962,1203883161,,payload,encrypt,exploitation; cryptography,3,moderate,contextual,contextual,1,"Notes the protocol proposal does not encrypt the payload, a real gap."
249950391,```suggestion\The [Django REST Framework API Key][djangorestframework-api-key] package provides the ability to authorize clients based on customizable API key headers. This package is targeted at situations in which regular user-based authentication (e,django-rest-framework,Python,53903012,1276427259,,,authentication; authorize; api key,authorization; authentication; secrets,3,weak,weak,weak,0,"Security-related keyword appears in a normal programming/documentation context, not describing an actual weakness."
224296759,yes. but putting above code piece solved the CSRF token mismatch error for me,docs,JavaScript,47344142,1162371945,csrf,,token,injection; secrets,6,strong,high_confidence,high_confidence,1,Discusses fixing an actual CSRF token mismatch error.
284309845,Yes \\\\ is correct separator. This is present in [API docs example](https://docs.oracle.com/cloud/latest/marketingcs_gs/OMCAB/Developers/GettingStarted/Authentication/authenticate-using-oauth.htm#resource-owner-password-credentials-grant)\\`sitename,eloqua_api_redux,PHP,62366276,1393519282,,,authentication; authenticate; password,authentication; secrets,3,weak,weak,weak,0,"Security-related keyword appears in a normal programming/documentation context, not describing an actual weakness."
203546147,"I was wondering that as well. Is there a reason not to just do `equalsIgnoreCase` in the CSRF filter? W3 recommends assuming URLs are case-sensitive unless you know otherwise, like in the CSRF filter. https://www.w3.org/TR/WD-html40-970708/htmlweb.html",ddf,Java,42642826,1074686506,csrf,,,injection,5,strong,high_confidence,high_confidence,1,Discusses a real case-sensitivity issue in CSRF filter logic.
206637614,"Hmm, there are more reflection APIs than just these e.g. in `sun.misc.Unsafe`. \\We should disallow access to any of the packages that are forbidden by the default Java sandbox security policy. See the `package.access` key in jre/lib/security/java.se",corda,,40976869,1082516311,,security; unsafe,sandbox,sandbox,5,moderate,contextual,contextual,1,Discusses restricting packages per the Java sandbox security policy.
283248492,"Correct, the reason i have removed is that when you trying for custom authentication customer will not provide password in secret store, and  [secret](https://github.com/mesosphere/dcos-commons/pull/3030/files#diff-fe0c20da1fba698643bc101afa99c204L15) wi",dcos-commons,,61547182,1391931498,,,authentication; password; secret,authentication; secrets,3,weak,weak,weak,0,"Security-related keyword appears in a normal programming/documentation context, not describing an actual weakness."
282500842,That's what it seems to be according to the doc:\https://doc.sm.tc/station/authmodes.html#tls-server-authentication-and-client-token,lorawan-stack,,62118933,1390211232,,,authentication; token; tls,authentication; secrets; cryptography,3,weak,weak,weak,0,"Security-related keyword appears in a normal programming/documentation context, not describing an actual weakness."
235304929,"Again, as above, the option added is `one-way` and thus will not allow for encryption of token values. It's possible to alter that, but with my rationale in the opening statement, we should avoid encryption in all cases where authorization flow does not ",doorkeeper,Ruby,49897280,1205628684,,,authorization; token; encryption,authorization; secrets; cryptography,3,weak,weak,weak,1,Discusses a real limitation: the option won't allow encryption of token values.
247564851,"We don't have a signature here, just a secret (like the token validation for generic webhooks). So, that's part of the request, not for the payload.",readthedocs.org,Python,50751077,1256629656,,payload,secret; token; validation,exploitation; secrets; input_validation,5,moderate,contextual,contextual,2,Explains secret vs. signature handling for webhook validation; security-relevant but no weakness stated.
228384762,"should this read:\\```suggestion\    it(`returns false if xpackInfo.feature('security').getLicenseCheckResults().authenticate is false`, async () => {\```\?",kibana,JavaScript,48401532,1180261123,,security,authenticate,authentication,3,moderate,contextual,contextual,0,"Security-related keyword appears in a normal programming/documentation context, not describing an actual weakness."
275600197,"![Codacy](https://app.codacy.com/assets/images/favicon.png) Issue found: [The \""WordPress.XSS.EscapeOutput\"" sniff has been renamed to \""WordPress.Security.EscapeOutput\"". Please update your custom ruleset.](https://app.codacy.com/app/pixelcollective/ndn",ndncollective.org,PHP,60264463,1365872285,xss,security,,injection,7,strong,high_confidence,high_confidence,0,Automated tooling notice about a renamed lint rule (WordPress.XSS.EscapeOutput -> WordPress.Security.EscapeOutput); not a discussion of an actual weakness.
279414243,If the tests were concerned about the cryptographic identity of the the data base the test should just compare the Merkle roots for the respective payload data structures.,chainweb-node,Haskell,61124940,1376218415,,payload,cryptographic,exploitation; cryptography,3,moderate,contextual,contextual,0,"Security-related keyword appears in a normal programming/documentation context, not describing an actual weakness."
212084875,"@afishbeck - please look over this. This is the standard approach to using public/private key to secure a oneshot secret symmetric [aes] key to encrypt the data, such that the receiver can use it's private key to get the symmetric key to decrypt.\\Th",HPCC-Platform,C++,44462008,1109373461,,,secret; encrypt; decrypt,secrets; cryptography,3,weak,weak,weak,2,Asks a reviewer to check a key-exchange design; security-relevant but no weakness confirmed.
276743517,"```suggestion\* If they exist, the name of the `Secret` for the certificate used for TLS Server Authentication and the key under which the certificate is stored in the `Secret`\```",strimzi-kafka-operator,Java,60509999,1367350849,,,authentication; secret; tls; certificate,authentication; secrets; cryptography,4,weak,weak,weak,0,"Security-related keyword appears in a normal programming/documentation context, not describing an actual weakness."
235897671,"I would add something like: for security reasons, it's recommended to enable TLS encryption of the registry.\\Also drop the leading `/` from `/certs/domain.crt`, it gives the impression this file is going to live under the root of the system",doc-caasp,,45685324,1212705355,,security,tls; encryption,cryptography,4,moderate,contextual,contextual,0,"Security-related keyword appears in a normal programming/documentation context, not describing an actual weakness."
236359332,"Major: what do you think happens if a client calls `PSA_CRYPTO_FREE` without a corresponding `PSA_CRYPTO_INIT`?\\I'm rating this ""major"" and not ""critical"" because it's a critical security issue, but this version is for evaluation only, so it's ok to",mbed-os,,50064828,1215755357,security issue,security,,vulnerability,7,strong,high_confidence,high_confidence,1,Discusses a critical security issue from calling PSA_CRYPTO_FREE without init.
196108000,"> IMO the invariant here is that TLS encrypt on a socket/port requires a cert.\\AFAICT, the `secure.encryptTransport` condition in question is not about doing TLS encryption (which would require a certificate indeed). The condition is more general. I",squid,C++,40623828,1042454726,,,tls; certificate; encryption; encrypt,cryptography,4,weak,weak,weak,0,"Security-related keyword appears in a normal programming/documentation context, not describing an actual weakness."
210113053,"In case of TLS sidecar, the purpose is to encrypt or decrypt the communication between {ProductName} components and Zookeeper.\Zookeeper does not support TLS encryption natively.\Therefore {ProductName} uses the sidecar to add the TLS support.\\T",strimzi-kafka-operator,Java,43932130,1101335176,,,tls; encryption; encrypt; decrypt,cryptography,4,weak,weak,weak,0,"Security-related keyword appears in a normal programming/documentation context, not describing an actual weakness."
267207879,"@htuch AFAIK prefix wildcard certs will/should not work with SNI. Although it is technically possible to create a certificate with a name, say, `mail.*`, I doubt any trusted CA would issue such certificate due to security reasons. I could imagine such sc",envoy,C++,58093054,1332557264,,security,certificate,cryptography,3,moderate,contextual,contextual,0,"Security-related keyword appears in a normal programming/documentation context, not describing an actual weakness."
245714486,```suggestion\Pass TLS Client Cert `infos` defines how the certificate data are added to a `X-Forwarded-Ssl-Client-Cert-Infos` header.  \```,traefik,Go,51898835,1244887534,,,tls; ssl; certificate,cryptography,3,weak,weak,weak,0,"Security-related keyword appears in a normal programming/documentation context, not describing an actual weakness."
261772240,"References must consist of two elements.\\```ruby\         [\           [ 'CVE', '2019-0724' ],\           [ 'URL', 'https://dirkjanm.io/abusing-exchange-one-api-call-away-from-domain-admin/' ]\         ],\```",metasploit-framework,Ruby,55864393,1310624627,cve,,,vulnerability,5,strong,high_confidence,high_confidence,2,Lists CVE reference formatting for an exploit module; minimal discussion of the underlying issue.
285307140,"Based on [this doc](https://github.com/etcd-io/etcd/blob/master/Documentation/op-guide/security.md): \""empty will be auto-populated by Go\"". So maybe the values listed [here](https://golang.org/pkg/crypto/tls/#pkg-constants) would be the defaults?",sensu-docs,Ruby,62646515,1398511081,,security,tls,cryptography,3,moderate,contextual,contextual,0,"Security-related keyword appears in a normal programming/documentation context, not describing an actual weakness."
242641961,I wasn't sure whats the name for memory corruption. Sure will add.,advisory-db,,52004639,1243729970,memory corruption,,,memory_safety,5,strong,high_confidence,high_confidence,1,Advisory-db entry documenting an actual memory corruption vulnerability.
249783205,"In my testing, I wasn't able to use the Code app at all when connecting to a non-code node. The repository list did not populate, and I couldn't create any new repositories either.\\It's not a security issue, but it does appear to render the multi-in",kibana,JavaScript,51566245,1272026890,security issue,security,,vulnerability,7,strong,high_confidence,high_confidence,2,Explicitly concludes something is 'not a security issue' after consideration.
261306861,"```suggestion\We will use a AWS owned Customer Master Key for the Sessions Dynamo DB tables to encrypt session tokens, and not push encryption keys into containers.\```",opg-refunds,PHP,56822536,1319700501,,,session; encryption; encrypt,authentication; cryptography,3,weak,weak,weak,1,Proposes using an AWS-owned key to encrypt session tokens instead of embedding keys in containers.
285167622,"```suggestion\Especially if you are handling personal or sensitive data, you need to ensure the cloud option is compliant with any data protection rules the data is bound by.\To add an additional layer of security, you should encrypt devices and/or f",the-turing-way,,62704368,1398079433,,security,encrypt,cryptography,3,moderate,contextual,contextual,0,"Security-related keyword appears in a normal programming/documentation context, not describing an actual weakness."
278927136,??? ???? ?????????? ???????????? htmlspecialchars ??? ?????????? xss,957843-yeticave-9,HTML,60980139,1374189071,xss,,,injection,5,strong,high_confidence,high_confidence,1,Discusses applying htmlspecialchars to prevent XSS.
248618169,"I'm OK pointing to RH for the CVE - or we can point to one of the core sources such as https://cve.mitre.org/cgi-bin/cvename.cgi?name=CVE-2015-2877 - which are referenced off the RH item, so not a biggy.",documentation,,53654450,1272516572,cve,,,vulnerability,5,strong,high_confidence,high_confidence,2,"Discusses which source to cite for a CVE; editorial, not a weakness discussion."
245432026,CVE-2018-20071 not found here also.,cvelist,,52791590,1258083420,cve,,,vulnerability,5,strong,high_confidence,high_confidence,1,Discusses a real CVE entry missing from the list.
234234643,"This could lead to sql injection, since `@analysisName` can come from user input (for feature criteria).  What we have done with this situation in the past is that we have a separate metadata table for an execution where we populate the 'analysis lookup'",WebAPI,Java,48612117,1205389066,sql injection,,,injection,5,strong,high_confidence,high_confidence,1,Flags real SQL injection risk from user-controlled input.
279633248,"```suggestion\`dangerouslySetInnerHTML` ??? ?????? ?? React ?????? ?-`innerHTML` ?-DOM ?? ??????. ????? ????, ????? HTML ????? ??? ?????? ?????? ??? ?? ????? ????? ?? ???????? ??? ?[????? XSS](https://en.wikipedia.org/wiki/Cross-site_scripting) .????? ",he.reactjs.org,JavaScript,60579096,1379517399,xss,,,injection,5,strong,high_confidence,high_confidence,1,Discusses real XSS risk from dangerouslySetInnerHTML.
275588852,"![Codacy](https://app.codacy.com/assets/images/favicon.png) Issue found: [The \""WordPress.XSS.EscapeOutput\"" sniff has been renamed to \""WordPress.Security.EscapeOutput\"". Please update your custom ruleset.](https://app.codacy.com/app/pixelcollective/ndn",ndncollective.org,PHP,60264463,1365817021,xss,security,,injection,7,strong,high_confidence,high_confidence,0,Automated tooling notice about a renamed lint rule (WordPress.XSS.EscapeOutput -> WordPress.Security.EscapeOutput); not a discussion of an actual weakness.
266777115,```suggestion\This document describes how [TLS 1.3](https://tools.ietf.org/html/rfc8446) is used to secure libp2p connections. Endpoints authenticate to their peers by encoding their public key into a x509 certificate extension. The protocol described ,specs,,56803256,1333474431,,,authenticate; tls; certificate,authentication; cryptography,3,weak,weak,weak,0,"Security-related keyword appears in a normal programming/documentation context, not describing an actual weakness."
225707172,Buffer overflow.,frr,C,47654620,1167530743,buffer overflow,,,memory_safety,5,strong,high_confidence,high_confidence,1,Flags a buffer overflow directly.
249448988,"If you don't delete `csrf:`, you need to remove it from the caller...\\```\app/javascript/http_api/http.js\13:    csrf: true,\28:    csrf: true,\```",manageiq-ui-classic,Ruby,53528468,1276568462,csrf,,,injection,5,strong,high_confidence,high_confidence,1,Discusses removing/handling CSRF configuration flags in code.
217690160,Removing values from cache without notifying listeners or cache writers more looks like an security issue than correct behaviour.,ignite,Java,41657789,1133543149,security issue,security,,vulnerability,7,strong,high_confidence,high_confidence,1,Flags a real security issue: cache eviction without notifying listeners.
227216443,"I think the component should be rename.\First of all, there is difference between Authentication and Authorization. Authorization is granting permission to do something.\UserAuthNavLinks ?\I also would like to keep user profile in separate componen",peerania-web,JavaScript,48141810,1175427328,,,authentication; authorization; permission,authorization; authentication,3,weak,weak,weak,0,"Security-related keyword appears in a normal programming/documentation context, not describing an actual weakness."
267605810,Rewrite line #37 as:\`Use the tool of your choice to generate the public key representation which is required to validate the authentication token. Here is a Python example based on the cryptography module (which uses OpenSSL as its back-end) which is ,dcos-docs-site,JavaScript,56595914,1327091188,,,authentication; token; cryptography,authentication; secrets; cryptography,3,weak,weak,weak,0,"Security-related keyword appears in a normal programming/documentation context, not describing an actual weakness."
275922002,I think mutual TLS is better than Mutual Transport Layer Security ,openshift-docs,CSS,59873156,1366804395,,security,tls,cryptography,3,moderate,contextual,contextual,0,"Security-related keyword appears in a normal programming/documentation context, not describing an actual weakness."
207031230,Hey Ed! Not sure I get why should this be a distinct PR: its basically the core modification to allow both previous `ssl_context` setup and allow new TLS certificate information needed to perform the SSL authentication. Do you agree?\,werkzeug,Python,30622303,1014654263,,,authentication; tls; ssl; certificate,authentication; cryptography,4,weak,weak,weak,0,"Security-related keyword appears in a normal programming/documentation context, not describing an actual weakness."
261412696,"Yes, https://github.com/dotnet/corefx/blob/master/src/Common/src/System/Security/Cryptography/Asn1/asn.xslt",corefx,C#,56828636,1319741403,,security,cryptography,cryptography,3,moderate,contextual,contextual,0,"Security-related keyword appears in a normal programming/documentation context, not describing an actual weakness."
225675334,"I think the short answer is you don't do this for either username or password.  We have moved to reference by key names for the passwords and usernames throughout the codebase for security reasons.  If you need passwords specified, doing so in the Helm `",istio,,47679720,1168991073,,security,password,authentication; secrets,3,moderate,contextual,contextual,1,"Discusses moving to key-name references instead of plaintext passwords, for security reasons."
228690151,Won't this be the session JSON string as opposed to the secret token alone? In the iOS implementation there's all that JSON parsing that's missing here.,expo,Objective-C,48469180,1181320141,,,secret; token; session,authentication; secrets,3,weak,weak,weak,0,"Security-related keyword appears in a normal programming/documentation context, not describing an actual weakness."
193015286,servant-auth always sets also csrf cookie alongside session.,cachix,Nix,40387220,1031279616,csrf,,session,injection; authentication,6,strong,high_confidence,high_confidence,0,"Security-related keyword appears in a normal programming/documentation context, not describing an actual weakness."
264005503,"```suggestion\To test SSL/TLS encryption, use port `5349`.\```",community-content,,57645724,1325585702,,,tls; ssl; encryption,cryptography,3,weak,weak,weak,0,"Security-related keyword appears in a normal programming/documentation context, not describing an actual weakness."
239203003,```suggestion\There are two separate systems that need to be configured separately to encrypt communication within the cluster: gossip encryption and TLS. TLS is used to secure the RPC calls between agents. Gossip encryption is secured with a symmetric,consul,Go,51140858,1228243181,,,tls; encryption; encrypt,cryptography,3,weak,weak,weak,0,"Security-related keyword appears in a normal programming/documentation context, not describing an actual weakness."
260967840,"The current regex allows XSS to get through. The following suggestion should be strict enough to prevent it.\```suggestion\    (id =~ /\\A\\d{1,9}\\Z/i)&.zero?\```\\The XSS example I used: `{% blogcast 123131\\\""onload=\""alert()\"" %}`",dev.to,,56605924,1316167806,xss,,,injection,5,strong,high_confidence,high_confidence,1,Flags a real XSS gap in a regex and proposes a fix.
284112757,No need to use String.format - unsecure for sql injection,online_cash_nzagurskaya,,62468066,1394724592,sql injection,,,injection,5,strong,high_confidence,high_confidence,1,Flags unsafe SQL injection risk directly.
214600910,If this change does not modify the prints that appear in `mbed-os-example-tls/tests/tls-client.log` then this will not impact the CI. Any additional prints are ignored.,mbed-os-example-tls,C++,27144840,1110683359,,impact,tls,cryptography,3,moderate,contextual,contextual,0,"Security-related keyword appears in a normal programming/documentation context, not describing an actual weakness."
277491448,"In this case it does not, but I thought it should be good to at least mention it.\\In some web apps built with PHP, there's a standard `PHPSESSION` token. Although it is not  a straight forward security issue, it might give away the app's technology.",secDevLabs,CSS,60272911,1368113302,security issue,security,token,vulnerability; secrets,8,strong,high_confidence,high_confidence,1,Discusses a real (if minor) information-disclosure risk from a session token fingerprinting the app.
259893918,"This is outdated. You can specify a customer token in the header to perform all the tasks in this topic except for generating the customer token.  Session authentication still works, though.\\Rewrirte this paragraph to favor customer tokens.",devdocs,HTML,56591787,1315955249,,,authentication; token; session,authentication; secrets,3,weak,weak,weak,0,"Security-related keyword appears in a normal programming/documentation context, not describing an actual weakness."
199545435,This is what Sinatra returns to the client a 500.\\```\< HTTP/1.1 500 Internal Server Error\< Content-Type: text/html;charset=utf-8\< X-XSS-Protection: 1; mode=block\< X-Content-Type-Options: nosniff\< X-Frame-Options: SAMEORIGIN\< Conten,govwifi-user-signup-api,,41819910,1058774968,xss,,,injection,5,strong,high_confidence,high_confidence,0,"Security-related keyword appears in a normal programming/documentation context, not describing an actual weakness."
225224596,One final comment ... the description should include the product and version info included in the 'affects' object as our goal is to use it as-is to populate the entry in the CVE List.,cvelist,,47673366,1167849221,cve,,,vulnerability,5,strong,high_confidence,high_confidence,1,Discusses proper documentation of an actual CVE entry.
269409672,dot net core recently did a security fix where they started clearing Authorization headers on redirect. https://github.com/dotnet/corefx/pull/32776,azure-pipelines-agent,C#,58599763,1340668639,,security,authorization,authorization,3,moderate,contextual,contextual,1,References a real security fix: clearing Authorization headers on redirect.
280275190,"```suggestion\For standalone builds, as explained above, your own machine would need to be compromised for a malicious actor to have access to your username and password. They would also need to have access to your two-factor authentication code genera",expo,Objective-C,61491967,1381705370,,malicious,authentication; password,exploitation; authentication; secrets,4,moderate,contextual,contextual,1,Discusses the real threat model for what a malicious actor would need to compromise credentials.
200326677,![Codacy](https://app.codacy.com/assets/images/favicon.png) Issue found: [Possible SQL injection vector through string-based query construction.](https://app.codacy.com/app/201452004/orbitdeterminator/pullRequest?prid=1779428),orbitdeterminator,,40920632,1061794068,sql injection,,,injection,5,strong,high_confidence,high_confidence,1,Automated scan flags a possible SQL injection vector.
245515159,"Yeah, it's use-after-free, which sanitizers will complain about, so you should exclude them, but tcmalloc won't have time to repurpose the memory, if you're going to check it right away, IMHO.",envoy,C++,52413282,1260357630,use-after-free,,,memory_safety,5,strong,high_confidence,high_confidence,1,Discusses a real use-after-free bug and sanitizer behavior.
214634981,`Token` makes my mind think about authentication / Authorization. Is this a common terminology used for throttling as well?,http4s,Scala,45059567,1120438328,,,authentication; authorization; token,authorization; authentication; secrets,3,weak,weak,weak,0,"Security-related keyword appears in a normal programming/documentation context, not describing an actual weakness."
263419156,"Please don't do this. it will lead to potential for a XSS attack, as this is being set broadly.\Instead, apply `html_safe` on the string with html in itself (`./app/controllers/users/registrations_controller.rb:30`)",govwifi-admin,,57397255,1323232015,xss,attack,,exploitation; injection,7,strong,high_confidence,high_confidence,1,Flags a real XSS attack risk from broadly-applied HTML and proposes a fix.
241922866,"BoringSSL does support Bazel (which is how we're building the non-FIPS version), but the build instructions in the [Security Policy for BoringCrypto module](https://csrc.nist.gov/CSRC/media/projects/cryptographic-module-validation-program/documents/secur",envoy,C++,51686907,1236176140,,security,cryptographic; validation,cryptography; input_validation,4,moderate,contextual,contextual,0,"Security-related keyword appears in a normal programming/documentation context, not describing an actual weakness."
280057270,"I think that would be pretty cool from a security standpoint, but I think we'd need a mechanism for the client to indicate that it was \""done\"" with the password value and we don't have that right now.",logstash,Ruby,59147595,1380544802,,security,password,authentication; secrets,3,moderate,contextual,contextual,1,Discusses a real security improvement: clearing password values from memory.
202761531,these files all need different weights. they are all the same: \\```\    - Rancher Server URL\    - Authentication\    - RBAC\    - Pod Security Policies```,docs,,42352563,1069288675,,security,authentication,authentication,3,moderate,contextual,contextual,0,"Security-related keyword appears in a normal programming/documentation context, not describing an actual weakness."
265724364,```suggestion\## Step 3 - Get Let's Encrypt certificate for basic SSL connections\```,community-content,,58079493,1332353151,,,ssl; certificate; encrypt,cryptography,3,weak,weak,weak,0,"Security-related keyword appears in a normal programming/documentation context, not describing an actual weakness."
202761361,these files all need different weights. they are all the same: \\```\    - Rancher Server URL\    - Authentication\    - RBAC\    - Pod Security Policies,docs,,42352563,1069288675,,security,authentication,authentication,3,moderate,contextual,contextual,0,"Security-related keyword appears in a normal programming/documentation context, not describing an actual weakness."
204902638,"How's this? \`During a login.gov security review, we found a problem with your password. Although we did not see any suspicious activity on your login.gov account, we have disabled your old password. Please reset your password to continue using login.g",identity-idp,Ruby,42637498,1076492821,,security,password,authentication; secrets,3,moderate,contextual,contextual,1,Describes an actual security-review response disabling a compromised password.
257336165,"```suggestion\*IAM* authentication available in various cloud providers is not supported, so your Kubernetes cluster needs to have either certificate-based or password-based authentication configured.\```",PublicKB,Shell,55724393,1297866667,,,authentication; password; certificate,authentication; secrets; cryptography,3,weak,weak,weak,0,"Security-related keyword appears in a normal programming/documentation context, not describing an actual weakness."
230599098,"Ok, nice. Doe het dan ook maar bij alle andere velden (in ieder geval bij alle string velden), want hoewel daar meestal geen multiline strings voorkomen kunnen ze wel worden ingevoerd op die manier en daar kan potentieel een XSS attack mee worden uitgevo",csrdelft.nl,,48762179,1190977049,xss,attack,,exploitation; injection,7,strong,high_confidence,high_confidence,1,Discusses real XSS attack risk extending to other input fields.
230056258,including the username in the E-Mail is a security flaw.\Intercepting the E-Mail would give you full access.\Knowing the E-Mail address of a registered administrator is sufficient to take over the software.,OpenSlides,Python,47294433,1187678119,security flaw,security; flaw,,vulnerability,9,strong,high_confidence,high_confidence,1,Flags an actual security flaw: username exposure in email enabling account takeover.
255334868,"at the time, and to make it secure, it was quicker to add xss_clean in the controllers right before calling a view.\The same way it's checked for any SQL injection before getting to the database in the models.\\Move everything to view makes the vie",opensourcepos,PHP,54917664,1292867979,sql injection,,,injection,5,strong,high_confidence,high_confidence,1,"Discusses real XSS/SQL injection prevention measures (xss_clean, parameterized checks)."
283959703,Try to make it more conversational in tone by using common contractions and close paren:\\* `none` - Use this with clients that don't have a client secret (such as applications that use the [authorization code flow with PKCE](/authentication-guide/im,okta-developer-docs,HTML,62407634,1394042077,,,authentication; authorization; secret,authorization; authentication; secrets,3,weak,weak,weak,0,"Security-related keyword appears in a normal programming/documentation context, not describing an actual weakness."
277418580,"> Basically this currently lets someone just hit this URL directly and completely bypass the need to type in a password at all (unless I'm misinterpreting this?).\\Yeah, this looks correct. Major oversight on my part -- I thought that `uses_session` ",warehouse,Python,57983205,1370363421,,bypass,password,authorization; authentication; secrets,3,moderate,contextual,contextual,1,Describes an actual vulnerability: bypassing password entry by hitting a URL directly.
210984603,"I suggest to move this function into `https://github.com/istio/istio/blob/master/security/pkg/pki/ca/controller/secret.go`.\`util`, `common` are not suggested package names and we should avoid conflating them when possible, https://blog.golang.org/pack",istio,,44200473,1104150403,,security,secret,secrets,3,moderate,contextual,contextual,0,"Security-related keyword appears in a normal programming/documentation context, not describing an actual weakness."
265404915,This is doing a shallow copy of the `ASN1_OCTET_STRING`. If `sm2_id` is allocated on the heap and then freed you'll be left with `x` storing a `ASN1_OCTET_STRING` with it's `data` pointer deallocated which will result in memory corruption.,openssl,C,56561251,1329712014,memory corruption,,,memory_safety,5,strong,high_confidence,high_confidence,1,Explains a real memory corruption bug from a shallow copy of freed data.
201765729,The value for the 'name' attribute for 'https://www.juniper.net/documentation/en_US/junos/topics/example/security-https-traffic-to-trigger-pass-through-authentication-configuring.html' in the references object should be the same as the URL since 'refsour,cvelist,,42280254,1067878583,,security,authentication,authentication,3,moderate,contextual,contextual,0,"Security-related keyword appears in a normal programming/documentation context, not describing an actual weakness."
216423860,Calls to fetch URLs using different protocols (http vs https) and different ports will share the same session. I don't know if that will result in some subtle security issue.,tuf,Python,44953766,1123830026,security issue,security,session,vulnerability; authentication,8,strong,high_confidence,high_confidence,1,Discusses a real (if subtle) security issue from sharing sessions across protocols/ports.
278120856,_This policy allows service exposure without authentication._,apicast,Lua,60846941,1372430820,,exposure,authentication,authentication,3,moderate,contextual,contextual,1,States a real security gap: a policy allows service exposure without authentication.
219545347,"Why is SSL-specific code not in ssl_security_connector.cc?\\If the reason for this is that you ultimately want it to be used by multiple security connectors, then I suggest moving it to its own file.  That way, it can be dependended on by any securit",grpc,C,45709165,1132797281,,security,ssl,cryptography,3,moderate,contextual,contextual,0,"Security-related keyword appears in a normal programming/documentation context, not describing an actual weakness."
221131452,"Just fixed this to do exactly what the html example does, it just assigns the styles to the Node styles so we shouldn't have to worry about XSS.",storybook,JavaScript,46468258,1147940868,xss,,,injection,5,strong,high_confidence,high_confidence,1,Discusses a fix that avoids an XSS risk.
198565454,"Need to check that `topicNameLen < TOPIC_NAME_MAX_LENGTH`.  Otherwise, this introduces a memory corruption bug.",aws-iot-device-sdk-embedded-C,C,41585899,1054052414,memory corruption,,,memory_safety,5,strong,high_confidence,high_confidence,1,Flags a real memory corruption bug from a missing bounds check.
223969709,\To report a security issue  please email us at [build@hasura.io](mailto:build@hasura.io) with all the details  attaching all necessary information.\,graphql-engine,JavaScript,47273167,1161961307,security issue,security,,vulnerability,7,strong,high_confidence,high_confidence,0,"Security-related keyword appears in a normal programming/documentation context, not describing an actual weakness."
285666982,"Albeit it is just for testing, still it is better to follow best practices since change is trivial\Please send user and password as headers\\https://www.owasp.org/index.php/Information_exposure_through_query_strings_in_url\https://security.stacke",datasafe,Java,62914760,1401193487,,security,password,authentication; secrets,3,moderate,contextual,contextual,1,Discusses real security best practice: avoiding password/user exposure via query strings.
240355249,"Please do not remote this, add a condition to bypass the reset password method.",Rocket.Chat,CoffeeScript,51384537,1232071147,,bypass,password,authorization; authentication; secrets,3,moderate,contextual,contextual,1,Discusses adding a real bypass condition to the password reset method.
225314432,"This could be a security issue if the user expects the group mapping to work but it silently fails. Perhaps we could disable FUSE group mapping by default, and error out if the user tries to map an unknown user/group? ",alluxio,Java,47691491,1168150499,security issue,security,,vulnerability,7,strong,high_confidence,high_confidence,1,Flags a real security issue: silent failure of group mapping.
243306460,"This logic is already done by the `nuxeo-input`, since we're using a `pattern` here. This circumvents input validation, we will fail to display feedback to the user in a couple of scenarios, with the most notable being when the user types a password and ",nuxeo-ui-elements,JavaScript,52074583,1245813964,,,password; validation; input validation,authentication; secrets; input_validation,3,weak,weak,weak,2,Describes a functional input-validation bug; unclear if it has real security impact.
255308758,Do you need to disable csrf?,tutorials,XSLT,54898911,1292720031,csrf,,,injection,5,strong,high_confidence,high_confidence,2,Bare question about disabling CSRF with no further context.
232460440,Why was `CVE-2018-14644` not listed here?,aports,C,49435346,1197482269,cve,,,vulnerability,5,strong,high_confidence,high_confidence,2,Bare question about a missing CVE reference with no further context.
221184519,Can't use `ConstructingObjectParser` as this API [returns an array of Objects](https://www.elastic.co/guide/en/elasticsearch/reference/current/security-api-ssl.html#_results_15),elasticsearch,Java,46553916,1148627552,,security,ssl,cryptography,3,moderate,contextual,contextual,0,"Security-related keyword appears in a normal programming/documentation context, not describing an actual weakness."
245825538,"> Which case was it needed? (I am worried that there is a bug that this is masking.)\\This one, L88.  Without this Clear call, this test fails:\```\      System.Security.Cryptography.X509Certificates.Tests.ExtensionsTests.KeyUsageExtension_BER [F",corefx,C#,52984368,1261584233,,security,cryptography,cryptography,3,moderate,contextual,contextual,0,"Security-related keyword appears in a normal programming/documentation context, not describing an actual weakness."
218145278,"Would be good to get a comment saying what the token is, or maybe a more specific name. And (out of interest) is it used to authenticate when creating a password for a guest account?",support-frontend,,45885508,1136483886,,,authenticate; password; token,authentication; secrets,3,weak,weak,weak,0,"Security-related keyword appears in a normal programming/documentation context, not describing an actual weakness."
272135057,"On second look, you are spot on. Using O_PATH still requires directory traversal permissions. I will adjust the code.",snapd,Go,58401540,1351886207,directory traversal,,,path_traversal,5,strong,high_confidence,high_confidence,1,Confirms a real directory traversal permission concern.
280391460,"```suggestion\The certificate trust type issues authentication certificates to end users.  Users authenticate using a certificate requested using a hardware-bound key created during the built-in provisioning experience.  Unlike key trust, certificate t",windows-itpro-docs,PowerShell,61523704,1382151447,,,authentication; authenticate; certificate,authentication; cryptography,3,weak,weak,weak,0,"Security-related keyword appears in a normal programming/documentation context, not describing an actual weakness."
214316931,add one more property `vertex_label = CVE`. vertex_label is indexed and can be used in the queries as explained above.,fabric8-analytics-data-model,Python,44973618,1118631040,cve,,,vulnerability,5,strong,high_confidence,high_confidence,0,"Security-related keyword appears in a normal programming/documentation context, not describing an actual weakness."
276512385,be good to set basePath also through `attr()` otherwise we may run into XSS again (not sure that this would fully prevent it though),matomo,PHP,60471661,1367078088,xss,,,injection,5,strong,high_confidence,high_confidence,1,Discusses a fix for a real XSS risk.
287191914,```suggestion\The value from calling <xref:System.Security.Cryptography.Pkcs.SignedCms.Encode?displayProperty=nameWithType> can be interpreted again as an <xref:System.Security.Cryptography.Pkcs.Rfc3161TimestampToken> via another call to <xref:System.S,dotnet-api-docs,Shell,63279833,1405671578,,security,cryptography,cryptography,3,moderate,contextual,contextual,0,"Security-related keyword appears in a normal programming/documentation context, not describing an actual weakness."
249605690,"```suggestion\	// GenerateCert generates a Secret containing the TLS encryption key and cert,\```",operator-sdk,Go,53944404,1277142206,,,secret; tls; encryption,secrets; cryptography,3,weak,weak,weak,0,"Security-related keyword appears in a normal programming/documentation context, not describing an actual weakness."
284592006,"one-time-use variables could  be avoided\ ```suggestion\            jwt.verify(token, conf.secret + user[0]['password'], function (err, decode) {\```",damas-core,JavaScript,62524052,1395718471,,,password; secret; token,authentication; secrets,3,weak,weak,weak,0,"Security-related keyword appears in a normal programming/documentation context, not describing an actual weakness."
266931460,"While you are changing this, can you remove mutual TLS ? It has minimal impact as compared to others on the list ",istio.io,,58176613,1333879233,,impact,tls,cryptography,3,moderate,contextual,contextual,1,"Discusses removing mutual TLS, a real security-relevant code change."
269652728,@stsewd \`{% crispy form %}` renders\```html\<form>\  <!-- csrf token -->\  <!-- content -->\</form>\```\And we have wrapped this in outer `<form>` tag and it is finally rendering something like this.\![Screenshot from 2019-03-27 21-50-,readthedocs.org,Python,58123825,1337283188,csrf,,token,injection; secrets,6,strong,high_confidence,high_confidence,0,"Security-related keyword appears in a normal programming/documentation context, not describing an actual weakness."
263807287,"https://referencesource.microsoft.com/#System.Security/system/security/cryptography/dataprotector.cs,07e03c337e51f308",mono,C#,57577503,1324474583,,security,cryptography,cryptography,3,moderate,contextual,contextual,0,"Security-related keyword appears in a normal programming/documentation context, not describing an actual weakness."
236696515,"> Technically this could cause a problem where the hashed secret of one application collides with the plaintext of another presenting a security issue, but the odds of that are so ridiculously low it's barely worth mentioning.\\Indeed. I suggest we a",doorkeeper,Ruby,49897280,1211300231,security issue,security,secret,vulnerability; secrets,8,strong,high_confidence,high_confidence,1,Discusses a real (if low-probability) security issue from hashed secret collisions.
275043606,"\""The Application ID of an Azure Search service, when registered as an Azure Active Directory application, for the purpose of serving as a security principle for authentication to Azure Key Vault. Omit this value if you are using a managed identity inste",azure-rest-api-specs,JavaScript,59590269,1362469624,,security,authentication,authentication,3,moderate,contextual,contextual,0,"Security-related keyword appears in a normal programming/documentation context, not describing an actual weakness."
251677522,"My gut says Yes!\\I've looked into it and have not found any ways I'm keen on to authenticate with hub.docker.com so that we can push images though. All paths appear to need a username/password for a `docker login`, or an auth token which expires aft",Mirza,Haskell,52670017,1280822815,,,authenticate; password; token,authentication; secrets,3,weak,weak,weak,0,"Security-related keyword appears in a normal programming/documentation context, not describing an actual weakness."
289576708,Fixing a typo so the `src` is an actual XSS attack,htlengine,,64119247,1415377931,xss,attack,,exploitation; injection,7,strong,high_confidence,high_confidence,1,Describes fixing a typo that was causing an actual XSS attack.
215412368,@danielzeller-okta @jakubvul Sorry  late to the game... Should we change this header too? Perhaps \Token claims for Client Authentication with Client Secret or Private Key JWT\,okta.github.io,HTML,45194420,1123067028,,,authentication; secret; token,authentication; secrets,3,weak,weak,weak,0,"Security-related keyword appears in a normal programming/documentation context, not describing an actual weakness."
279948203,```suggestion\  An auth method is a component in Consul that performs authentication against a trusted external party to authorize the creation of an appropriately scoped ACL token usable within the local datacenter.\```,consul,Go,59969151,1380315414,,,authentication; authorize; token,authorization; authentication; secrets,3,weak,weak,weak,0,"Security-related keyword appears in a normal programming/documentation context, not describing an actual weakness."
269273261,"From Replication Task Options table:\\Encryption algorithm to secure the connection. <i>Standard</i> provides the best security. <i>Fast</i> is less secure, but has better transfer rates for devices with limited cryptographic speed. <i>Disabled</i> i",webui,,58321986,1335885021,,security,encryption; cryptographic,cryptography,4,moderate,contextual,contextual,1,Discusses real security tradeoffs between encryption algorithm strength options.
237417566,Adding a comment of what type is actually stored helps to understand code better. e.g. `authorization unsafe.Pointer // *pb.SignedMessage`,storj,,50616764,1219698176,,unsafe,authorization,authorization,3,moderate,contextual,contextual,0,"Security-related keyword appears in a normal programming/documentation context, not describing an actual weakness."
206030969,"Right now, this calls only about encryption. Do we plan add the other modules about Authentication and Authorization here as well in the future? If not, we should probably rename it to just _Encryption_ instead of _Security_.",strimzi-kafka-operator,Java,43172668,1085150314,,,authentication; authorization; encryption,authorization; authentication; cryptography,3,weak,weak,weak,0,"Security-related keyword appears in a normal programming/documentation context, not describing an actual weakness."
237433036,Sure. But I strongly doubt removing the default sanitizers from `super.isSanitizer(node)` would lead to false positives for this query -- why would the attacker sanitize his own content? Keeping `node instanceof Sanitizer` is fine though.,ql,,50690978,1219699401,,attacker,sanitize,exploitation; input_validation,3,moderate,contextual,contextual,0,"Security-related keyword appears in a normal programming/documentation context, not describing an actual weakness."
249026977,"However, I am entirely concerned about the `setSigningKey(SECRET)` part:\* we are using a hardcoded password here that is published as OSS on github?\* we use a shared secret at all?\\IMHO we need to change this to assymetric encryption and allow",devon4j,,53694237,1273112883,,,password; secret; encryption,authentication; secrets; cryptography,3,weak,weak,weak,1,Flags a real concern: hardcoded password/shared secret published as OSS.
286813369,"@semun-lee, thank you for the response, please update to:\\Python: CVE-2019-9740 and CVE-2019-9636",tizen-docs,,62351484,1393349034,cve,,,vulnerability,5,strong,high_confidence,high_confidence,1,Discusses updating real CVE references.
219730827,we'll just need to make sure it can ideally not lead to any security issues. In other code it is applied before calling `sanitize` but calling it afterwards doesn't look as safe to me,matomo,PHP,45859028,1142880279,,security,sanitize,input_validation,3,moderate,contextual,contextual,1,Discusses a real security concern about the order of a sanitize call.
285357798,"Is it truly necessary to log client supported ciphers like so? What is the use-case? This will significantly increase the payload size for those logs. Example running the test locally with OpenSSL 1.1.0j and TLS 1.2:\```\supported_client_ciphers = \""",kong,Lua,62658610,1397296583,,payload,tls,exploitation; cryptography,3,moderate,contextual,contextual,0,"Security-related keyword appears in a normal programming/documentation context, not describing an actual weakness."
218255728,"The static analysis checkers often freak out when they see \""password\"" anywhere. I wanted to avoid that. I choose \""credentials\"" because Solr uses that word instead of \""password\"" in the `security.json` file.",ddf,Java,45775853,1136835575,,security,password,authentication; secrets,3,moderate,contextual,contextual,0,"Security-related keyword appears in a normal programming/documentation context, not describing an actual weakness."
207010838,Two sentences:\\Set to `true` (default) to enable the legacy fallback. See <<xpack-security-authorization>>\for more details.,kibana,JavaScript,42944199,1087042321,,security,authorization,authorization,3,moderate,contextual,contextual,0,"Security-related keyword appears in a normal programming/documentation context, not describing an actual weakness."
239720067,"We will try to load the certificate without the password. If that fails, we'll return null for certificate, which means, that we'll try to access our HTTP endpoint without it, which will likely result in an authentication error. \If there was an error,",VFSForGit,C#,49819705,1211265361,,,authentication; password; certificate,authentication; secrets; cryptography,3,weak,weak,weak,0,"Security-related keyword appears in a normal programming/documentation context, not describing an actual weakness."
275290538,"![Codacy](https://app.codacy.com/assets/images/favicon.png) Issue found: [The \""WordPress.XSS.EscapeOutput\"" sniff has been renamed to \""WordPress.Security.EscapeOutput\"". Please update your custom ruleset.](https://app.codacy.com/app/pixelcollective/ndn",ndncollective.org,PHP,60264463,1364947280,xss,security,,injection,7,strong,high_confidence,high_confidence,0,Automated tooling notice about a renamed lint rule (WordPress.XSS.EscapeOutput -> WordPress.Security.EscapeOutput); not a discussion of an actual weakness.
287119726,What are your thoughts with the below ordering?\\1. Design rationale\2. Business Use-Case\3. Module Listing\4. Deployment Steps\5. Features\    - Performance Load Testing\    - Scaling\    - Cost\    - Security\    - Authentication,cobalt,Shell,63271852,1405590780,,security,authentication,authentication,3,moderate,contextual,contextual,0,"Security-related keyword appears in a normal programming/documentation context, not describing an actual weakness."
271686422,"This header is sent by the user and then passed along to use for verifying the token. If I'm a malicious user, I can manipulate this header to point to my evil keycloak server that confirms that my token does infact authenticate me as the admin user - an",foreman,Ruby,57391942,1349793771,,malicious,authenticate; token,exploitation; authentication; secrets,4,moderate,contextual,contextual,1,Describes a real exploit: manipulating a header to fake token validation via an attacker-controlled server.
282671632,"I did not realise the API enforces a 10 char minimum encryption password (weird idea), therefore I thought the CLI was incorrectly using different validation rules to the API.",cardano-wallet,,53540191,1387104799,,,password; encryption; validation,authentication; secrets; cryptography; input_validation,3,weak,weak,weak,0,"Security-related keyword appears in a normal programming/documentation context, not describing an actual weakness."
241249811,"This test must only be performed if the packet is successfully authenticated (i.e. `crypto.decrypt(...)` below returns `Ok(())`). Otherwise, an off-path attacker could easily interrupt the connection by sending packets with mismatched key phase.",quinn,,50807652,1234364105,,attacker,decrypt,exploitation; cryptography,3,moderate,contextual,contextual,1,Discusses a real attack: an off-path attacker interrupting a connection via mismatched key phase.
238863269,That's not quite right either. You need to specifically check for the curve that your certificate uses. The code this was based on assumes server ECDSA certificates are always P-256. (P-256 receives by *far* the bulk of security hardening and performance,envoy,C++,50984425,1225488115,,security,certificate,cryptography,3,moderate,contextual,contextual,1,Discusses a real gap in certificate curve validation.
258024393,"Authentication based on IP _only_ is pretty weak, they only validate the host, and not the actual user. For more info:\\https://security.stackexchange.com/questions/4533/in-what-scenarios-is-relying-on-source-ip-address-as-a-security-control-acceptab",registry,JavaScript,55548849,1278904477,,security,authentication,authentication,3,moderate,contextual,contextual,1,"Flags IP-only authentication as weak, with a real explanation."
208732841,![Codacy](https://app.codacy.com/assets/images/favicon.png) Issue found: [Standard pseudo-random generators are not suitable for security/cryptographic purposes.](https://app.codacy.com/app/favio.vazquezp/Optimus/pullRequest?prid=2013067),Optimus,,43697446,1095382814,,security,cryptographic,cryptography,3,moderate,contextual,contextual,1,Automated scan flags weak PRNGs unsuitable for cryptographic purposes.
279207265,"I suppose not, but I don't know how long an authenticated session will last. I'd rather authenticate too often than have the component randomly fail because the authentication expired.\\Should probably not update too often anyway as Essent will only ",home-assistant,Python,61181995,1377559182,,,authentication; authenticate; session,authentication,3,weak,weak,weak,0,"Security-related keyword appears in a normal programming/documentation context, not describing an actual weakness."
228689514,"Since we're introducing a new authentication method, I think it'd be better to refactor this into the following:\\```\func (c *Controller) authenticate() error {\    // If a control password was provided, we'll assume the caller intends to use Ha",lnd,Go,47988571,1181318706,,,authentication; authenticate; password,authentication; secrets,3,weak,weak,weak,0,"Security-related keyword appears in a normal programming/documentation context, not describing an actual weakness."
256493578,"```suggestion\Holochain uses a modified version of the [capabilities](https://en.wikipedia.org/wiki/Capability-based_security) security model. Instead of the more familiar access control list (ACL) security model, Holochain DNA instances grant revokabl",holochain-rust,Rust,55392109,1296022010,,security,access control,authorization,3,moderate,contextual,contextual,0,"Security-related keyword appears in a normal programming/documentation context, not describing an actual weakness."
233064862,"yes, the setting is correct.\By default, security is enabled. However for our standalone configuration where the management HTTP interface is split from the application HTTP interface we disable authentication.",wildfly,Java,49431138,1201466883,,security,authentication,authentication,3,moderate,contextual,contextual,1,"Discusses disabling authentication for a management interface, a real security-relevant design choice."
200254645,"The syntax we previously used for such arrays is `(NormalizerInterface|DenormalizerInterface)[]`, like in https://github.com/symfony/symfony/blob/04b2c2db4f64174b9aca74f3cb60c84e55172807/src/Symfony/Component/Security/Core/Authentication/Token/UsernamePa",symfony,PHP,41871391,1061580918,,security,authentication; token,authentication; secrets,4,moderate,contextual,contextual,0,"Security-related keyword appears in a normal programming/documentation context, not describing an actual weakness."
222933482,bundle-audit started failing on CVE-2018-14404 as of ~8 hours ago because nokogiri released a new update with security fixes for this vulnerability. I'm ignoring the failure here but I've another PR that updates nokogiri: https://github.com/department-of,caseflow,Ruby,47012745,1156508920,cve,vulnerability; security,,vulnerability,9,strong,high_confidence,high_confidence,1,Discusses a real CVE and the security fix in a dependency update.
211516098,"This description sounds weird to me. Who or what can expose it to an attacker?\\Perhaps rephrase as \""Logging sensitive information without encryption or hashing (...)\"".",ql,,44306723,1107555484,,attacker,encryption,exploitation; cryptography,3,moderate,contextual,contextual,1,Discusses a real issue: sensitive information logged without encryption.
229462708,"I don't want to try a password against multiple users, it's a security problem.",hydroshare,Python,48743063,1185511351,,security,password,authentication; secrets,3,moderate,contextual,contextual,1,States a real security problem: trying a password against multiple users.
266843224,you could do\\```ruby\def get_email_from_token(token)\  if Settings.authentication.algorithm == 'plain-text'\    # ...\    token\  else\    ...\    payload['email']\  end\end\```,manage-courses-backend,Ruby,58157145,1333579299,,payload,authentication; token,exploitation; authentication; secrets,4,moderate,contextual,contextual,0,"Security-related keyword appears in a normal programming/documentation context, not describing an actual weakness."
228316916,"Instead of parsing `hadoop.security.authentication` yourself, you should be able to just call `UserGroupInformation.isSecurityEnabled()`",TonY,Java,46998185,1179973886,,security,authentication,authentication,3,moderate,contextual,contextual,0,"Security-related keyword appears in a normal programming/documentation context, not describing an actual weakness."
283118797,"Yes, indeed the CNSM is really a national variant. It follow the main of tls1.1, but it has lots of different from the official tls. Such as the version num, use double certificate when handshake (When encryption is required, use the encryption certifica",openssl,C,62229819,1391609797,,,tls; certificate; encryption,cryptography,3,weak,weak,weak,0,"Security-related keyword appears in a normal programming/documentation context, not describing an actual weakness."
275044895,"\""The application secret, also referred to as the authentication key value. This is the actual key used to authenticate to Azure Key Vault. When creating a key for a registered application, this is the string that is given when you save the key. This val",azure-rest-api-specs,JavaScript,59590269,1362469624,,,authentication; authenticate; secret,authentication; secrets,3,weak,weak,weak,0,"Security-related keyword appears in a normal programming/documentation context, not describing an actual weakness."
283074750,">It is not recommended to install additional certificate into your operating system's Root certificate store/keychain [](start = 11, length = 116)\\Adding certificates to the operating system's trusted root certificates increases the risk of incorrec",roslyn-analyzers,C#,62200820,1391282499,,risk,certificate,cryptography,3,moderate,contextual,contextual,1,Discusses a real security risk from installing additional root certificates.
224830275,i pretty much copied this and reducer.js from the csrf equivalent if that's right?,support-frontend,,47509854,1164954041,csrf,,,injection,5,strong,high_confidence,high_confidence,0,"Security-related keyword appears in a normal programming/documentation context, not describing an actual weakness."
285455792,"Double check with Xeuming but I believe the intent was to show usage a of Custom Challenge Handler but as Xeuming pointed out before, the use of a `WebView` is a security issue. So I showed how to use with a web browser. Also, I believe they wanted it in",arcgis-runtime-samples-android,Java,56591259,1380270099,security issue,security,,vulnerability,7,strong,high_confidence,high_confidence,1,Flags a real security issue: use of WebView for a challenge handler.
287342041,Good point! So what attack vectors we are attempting to address with this. Naughty internal actors? SQL injection?,misk,,62537806,1395600680,sql injection,attack,,exploitation; injection,7,strong,high_confidence,high_confidence,1,"Discusses real attack vectors being addressed, including SQL injection."
231045879,"```\title: 'Authentication failed',\note: `Can't authenticate user ${username} in XOD API: ${status}`,\solution: 'Most likely, the password is incorrect but also ensure the username is spelled correctly'\```",xod,JavaScript,48708926,1191293382,,,authentication; authenticate; password,authentication; secrets,3,weak,weak,weak,0,"Security-related keyword appears in a normal programming/documentation context, not describing an actual weakness."
210356041,There is no way to do that because it can cause serious security issues.\If we want to show this banner for unauthorized users we must rid of authorization for `https://streamlabs.com/api/v5/slobs/announcement/get`\\However as I see you are disabli,streamlabs-obs,TypeScript,43874116,1101426898,,security,authorization,authorization,3,moderate,contextual,contextual,1,"Discusses a real, serious security issue from disabling authorization for an endpoint."
279937384,```suggestion\  The Kubernetes auth method type allows for a Kubernetes service account token to be used to authenticate to Consul. This method of authentication makes it easy to introduce a Consul token into a Kubernetes pod.\```,consul,Go,59969151,1380315414,,,authentication; authenticate; token,authentication; secrets,3,weak,weak,weak,0,"Security-related keyword appears in a normal programming/documentation context, not describing an actual weakness."
206601230,Maybe link here to /setup/security/authorization/#service-accounts/ or to /setup/security/authorization/service-accounts/,spinnaker.github.io,CSS,43295723,1086891913,,security,authorization,authorization,3,moderate,contextual,contextual,0,"Security-related keyword appears in a normal programming/documentation context, not describing an actual weakness."
223973863,Do we wanna calculate the longterm-credential token anyways even if no static auth secret is defined and twilio is going to be used?,server,Python,36735435,1162034674,,,credential; secret; token,authentication; secrets,3,weak,weak,weak,0,"Security-related keyword appears in a normal programming/documentation context, not describing an actual weakness."
270588774,"my bad - should've put auth server in initial caps:\\After your user is authenticated, your application has an access token in local storage that was issued by your Okta Authorization Server. You can use this token to authenticate requests made for p",okta-developer-docs,HTML,58656904,1345308418,,,authenticate; authorization; token,authorization; authentication; secrets,3,weak,weak,weak,0,"Security-related keyword appears in a normal programming/documentation context, not describing an actual weakness."
253434696,"Obviously the list may be longer, if the system should support both the certificate and password based authentication.",MongooseIM,Erlang,54459595,1292065727,,,authentication; password; certificate,authentication; secrets; cryptography,3,weak,weak,weak,0,"Security-related keyword appears in a normal programming/documentation context, not describing an actual weakness."
283289659,Make these links to https://cwe.mitre.org/data/definitions/120.html and https://cwe.mitre.org/data/definitions/131.html,ql,,62254843,1391986770,cwe,,,vulnerability,5,strong,high_confidence,high_confidence,1,References real CWE vulnerability classifications relevant to the code.
232432117,"I have to disagree about the security of store secrets in an environment variable. Environment variables are accesible by any process that runs in the user's environment, leaving them vulnerable. Any secret of significant value should not be stored as an",python-docs-samples,Python,49383361,1196540946,,vulnerable; security,secret,vulnerability; secrets,5,moderate,contextual,contextual,1,Discusses a real vulnerability: secrets left exposed via environment variables.
221457007,I added a comment [here](https://github.com/symfony/symfony/pull/28564#discussion_r221456445). If I understand correctly it seems that CSRF token does not always exist. So I can not set CsrfToken object directly as cause.,symfony,PHP,46227422,1150634782,csrf,,token,injection; secrets,6,strong,high_confidence,high_confidence,1,Discusses a real bug: CSRF token not always existing.
284354516,I was just looking into mutual authentication the other day. Do you think that would be a valid solution as well? Using mutual authentication would remove the need to validate the token on each request and only require a certificate when first opening a ,linux-job-worker,,62510446,1395219069,,,authentication; token; certificate,authentication; secrets; cryptography,3,weak,weak,weak,0,"Security-related keyword appears in a normal programming/documentation context, not describing an actual weakness."
289554289,"I think we should configure here and in the producer configuration options the forbidden options such as `ssl.`, `sasl.`, `security.protocol`, `bootstrap.servers`.",strimzi-kafka-operator,Java,63103974,1414979408,,security,ssl,cryptography,3,moderate,contextual,contextual,0,"Security-related keyword appears in a normal programming/documentation context, not describing an actual weakness."
224857794,https://www.mediawiki.org/w/api.php?notwikis=wikidatawiki%7Cenwiki&notlimit=max&action=query&notformat=model&meta=notifications&format=json&formatversion=2&notfilter=!read seems to work for me without a CSRF token,wikipedia-ios,Objective-C,46410075,1164899347,csrf,,token,injection; secrets,6,strong,high_confidence,high_confidence,0,"Security-related keyword appears in a normal programming/documentation context, not describing an actual weakness."
269235860,Is this form missing an `action` and `csrf` token?,atst,,58608693,1340962644,csrf,,token,injection; secrets,6,strong,high_confidence,high_confidence,1,"Raises a real, concrete question about a form missing CSRF protection."
284113373,No need to use String.format - unsecure for sql injection,online_cash_nzagurskaya,,62468066,1394724592,sql injection,,,injection,5,strong,high_confidence,high_confidence,1,Flags unsafe SQL injection risk directly (duplicate finding).
281819548,"I think I need to keep the routes defined in the old platform for the time being. The Spaces routes perform their own special authorization utilizing the security plugin, so until we move the security plugin's authc/authz to the new platform, I don't thi",kibana,JavaScript,60704408,1373189516,,security,authorization,authorization,3,moderate,contextual,contextual,0,"Security-related keyword appears in a normal programming/documentation context, not describing an actual weakness."
277444265,"Is this better:\\\""Managed CockroachDB uses TLS 1.2 for inter-node and client-node communication, digital certificates for inter-node authentication, [SSL modes](https://www.postgresql.org/docs/11/libpq-ssl.html) for node identity verification, and p",docs,CSS,60702263,1370364544,,,authentication; tls; ssl,authentication; cryptography,3,weak,weak,weak,0,"Security-related keyword appears in a normal programming/documentation context, not describing an actual weakness."
245489773,"A suggested path forward here:\\Extract an `Http::Session` class (see #306), and give it a first sense of an authorization token (e.g. `auth_token`?) and cookies, then selectively decide whether or not to *add* those to the headers of particular orig",http,Ruby,52665817,1256140252,,,authorization; token; session,authorization; authentication; secrets,3,weak,weak,weak,0,"Security-related keyword appears in a normal programming/documentation context, not describing an actual weakness."
194368271,"- [ ] Properly sanitize data read from the user as well as data sent to the user. See article [Input / Output Handling](http://wiki.contrexx.com/en/index.php?title=Security#Contrexx_Input_.2F_Output_Handling):\ `implode(',', contrexx_input2int($_GET['f",cloudrexx,PHP,34528779,924253122,,security,sanitize,input_validation,3,moderate,contextual,contextual,1,Discusses the real need to sanitize user input/output.
220097592,"It's a bit of a stretch, but I suppose it does cover CWE-116, so might as well claim it.",ql,,46284464,1143918734,cwe,,,vulnerability,5,strong,high_confidence,high_confidence,2,"Uncertain, hedged claim about CWE coverage ('a bit of a stretch')."
255756994,"There is a subtle lifetime issue here. We store references to external objects (such as matrices, solvers and preconditioners). Inlining `PreconditionIdentity()` will cause a use after free.",dealii,C++,55048726,1293759134,use after free,,,memory_safety,5,strong,high_confidence,high_confidence,1,Explains a real use-after-free from inlining an object with stored references.
237286070,"```suggestion\\The objects returned by this endpoint only contain metadata, and do not include the secret text of any authentication tokens. A token is only shown upon creation, and cannot be recovered later.\\-> **Note:** You must access this en",terraform-website,HTML,47783722,1217519495,,,authentication; secret; token,authentication; secrets,3,weak,weak,weak,0,"Security-related keyword appears in a normal programming/documentation context, not describing an actual weakness."
278274944,"Actually, the process described above is not used to encrypt and decrypt policy data. Just by supplying the encryption key the policies and contracts are encrypted, but it's not tied to the client id, secret config.",docs-api-manager,,60832986,1373076956,,,secret; encryption; encrypt; decrypt,secrets; cryptography,4,weak,weak,weak,0,"Security-related keyword appears in a normal programming/documentation context, not describing an actual weakness."
261391117,"Is it possible that someone may want to post a CVE/CWE that is going to be posted in the near future? For example, I applied for a CVE/CWE, but it won't be made official for the next week. I was thinking maybe `> (DateTime.UtcNow.Year + 1)` would be more",NuGetGallery,C#,56795947,1319515921,cve; cwe,,,vulnerability,10,strong,high_confidence,high_confidence,2,Process question about posting CVE/CWE references before they're made official.
269154912,"> Ok. I would still make it a note, though, because it's not a latent security issue or anything close to that.\\Agreed ???? ",cpython,Python,58537696,1339716423,security issue,security,,vulnerability,7,strong,high_confidence,high_confidence,2,Explicitly discusses and then rules out a latent security issue.
198506654,Basic authentication was set because core system checks username and password if API key is not present. Today discussed with core team and they confirmed that we should ignore username and password if API key is required. Hence incorporating the suggest,adyen-java-api-library,Java,41521296,1053098439,,,authentication; password; api key,authentication; secrets,3,weak,weak,weak,0,"Security-related keyword appears in a normal programming/documentation context, not describing an actual weakness."
228343672,"`UserGroupInformation.isSecurityEnabled()` returns `false` for both test cluster and local whereas parsing `hadoop.security.authentication` will give you `false` locally, and `true` on test cluster.",TonY,Java,46998185,1179973886,,security,authentication,authentication,3,moderate,contextual,contextual,0,"Security-related keyword appears in a normal programming/documentation context, not describing an actual weakness."
227119848,"We don't talk about privilege escalation here, since there are many ways to do that.  Can we use:\\    ```sh\    sysctl net.ipv4.ip_forward=1\    ```\\here?  That also gives us shell syntax highlighting, for what it's worth in this one-liner ",installer,,48141014,1175423347,privilege escalation,,privilege,authorization,6,strong,high_confidence,high_confidence,1,"Discusses privilege escalation, a real security topic tied to a code suggestion."
257264495,"Why is this not `authenticate` or `authenticator`? \""auth\"" seems ambiguous between authentication and authorization, is that intentional?",hail,Scala,55814694,1298562439,,,authentication; authenticate; authorization,authorization; authentication,3,weak,weak,weak,0,"Security-related keyword appears in a normal programming/documentation context, not describing an actual weakness."
287203054,"Given this is a `public` method, please add input validation for the parameters. I would recommend using `IllegalArgumentException` here. I see that if `payload` is `null`, you will get `NullPointerException` on `line# 91`",ceres-ingestion-service,,62654677,1405461613,,payload,validation; input validation,exploitation; input_validation,4,moderate,contextual,contextual,1,Recommends adding real input validation to prevent a NullPointerException-driven gap.
256858544,```suggestion\  ## Defaults to false. Set to true if you want to enable SSL certificate validation.\```,integrations-core,Python,55618975,1297230333,,,ssl; certificate; validation,cryptography; input_validation,3,weak,weak,weak,0,"Security-related keyword appears in a normal programming/documentation context, not describing an actual weakness."
237562819,because of privilege escalation prevention\\to which the Cluster Operator is not already bound,strimzi-kafka-operator,Java,50688537,1220087360,privilege escalation,,privilege,authorization,6,strong,high_confidence,high_confidence,1,Discusses a real privilege escalation prevention mechanism.
215491418,SCRAM-SHA-512 authentication is using username and password to authenticate.\The username has to be specified in the `username` property.\The password has to be specified as a link to a `Secret` containing the password in the `passwordSecret` propert,strimzi-kafka-operator,Java,45222355,1123555143,,,authentication; authenticate; password; secret,authentication; secrets,4,weak,weak,weak,0,"Security-related keyword appears in a normal programming/documentation context, not describing an actual weakness."
273240323,"After a user signs in, your application stores an access token issued by Okta. By attaching this token to outgoing requests, your API can authenticate them (ensure that the user is signed in to perform an action) and authorize them (ensure that the user ",okta-developer-docs,HTML,59592446,1354134663,,,authenticate; authorize; token,authorization; authentication; secrets,3,weak,weak,weak,0,"Security-related keyword appears in a normal programming/documentation context, not describing an actual weakness."
209818697,![Codacy](https://app.codacy.com/assets/images/favicon.png) Issue found: [Standard pseudo-random generators are not suitable for security/cryptographic purposes.](https://app.codacy.com/app/favio.vazquezp/Optimus/pullRequest?prid=2013067),Optimus,,43697446,1100473621,,security,cryptographic,cryptography,3,moderate,contextual,contextual,1,Automated scan flags weak PRNGs unsuitable for cryptographic purposes (duplicate finding).
192409363,Ably supports two main means of authentication: Basic Authentication and Token Authentication. Basic Authentication is very easy to set up and requires the API key to be used by your clients. Token Authentication allows you to connect your auth server to,docs,Ruby,38124300,1016928496,,,authentication; api key; token,authentication; secrets,3,weak,weak,weak,0,"Security-related keyword appears in a normal programming/documentation context, not describing an actual weakness."
275036416,\A fully-specified  user-defined encryption key in Azure Key Vault. Keys that you create and manage can be used to encrypt or decrypt data-at-rest in Azure Search  such as indexes and synonym maps.\,azure-rest-api-specs,JavaScript,59590269,1362469624,,,encryption; encrypt; decrypt,cryptography,3,weak,weak,weak,0,"Security-related keyword appears in a normal programming/documentation context, not describing an actual weakness."
246811019,Since this is a security assertion we should probably document it:\\```suggestion\# This is *not* a secret for the HMAC activation workflow - see:\ # https://django-registration.readthedocs.io/en/2.0.4/hmac.html#security-considerations\REGISTRA,concordia,,53209894,1265150793,,security,secret,secrets,3,moderate,contextual,contextual,0,"Security-related keyword appears in a normal programming/documentation context, not describing an actual weakness."
232223413,Why is this reference deleted?  Is it just that it will be automatically inserted due to the `cwe-119` tag in the query?,ql,,49369952,1197174975,cwe,,,vulnerability,5,strong,high_confidence,high_confidence,0,"Security-related keyword appears in a normal programming/documentation context, not describing an actual weakness."
287346115,"base64_length is not initialized, but base64_encode uses it as an output buffer length. Buffer overflow does not happen only because base64_string is long enough.",punica,,62688253,1405163056,buffer overflow,,,memory_safety,5,strong,high_confidence,high_confidence,1,Explains a real buffer overflow from an uninitialized output length variable.
274109433,"nice, ok, cool.\\as for your second paragraph: yes, any user-submitted data that is going to be part of a MySQL query should be escaped. so yes, we (i, in this example) should really go back and update old code to prevent SQL Injection. it's a very l",hifi-content,,59590735,1359760769,sql injection,,,injection,5,strong,high_confidence,high_confidence,1,Discusses real SQL injection risk and the need to escape user-submitted data.
263127306,I've got an open question with Mozilla Security Engineering team on whether we have a policy about warning the user if the password would be transmitted in cleartext. Will report back once I hear. https://mozilla.slack.com/archives/C8XGKM694/p15519049450,FirefoxReality,C++,57230236,1322260065,,security,password,authentication; secrets,3,moderate,contextual,contextual,1,Discusses a real security concern: passwords transmitted in cleartext.
256874931,"I'm currently testing this along with our under-construction TLS asio stream (see #1731) and it works quite nicely. However, for the certificate validation to work, I need to statically return an empty list of CRLs (or respectively don't override this fu",botan,C++,55300775,1297265489,,,tls; certificate; validation,cryptography; input_validation,3,weak,weak,weak,0,"Security-related keyword appears in a normal programming/documentation context, not describing an actual weakness."
238229651,"When server's certificate required a client certificate, you have to pass the `ssl_options` parameter, containing certificate and private key paths.\\The `ssl=True` or `amqps` schema handling is would be a nice and simple way to enables TLS, but it's",aio-pika,Python,41207176,1048391408,,,tls; ssl; certificate,cryptography,3,weak,weak,weak,0,"Security-related keyword appears in a normal programming/documentation context, not describing an actual weakness."
264679913,"SSL doesn't need preformatting, and we should be consistent about TLS vs SSL. TLS is more correct.\\```suggestion\URL. Having an active server (with a valid TLS certificate) serving your\```",synapse,Python,57525218,1328856185,,,tls; ssl; certificate,cryptography,3,weak,weak,weak,0,"Security-related keyword appears in a normal programming/documentation context, not describing an actual weakness."
270878913,"The `[some text](javascript:alert('xss'))` gets us, but the rest is a non-issue, as we don't allow inline HTMLs (besides this `<br>`)",pub-dartlang-dart,Dart,59125269,1347978397,xss,,,injection,5,strong,high_confidence,high_confidence,1,Flags a real XSS vector via a javascript: link.
221886180,"In case a client sent (preempted) the `Authorization` token, _and_ the request is for a non-protected resource (so that `validateRequest()` is not called), _and_ eventually the application calls some API that triggers authentication and `validateRequest(",jetty.project,Java,45765979,1148569071,,,authentication; authorization; token,authorization; authentication; secrets,3,weak,weak,weak,2,Describes an edge case in Authorization token handling; unclear if it constitutes a real flaw.
238019774,"this is a secret that is required by the oauth server to authenticate a pre-identity-provider-setup user with an oauth token. The password could be generated elsewhere (where?) but the secret should be created during the tectonic service, imo - but def o",installer,,50813192,1222200814,,,authenticate; password; secret; token,authentication; secrets,4,weak,weak,weak,0,"Security-related keyword appears in a normal programming/documentation context, not describing an actual weakness."
227422132,"Note that `/tmp` might not exist; it might also be a security issue to put a .ws there, in case the test is run on a shared machine. Finally, this will break if these tests are run by multiple jobs in parallel. However, none of these are really blockers ",gap,GAP,46013223,1143166841,security issue,security,,vulnerability,7,strong,high_confidence,high_confidence,1,Discusses a real security issue: writing to /tmp on a shared machine.
217214640,"yup, i tested it locally, it all works, you're welcome to try too, but the real test will be on staging as we've ran into problems attempting this before. I think passing the base64encoded session token solves the authentication problem we had before tho",vets-api,,45561150,1130525264,,,authentication; token; session,authentication; secrets,3,weak,weak,weak,0,"Security-related keyword appears in a normal programming/documentation context, not describing an actual weakness."
249086666,"I thought the purpose of only bind-mounting `/usr` was to stop a sufficiently malformed icon from causing arbitrary code execution that can exfiltrate user files from `/home`, `/srv`, etc.? I see networking and IPC are disallowed here, but a compromised ",xdg-desktop-portal,,53755508,1273942767,arbitrary code execution,,,code_execution,5,strong,high_confidence,high_confidence,1,Discusses a real risk of arbitrary code execution from a malformed icon.
234313734,"@TravisEz13 and I discussed this offline yesterday and I agree that we should go with CRC. The main gain is to potentially avoid loading `System.Security.Cryptography.Algorithms.dll` at powershell startup time, plus there is also gain in CPU time when ru",PowerShell,C#,48941685,1188449449,,security,cryptography,cryptography,3,moderate,contextual,contextual,0,"Security-related keyword appears in a normal programming/documentation context, not describing an actual weakness."
230977828,"we need to keep the `namespace` out of the username, as some tests (e.g: xss) will fail due to server-side validation of usernames. ",awx,Python,48986898,1192432317,xss,,validation,injection; input_validation,6,strong,high_confidence,high_confidence,0,"Security-related keyword appears in a normal programming/documentation context, not describing an actual weakness."
247481370,"Suggestion: \""Using this setting, SMTP connections verify SSL/TLS certificate validity so that invalid or self-signed certificates are rejected.\"" as replacement for the second sentence. I think the purely technical information part is not interesting he",chameleon-base,,51454055,1262528552,,,tls; ssl; certificate,cryptography,3,weak,weak,weak,0,"Security-related keyword appears in a normal programming/documentation context, not describing an actual weakness."
235489044,"```suggestion\protected payload, and any authentication fields. This can depend upon the\```",base-drafts,,50204882,1211372310,,payload,authentication,exploitation; authentication,3,moderate,contextual,contextual,0,"Security-related keyword appears in a normal programming/documentation context, not describing an actual weakness."
259069235,it might be good to give the hints how to get api-token and ca-certificate out of service account secret,hazelcast-kubernetes,,52504329,1306640807,,,secret; token; certificate,secrets; cryptography,3,weak,weak,weak,0,"Security-related keyword appears in a normal programming/documentation context, not describing an actual weakness."
246627676,"If the profile does not assume role, the credentials will be plain old credential with key id and key, there's no session token. \AWS checks if the credential is a temp credential or a normal credential, for temp credentials, it requires session token.",amplify-cli,,53172101,1264452139,,,credential; token; session,authentication; secrets,3,weak,weak,weak,0,"Security-related keyword appears in a normal programming/documentation context, not describing an actual weakness."
281930952,/usr/src/alluxio/core/common/src/test/java/alluxio/security/authorization/AclActionsTest.java:16: error: Extra newline,alluxio,Java,61921408,1388950210,,security,authorization,authorization,3,moderate,contextual,contextual,0,"Security-related keyword appears in a normal programming/documentation context, not describing an actual weakness."
259861073,By using this command we tell gosec to ignore the possible SQL injection warning. (for more information see https://github.com/securego/gosec#configuration),goengine,Go,56584633,1315920566,sql injection,,,injection,5,strong,high_confidence,high_confidence,1,"Discusses suppressing a real, flagged SQL injection warning."
210355198,"Why the switch from \""payload\"" as used elsewhere to \""content\""?  The payload of each protected packet is protected with authenticated encryption.  That's true of Initial and Handshake as well, though the Initial key is not secret enough to put much fai",base-drafts,,44098430,1102258530,,payload,secret; encryption,exploitation; secrets; cryptography,4,moderate,contextual,contextual,1,Discusses real cryptographic design: authenticated encryption of packet payloads.
202650892,"That's how `security.ssl.enabled` was specified and should remain to do so because of backwards compatibility. However, I can add a comment as well.",flink,Java,42370162,1072018991,,security,ssl,cryptography,3,moderate,contextual,contextual,0,"Security-related keyword appears in a normal programming/documentation context, not describing an actual weakness."
197908587,"We should under no circumstance send our API password to Rachio. Instead, generate a random token and have your web view implement that as authentication.\\You can generate a token by using `homeassistant.auth.generate_secret`",home-assistant,Python,41384210,1050512146,,,authentication; password; token,authentication; secrets,3,weak,weak,weak,1,"Discusses a real security improvement: avoiding sending API passwords, using tokens instead."
220890236,"![Codacy](https://app.codacy.com/assets/images/favicon.png) Issue found: [subprocess call with shell=True identified, security issue.](https://app.codacy.com/app/vjfalk/frappe/pullRequest?prid=2248393)",frappe,Python,46357008,1147477159,security issue,security,,vulnerability,7,strong,high_confidence,high_confidence,1,Automated scan flags a real security issue: subprocess call with shell=True.
198009832,![Codacy](https://app.codacy.com/assets/images/favicon.png) Issue found: [Possible SQL injection vector through string-based query construction.](https://app.codacy.com/app/201452004/orbitdeterminator/pullRequest?prid=1779428),orbitdeterminator,,40920632,1052487868,sql injection,,,injection,5,strong,high_confidence,high_confidence,1,Automated scan flags a possible SQL injection vector (duplicate finding).
218774825,Oh! That's convenient. I would just make it 2 sentences:\The Cluster Operator automatically sets up TLS certificates to enable encryption and authentication within your cluster. It also sets up other TLS certificates if you want to enable encryption or,strimzi-kafka-operator,Java,45876215,1137526341,,,authentication; tls; encryption,authentication; cryptography,3,weak,weak,weak,0,"Security-related keyword appears in a normal programming/documentation context, not describing an actual weakness."
223181455,Won't this comparison cause a use-after-free if `new_output_last_ws` was destroyed?,sway,C,46214948,1157616894,use-after-free,,,memory_safety,5,strong,high_confidence,high_confidence,1,Discusses a real potential use-after-free from a destroyed object comparison.
252063781,A buffer overrun is possible here. Consider passing a smaller buffer size to the `readLine()` method.,device-os,C,54498743,1254651764,buffer overrun,,,memory_safety,5,strong,high_confidence,high_confidence,1,Flags a real buffer overrun and suggests a fix.
286627449,```suggestion\provide a token credential type that can fetch an OAuth-compatible token needed to authenticate a request to the service in a non-blocking atomic manner.\```,azure-sdk,,62072793,1401204762,,,authenticate; credential; token,authentication; secrets,3,weak,weak,weak,0,"Security-related keyword appears in a normal programming/documentation context, not describing an actual weakness."
260771855,"I notice you don't use `-ki` in the next example. Let's be consistent and secure, and leave out the `-ki`.\\You can link to the 1.13 equivalent of https://docs.mesosphere.com/1.12/security/ent/tls-ssl/ca-trust-curl/",dcos-docs-site,JavaScript,56595914,1319411825,,security,tls; ssl,cryptography,4,moderate,contextual,contextual,0,"Security-related keyword appears in a normal programming/documentation context, not describing an actual weakness."
204965724,"Can we add an `array_map('intval', $idsites)` to make sure to prvent any sql injection?",matomo,PHP,42249475,1078203461,sql injection,,,injection,5,strong,high_confidence,high_confidence,1,Discusses adding real input sanitization to prevent SQL injection.
254089149,Can you fix the broken link here too? I think the right anchor is `https://docs.mesosphere.com/services/spark/latest/security/#using-the-secret-store`,dcos-docs-site,JavaScript,54954228,1293059092,,security,secret,secrets,3,moderate,contextual,contextual,0,"Security-related keyword appears in a normal programming/documentation context, not describing an actual weakness."
263593463,The methods in this interface omit the associated data arguments to encrypt and decrypt supported by Tink's Aead interface. The associated data used by AEADs can be used to add integrity validation of non-secret data in a single pass for higher performan,misk,,56822034,1323636093,,,secret; encrypt; decrypt; validation,secrets; cryptography; input_validation,4,weak,weak,weak,1,Discusses a real cryptographic design gap: missing associated-data integrity validation.
268875921,"This is the \""low entropy secret\"" (number, short password) described in the Authentication section.  I assume that the same secret would normally be used for the challenge-response on both directions (i.e., one agent advertises, the other consumes), but",openscreenprotocol,,52771200,1257735394,,,authentication; password; secret,authentication; secrets,3,weak,weak,weak,1,Describes a real low-entropy secret used for challenge-response authentication.
254980341,probably best to change this to https://docs.microsoft.com/en-us/sql/relational-databases/security/authentication-access/getting-started-with-database-engine-permissions which is where those same child topics are now listed,docs,PowerShell,55024384,1293605917,,security,authentication,authentication,3,moderate,contextual,contextual,0,"Security-related keyword appears in a normal programming/documentation context, not describing an actual weakness."
198960272,the suppression itself explains it in detail: notes text copy from web + gav regex to which dependency is a culprit + cve - link to detailed info,bulk-scan-processor,Java,41647772,1055221294,cve,,,vulnerability,5,strong,high_confidence,high_confidence,1,Discusses a real vulnerability suppression and its CVE documentation.
231636787,"tls_config is not base config. tls_config holds a copy of TLS certificate config that is created from tls secret provider. \\default_cvc_ holds the default certificate validation context, and I have put a comment in context_config_impl.h introducing ",envoy,C++,48869040,1194004869,,,secret; tls; certificate; validation,secrets; cryptography; input_validation,4,weak,weak,weak,0,"Security-related keyword appears in a normal programming/documentation context, not describing an actual weakness."
277153891,"Basically: how do you make sure that the receiving app is hardened enough to handle all the types of input it gets: so did we make sure that the app that handles the incoming link is hardened against msiuse (e.g. no authentication bypass, information lea",owasp-mstg,Shell,57805646,1335759041,,bypass,authentication,authorization; authentication,3,moderate,contextual,contextual,1,Discusses real security hardening considerations: auth bypass and information leakage.
282114587,I think it would be helpful to comment that this guards against a buffer overflow (in case people outside the CBMC project wonder why this is here is a pull request adding a memory safety proof to the repository).,amazon-freertos,C,61884057,1387159011,buffer overflow,,,memory_safety,5,strong,high_confidence,high_confidence,1,Discusses a real buffer overflow guard added as part of a memory-safety proof.
252227139,> Do you see any errors in the cert-manager logs?\\No.\\> Do you have a tls-core secret?\Yes. And I think that's the problem. I think the certificate status is not correctly set when the cert secret is already there.\\In my local tests I've,jx,,54460553,1285799657,,,secret; tls; certificate,secrets; cryptography,3,weak,weak,weak,0,"Security-related keyword appears in a normal programming/documentation context, not describing an actual weakness."
277314253,"```suggestion\            await Authentication.resetPassword(this.token, this.userId, this.password);\```\\And here, you could use the computed properties instead of the methods (prevents unnecessary evaluation)",BoardgameWE-UI,JavaScript,60607250,1368893498,,,authentication; password; token,authentication; secrets,3,weak,weak,weak,0,"Security-related keyword appears in a normal programming/documentation context, not describing an actual weakness."
194923239,"This method seems a little deceptive to me... Not only is it looking at the kinds of expressions, it's also comparing the values produced if comparing a CVE to a PVE/CVE.  I think you really want two methods:\- One to compare the kinds of expressions (",voltdb,Java,40758972,1040486970,cve,,,vulnerability,5,strong,high_confidence,high_confidence,0,"Security-related keyword appears in a normal programming/documentation context, not describing an actual weakness."
285676538,"```suggestion\If your service implements a non-standard credential system (one that is not supported by Azure Core), then you need to produce an authentication policy for the HTTP pipeline that can authenticate requests given the alternative credential",azure-sdk,,62072793,1401204762,,,authentication; authenticate; credential,authentication; secrets,3,weak,weak,weak,0,"Security-related keyword appears in a normal programming/documentation context, not describing an actual weakness."
197035320,"@PowerOfCreation would it be possible to reuse the same `apiClient` across different operations/methods (e.g. `petApi_addPet`)?\\We may also want to store authentication-related information (e.g HTTP username, password, API key, etc) in `apiClient`\",openapi-generator,,40852837,1042556819,,,authentication; password; api key,authentication; secrets,3,weak,weak,weak,0,"Security-related keyword appears in a normal programming/documentation context, not describing an actual weakness."
289252139,"```suggestion\- `authenticate` : Authenticates the user based on the user credentials (i.e., the username/password) or a token such as JWT.\```",ballerina-lang,Java,63786794,1414328355,,,authenticate; password; token,authentication; secrets,3,weak,weak,weak,0,"Security-related keyword appears in a normal programming/documentation context, not describing an actual weakness."
246767469,"It's usually a good idea to add some inline styling at the end of each table to auto size the columns. For example:\`|cache-backend-redis-password|password|Configuring a Redis password enables one of its built-in security features: the auth command, wh",devdocs,HTML,53151174,1264127086,,security,password,authentication; secrets,3,moderate,contextual,contextual,0,"Security-related keyword appears in a normal programming/documentation context, not describing an actual weakness."
281673493,Sorry for the naive question: is bleach used somewhere so that we do not store XSS in the db? Or maybe we never render the draft content?,addons-server,Python,61941485,1387969799,xss,,,injection,5,strong,high_confidence,high_confidence,1,Raises a real concern about whether stored XSS is prevented.
236445587,```suggestion\15.3.2. Follow [templates XSS security guidelines]({{ page.baseurl }}/frontend-dev-guide/templates/template-security.html) for escaping output.\```,devdocs,HTML,45256253,1215947534,xss,security,,injection,7,strong,high_confidence,high_confidence,0,"Security-related keyword appears in a normal programming/documentation context, not describing an actual weakness."
245433895,"Should we include the mention to the CVE or just fixes to Anypoint? For the rest, LGTM",docs-release-notes,,52847864,1258997087,cve,,,vulnerability,5,strong,high_confidence,high_confidence,2,Editorial question about whether to mention a CVE in release notes.
218955978,I think it is possible to use the functionality implemented here for validation of something other than logins and passwords that is also authentication/authorization related.,Common,,43611154,1138904051,,,authentication; authorization; validation,authorization; authentication; input_validation,3,weak,weak,weak,0,"Security-related keyword appears in a normal programming/documentation context, not describing an actual weakness."
244229038,Suggested change to description:\\The name of a Kubernetes Secret for Atlantis' HTTPS certificate containing the following data items:\- `tls.crt` with the public certificate.\- `tls.key` with the private key.\\Just a suggestion.  I don't fee,charts,Shell,52426558,1252082685,,,secret; tls; certificate,secrets; cryptography,3,weak,weak,weak,0,"Security-related keyword appears in a normal programming/documentation context, not describing an actual weakness."
215276578,"If I remember correctly, this tunes the certificate validation on the client side.\\If it's possible to enable SSL on a single service-A, any consuming end of service-A needs that setting (even if the consumer service doesn't bind SSL).",lagom,,45180270,1123501837,,,ssl; certificate; validation,cryptography; input_validation,3,weak,weak,weak,0,"Security-related keyword appears in a normal programming/documentation context, not describing an actual weakness."
210931522,"Sort of, technically, yes. In practice a cert with an issuer not in our store would not make it past the initial pass/fail SSL validation, but it's probably best practice to catch and raise that exception anyway. (We would have to have those certificate ",atst,,44169999,1103543605,,,ssl; certificate; validation,cryptography; input_validation,3,weak,weak,weak,0,"Security-related keyword appears in a normal programming/documentation context, not describing an actual weakness."
249751738,"Utils::Net is for networking related stuff, certificate/key is more of security thing, so I'll prefer moving it to utils::misc.",qBittorrent,C++,53638784,1272294228,,security,certificate,cryptography,3,moderate,contextual,contextual,0,"Security-related keyword appears in a normal programming/documentation context, not describing an actual weakness."
210466492,"![Codacy](https://app.codacy.com/assets/images/favicon.png) Issue found: [By default, jinja2 sets autoescape to False. Consider using autoescape=True to mitigate XSS vulnerabilities.](https://app.codacy.com/app/favio.vazquezp/Optimus/pullRequest?prid=201",Optimus,,43697446,1102743597,xss,,,injection,5,strong,high_confidence,high_confidence,1,Automated scan flags a real XSS risk from disabled autoescaping.
252851135,"I think we can just axe this FIXME now. We're creating a system that makes the token irrelevant (we provide user authentication and authorization ourselves). It's easier to have the token than not, but I see no reason to make it cryptographically random.",hail,Scala,54511451,1286689067,,,authentication; authorization; token,authorization; authentication; secrets,3,weak,weak,weak,0,"Security-related keyword appears in a normal programming/documentation context, not describing an actual weakness."
197041296,Please also include\\`../../../external/corefx/src/System.Security.Cryptography.Algorithms/tests/RandomNumberGeneratorTests*.cs` as we are switching the implementation,mono,C#,41235944,1047306894,,security,cryptography,cryptography,3,moderate,contextual,contextual,0,"Security-related keyword appears in a normal programming/documentation context, not describing an actual weakness."
209776412,![Codacy](https://app.codacy.com/assets/images/favicon.png) Issue found: [Standard pseudo-random generators are not suitable for security/cryptographic purposes.](https://app.codacy.com/app/favio.vazquezp/Optimus/pullRequest?prid=2013067),Optimus,,43697446,1100256181,,security,cryptographic,cryptography,3,moderate,contextual,contextual,0,"Security-related keyword appears in a normal programming/documentation context, not describing an actual weakness."
251184490,"As issue #597 described,  here is an encryption tool is provided to encrypt the password.",opensds,Go,54210338,1281303007,,,password; encryption; encrypt,authentication; secrets; cryptography,3,weak,weak,weak,1,Discusses a real security feature: an encryption tool for passwords.
280294081,```suggestion\| **preset-kyma-encryption-key**                                 | It defines the key name for encrypt/decrypt operations on a  Prow cluster.                                                                                                 ,test-infra,,61453146,1381156901,,,encryption; encrypt; decrypt,cryptography,3,weak,weak,weak,0,"Security-related keyword appears in a normal programming/documentation context, not describing an actual weakness."
215735409,"This is for local use only, it should not be a security issue since it is not run on the cloud. This could probably be changed so that postgres does not require a password. I will have to play around with the settings.",joplin,,44716250,1124974558,security issue,security,password,vulnerability; authentication; secrets,8,strong,high_confidence,high_confidence,2,Explicitly discusses and concludes something is not a security issue given local-only use.
255997818,As long as an attacker doesn't get any feedback about getting the password correct it doesn't matter to me ???? ,mattermost-server,JavaScript,55039845,1293705931,,attacker,password,exploitation; authentication; secrets,3,moderate,contextual,contextual,1,Discusses a real security concern: avoiding feedback that helps an attacker guess passwords.
223152095,Fixed some typos/grammar:\\```\This is a module for exploitation of an unauthenticated directory traversal vulnerability in SAP NetWeaver Application Server Java in Redwood module. The vulnerability was active exploited by Chinese hackers in the wi,metasploit-framework,Ruby,46355256,1146003174,directory traversal,vulnerability; exploited,,vulnerability; exploitation; path_traversal,9,strong,high_confidence,high_confidence,1,"Describes a real, actively-exploited directory traversal vulnerability."
230465652,"Also, loading private keys from arbitrary URLs goes against best security practices (unless that URL is for a local file, in which case there is no point in wrapping it in a URL). TLS private keys should never be transmitted across a network. The CA cert",zookeeper,Java,48326091,1188106144,,security,tls,cryptography,3,moderate,contextual,contextual,1,Discusses a real security best practice: never transmitting private keys across a network.
225439080,"Yes `'static` is necessary to avoid undefined behavior (in particular, without `'static` the closure could access stack-local variables, but it would access them after the stack frame is gone, causing use-after-free).\\The only way to avoid `'static`",wasm-bindgen,Rust,47537916,1165370866,use-after-free,,,memory_safety,5,strong,high_confidence,high_confidence,1,Explains a real use-after-free avoided by a lifetime bound.
275242680,"Opening a transaction, and calling `txStorage.Security().Fetcher()` inside a transaction currently fails, because the encryption key is not set.",service-manager,,60037557,1360683361,,security,encryption,cryptography,3,moderate,contextual,contextual,0,"Security-related keyword appears in a normal programming/documentation context, not describing an actual weakness."
245516713,"This should make sure that PASSWORD_HASH is something useful, from the docs at https://github.com/tiredofit/docker-self-service-password clear seams to be the default which is brr ..\\So for best security this should use {CRYPT} which leaves security",kopano-docker,Shell,52792930,1258676179,,security,password,authentication; secrets,3,moderate,contextual,contextual,1,Discusses a real security improvement: using a proper password hash instead of an insecure default.
259405014,All content is filtered from xss attacks via the npm packade `xss`. So this affects more than script tags (see: https://jsxss.com/en/try.html). I don't think we should go into detail on exactly what we filter (since there's a lot of things and it might c,grafana.org,HTML,56296273,1308316735,xss,,,injection,5,strong,high_confidence,high_confidence,1,Discusses a real XSS-prevention mechanism (npm xss package) already in place.
260442840,"Have you considered making this into two separate jobs that run either CVE or CWE based on configuration?\\I think this would be beneficial, primarily because CVE updating failing would not impact CWE updating.\\I would merge `ICveDataClient` and",NuGet.Jobs,C#,56694530,1317742611,cve; cwe,impact,,vulnerability,12,strong,high_confidence,high_confidence,0,"Security-related keyword appears in a normal programming/documentation context, not describing an actual weakness."
234399890,"@c-w I am guessing the key is used to authenticate and should be kept secret. Since the URL does not follow the standard URL authentication format (`user:password@host`), it may be exposed during logging. Have you perhaps checked this in the worker logs ",celery,Python,39049818,1003691607,,,authentication; authenticate; password; secret,authentication; secrets,4,weak,weak,weak,1,Discusses a real information-disclosure risk: an auth key/secret exposed via logging.
275197332,"![Codacy](https://app.codacy.com/assets/images/favicon.png) Issue found: [The \""WordPress.XSS.EscapeOutput\"" sniff has been renamed to \""WordPress.Security.EscapeOutput\"". Please update your custom ruleset.](https://app.codacy.com/app/pixelcollective/ndn",ndncollective.org,PHP,60264463,1364604153,xss,security,,injection,7,strong,high_confidence,high_confidence,0,Automated tooling notice about a renamed lint rule (WordPress.XSS.EscapeOutput -> WordPress.Security.EscapeOutput); not a discussion of an actual weakness.
254649583,It looks like this HTML is just used to initialize the CSS-inliner which is processing the email HTML before it goes out. I think this should be ignored by the XSS linter.,edx-platform,Python,54982095,1293258755,xss,,,injection,5,strong,high_confidence,high_confidence,0,"Security-related keyword appears in a normal programming/documentation context, not describing an actual weakness."
239216397,"If not checking the audience is a security vulnerability, we should not allow this by default. It's a pity that we can't determine it automatically though.",spring-cloud-gcp,,51143740,1228267894,security vulnerability,vulnerability; security,,vulnerability,9,strong,high_confidence,high_confidence,1,Flags a real security vulnerability: not checking the audience claim.
248031697,"@bajtos I have also seen several articles talking about the bearer authentication, while I am not sure how to implement it.\\Does that mean we slice the `Bearer` from the beginning of `request.headers['authorization']` to get the token?",loopback4-example-shopping,,51500793,1269542080,,,authentication; authorization; token,authorization; authentication; secrets,3,weak,weak,weak,0,"Security-related keyword appears in a normal programming/documentation context, not describing an actual weakness."
256128286,"Unless we want to pass the private key here, but I feel like there is some security issue with that",near-contract-helper,JavaScript,55203699,1294859398,security issue,security,,vulnerability,7,strong,high_confidence,high_confidence,1,Raises a real security issue with passing a private key.
241228855,This was in the `WriteSessionCookie` code to help us debug a particular case where the cookie size was incorrect.  I don't think it belongs in the code for writing the CSRF cookie.  I'd pull this out because its confusing against the other output. If you,mymove,JavaScript,50750239,1233082743,csrf,,,injection,5,strong,high_confidence,high_confidence,0,"Security-related keyword appears in a normal programming/documentation context, not describing an actual weakness."
234340140,We're doing validation here: https://github.com/elastic/kibana/blob/master/x-pack/plugins/security/server/lib/authorization/validate_es_response.js so we'd have to have messed something up in the checkPrivileges implementations themselves to make this th,kibana,JavaScript,49908731,1205805292,,security,authorization; validation,authorization; input_validation,4,moderate,contextual,contextual,0,"Security-related keyword appears in a normal programming/documentation context, not describing an actual weakness."
232083024,"When we authenticate using the basic auth headers, I don't think that we want to put the `user` into the session, as this would be putting the username/password encrypted in the session cookie, which can't be invalidated with the logout. We'll likely wan",kibana,JavaScript,49381326,1196537035,,,authenticate; password; session,authentication; secrets,3,weak,weak,weak,1,Discusses a real weakness: password stored encrypted in a session cookie that can't be invalidated on logout.
246793520,```suggestion\     * Picks the best (highest security / most recent standard) SSL/TLS version that is supported by the\```,elasticsearch,Java,53180044,1264688697,,security,tls; ssl,cryptography,4,moderate,contextual,contextual,0,"Security-related keyword appears in a normal programming/documentation context, not describing an actual weakness."
207392988,No easy way to do this as `authenticate`  needs the token from the split along with the `handler` where as `authorize` does not :(,pravega,Java,43260506,1089308096,,,authenticate; authorize; token,authorization; authentication; secrets,3,weak,weak,weak,0,"Security-related keyword appears in a normal programming/documentation context, not describing an actual weakness."
230566951,"@fedebrasburg Can you confirm this? I believe that required permission on secret manager is \""Grant access to secrets\"" in order to create a API with TLS Context.",docs-api-manager,,49034797,1189633749,,,permission; secret; tls,authorization; secrets; cryptography,3,weak,weak,weak,0,"Security-related keyword appears in a normal programming/documentation context, not describing an actual weakness."
243262491,looks like we fixed CVE-2018-14526 in 2.6-r14 (see line below),aports,C,51818046,1240405264,cve,,,vulnerability,5,strong,high_confidence,high_confidence,1,Confirms a real CVE fix.
197451815,This description is for an unrelated vulnerability. It should talk about a buffer overflow in H2O before 2.2.5.,cvelist,,41306159,1049122093,buffer overflow,vulnerability,,vulnerability; memory_safety,7,strong,high_confidence,high_confidence,1,Discusses a real buffer overflow vulnerability description.
232649403,"The difference here is that for getting a valid TLS certificate, you need to MitM the DNS of both the user and the CA, instead of just the user. An attacker on a public network might be able to modify the DNS requests sent in that network, but not the ne",matrix-doc,JavaScript,49139958,1197169613,,attacker,tls; certificate,exploitation; cryptography,4,moderate,contextual,contextual,1,Discusses a real MitM attack scenario against TLS certificate acquisition.
214305989,"please update the minitest suite. It looks like 2 cases are broken, leading to authorization bypass (expected 403, got 200)",open-build-service,Ruby,44970202,1118557476,,bypass,authorization,authorization,3,moderate,contextual,contextual,1,Discusses a real authorization bypass caused by broken test cases.
196562890,"That's a number that's small enough to be less than 0.1 seconds on almost all computers, but big enough to disassociate the derived key from the password.  But, since we still would have the password in memory (because we'd be about to decrypt/re-encrypt",corefx,C#,40745210,1042177097,,,password; encrypt; decrypt,authentication; secrets; cryptography,3,weak,weak,weak,1,Discusses a real security consideration: passwords remaining in memory during decrypt/re-encrypt.
198567375,"Yes, look at Microsoft.Authorization. E.g. {scope}/Microsoft.Authorization/roleAssignments?assignedTo(\""my principal id\"") will return all role assignments that apply to you, even if you only have an indirect role assignment via a security group.",azure-rest-api-specs,JavaScript,41232739,1049891908,,security,authorization,authorization,3,moderate,contextual,contextual,0,"Security-related keyword appears in a normal programming/documentation context, not describing an actual weakness."
258044107,Maybe we can hide links like this:\See [Basic Authentication](https://tyk.io/docs/security/your-apis/basic-auth/) section to configure ...,tyk-docs,CSS,56118652,1303358976,,security,authentication,authentication,3,moderate,contextual,contextual,0,"Security-related keyword appears in a normal programming/documentation context, not describing an actual weakness."
258875088,"> To bypass this case, we can use a self-submitting forms with JSON payloads with a hidden input to exploit CSRF.\\Using `with` twice in the same sentence is a bit awkward, how about something like:\\""To bypass this case, we can use a self-submitti",OWASP-Testing-Guide-v5,,56287865,1306146633,csrf,exploit; bypass,,exploitation; injection; authorization,9,strong,high_confidence,high_confidence,1,Describes a real CSRF bypass/exploit technique (OWASP Testing Guide).
231189285,"```suggestion\`cookiesAuthEnabled`:: Indicates whether cookies should be searched for a token. By default, it is disabled. You can enable this attribute if you are sure that servers cannot be attacked by Cross-Site Request Forgery (CSRF) or have specia",che-docs,CSS,48378265,1179715948,cross-site request forgery; csrf,,token,injection; secrets,11,strong,high_confidence,high_confidence,0,"Security-related keyword appears in a normal programming/documentation context, not describing an actual weakness."
252200861,"The status is being updated by cert-manager it takes a while. Normally, if is empty means that the certificate is not ready. Do you have a `tls-core` secret? Do you see any errors in the cert-manager logs? ",jx,,54460553,1285799657,,,secret; tls; certificate,secrets; cryptography,3,weak,weak,weak,0,"Security-related keyword appears in a normal programming/documentation context, not describing an actual weakness."
201739841,"By default, you're able to query for public data such as published products or pages. In order to fetch protected data like orders or users, you need to authorize your access. Saleor API uses JWT token authentication mechanism. Once you create a token, y",saleor,Python,42261801,1067552807,,,authentication; authorize; token,authorization; authentication; secrets,3,weak,weak,weak,0,"Security-related keyword appears in a normal programming/documentation context, not describing an actual weakness."
203875497,"As I mentioned in slack, I don't think we need to deal with this csrf token stuff, but we do need some sort of authentication. I think a hard coded key we pass as a header in the request should be fine.",signs_ui,Elixir,42702142,1075778770,csrf,,authentication; token,injection; authentication; secrets,7,strong,high_confidence,high_confidence,1,Flags a real weak practice: a hardcoded key used as an authentication header.
200667601,![MINOR](https://sonarsource.github.io/sonar-github/severity-minor.png 'Severity: MINOR') Remove this unused import 'org.silverpeas.core.security.authorization.PublicationAccessControl'. [![rule](https://sonarsource.github.io/sonar-github/rule.png)](http,Silverpeas-Core,Java,42041885,1062879872,,security,authorization,authorization,3,moderate,contextual,contextual,0,"Security-related keyword appears in a normal programming/documentation context, not describing an actual weakness."
251847382,```suggestion\An authentication token generated by your LRS and used to authenticate every request made to save a xAPI statement.\```,marsha,,52176454,1284461778,,,authentication; authenticate; token,authentication; secrets,3,weak,weak,weak,0,"Security-related keyword appears in a normal programming/documentation context, not describing an actual weakness."
254858374,```suggestion\attribute to `true`. This will bypass verification of the certificate's signing authority.\```,sensu-docs,Ruby,55015625,1293538149,,bypass,certificate,authorization; cryptography,3,moderate,contextual,contextual,1,Discusses a real bypass mechanism for certificate signing-authority verification.
244332013,This proposal is about adding a new 3PID type but is not proposing a new authentication flow.\- Should this be in another proposal?\- Why is this specific to a `DID` and not to other things like client-side TLS certificate?,matrix-doc,JavaScript,52499186,1252523223,,,authentication; tls; certificate,authentication; cryptography,3,weak,weak,weak,0,"Security-related keyword appears in a normal programming/documentation context, not describing an actual weakness."
204528408,You could probably condense this a bit and say something like: \\Secret tokens provide security only when used in combination with SSl/TLS. \\Do you mean that the whole statement is not applicable to RUM? Not sure given the current structure of y,apm-server,Go,42845329,1078645197,,security,secret; tls; ssl,secrets; cryptography,5,moderate,contextual,contextual,1,Discusses a real security dependency: secret tokens only providing security when combined with TLS.
198709518,"Presumably \""System.Security.Cryptography.X509Certificates.Tests\""?",coreclr,C#,41258515,1054768787,,security,cryptography,cryptography,3,moderate,contextual,contextual,0,"Security-related keyword appears in a normal programming/documentation context, not describing an actual weakness."
250417091,"This problem is very, _very_ difficult.\\The problem is that _even if_ we do a thorough code review of any library we use to which we will pass a secret, and _even if_  we do that so carefully that we don't miss anything, we are still vulnerable any ",secretless-broker,Go,54091231,1279345537,,vulnerable,secret,vulnerability; secrets,3,moderate,contextual,contextual,1,"Discusses a real, inherent security limitation when passing secrets to third-party libraries."
204922836,"Update added to include case insensitivity within the csrf filter. Since hostnames are case-insensitive, we're keeping the lowercase-format for SystemBaseUrl hostname methods update to keep hostnames consistent and normalized on the backend. Like @brenda",ddf,Java,42642826,1074686506,csrf,,,injection,5,strong,high_confidence,high_confidence,1,Discusses a real security fix: case-insensitivity in the CSRF filter.
206252489,"If we're going to say this, I think we should provide more info. Is there something users can do to make sure enabling the endpoint does not cause a security issue?",beats,Go,43218430,1085440635,security issue,security,,vulnerability,7,strong,high_confidence,high_confidence,2,Asks for more detail on whether enabling an endpoint causes a security issue; unconfirmed.
282024635,"it hasn't been used in this file, just shows that the secret can be either password or token.",pai,Java,62037821,1389183452,,,password; secret; token,authentication; secrets,3,weak,weak,weak,0,"Security-related keyword appears in a normal programming/documentation context, not describing an actual weakness."
211417795,I think we can use a method like newInstallerClient() in DeployHubAmpsCommand but that would mean that 'sslContext' for stagingAppConfig  has to be set to the one obtained using 'admin' certificate (cert whose common name is 'admin' or the security user ,marklogic-data-hub,Java,44347024,1107167343,,security,certificate,cryptography,3,moderate,contextual,contextual,0,"Security-related keyword appears in a normal programming/documentation context, not describing an actual weakness."
242106999,"In {ProductName}, the TLS sidecar uses TLS to encrypt and decrypt all communication between the various components and Zookeeper. Zookeeper does not have native TLS support.",strimzi-kafka-operator,Java,51758431,1239779765,,,tls; encrypt; decrypt,cryptography,3,weak,weak,weak,0,"Security-related keyword appears in a normal programming/documentation context, not describing an actual weakness."
209973513,"yes, that is possible, however I wanted to resolve the security issue before adding any enhancements.",gitea,Go,43872764,1097566501,security issue,security,,vulnerability,7,strong,high_confidence,high_confidence,2,References resolving 'the security issue' with no further detail given.
260017988,"I'd recommend not using the AuditLogger directly, and instead following the lead that Security has set and creating a secret service specific audit logger, so that it's easier to ensure that the required data is provided for the different event types: ht",kibana,JavaScript,53633038,1316425405,,security,secret,secrets,3,moderate,contextual,contextual,0,"Security-related keyword appears in a normal programming/documentation context, not describing an actual weakness."
265816646,This opens a security issue,buy-nsw,Ruby,58024481,1336235169,security issue,security,,vulnerability,7,strong,high_confidence,high_confidence,2,Bare statement 'this opens a security issue' with no supporting detail.
209847135,![Codacy](https://app.codacy.com/assets/images/favicon.png) Issue found: [Standard pseudo-random generators are not suitable for security/cryptographic purposes.](https://app.codacy.com/app/favio.vazquezp/Optimus/pullRequest?prid=2013067),Optimus,,43697446,1100619618,,security,cryptographic,cryptography,3,moderate,contextual,contextual,1,Automated scan flags weak PRNGs unsuitable for cryptographic purposes (duplicate finding).
195877212,encryption is optional. in the UI a user can choose to encrypt the password. thats what L59 is doing here.,suhumsci,,40937816,1042895384,,,password; encryption; encrypt,authentication; secrets; cryptography,3,weak,weak,weak,0,"Security-related keyword appears in a normal programming/documentation context, not describing an actual weakness."
258737452,![Codacy](https://app.codacy.com/assets/images/favicon.png) Issue found: [Standard pseudo-random generators are not suitable for security/cryptographic purposes.](https://app.codacy.com/app/Appliances/kiwi/pullRequest?prid=3127522),kiwi,Python,56108872,1305447549,,security,cryptographic,cryptography,3,moderate,contextual,contextual,1,Automated scan flags weak PRNGs unsuitable for cryptographic purposes (duplicate finding).
