comment_id,comment,repo,language,pr_id,c_id,matched_strong,matched_weak,security_categories,candidate_score,indicator_strength,review_group,manual_label,review_notes
209203377,"Specifying a default parameter here would be very hacky in the current implementation as the corresponding group in the settings (\""objectives\"" or \""constraints\"") is in many different places in the code. So the question is, where to check and validate ",Kratos,,43791713,1096698079,,,,0,none,non_candidate,0,General code review comment; no security-relevant content.
226776992,Updated.,vault,JavaScript,47991333,1173050389,,,,0,none,non_candidate,0,General code review comment; no security-relevant content.
249360149,Looks hot to me to keep the decrypted credentials here. Can we be sure that the instances of this class only life in the context of a withCredentials closure? At the moment this is the case. But there is the risk of changes later on. In case somebody cha,jenkins-library,Groovy,53588678,1273978121,,credential; decrypt,authentication; cryptography; secrets,2,weak,weak_candidate,1,Discusses risk of decrypted credentials being exposed outside the intended safe closure.
274109433,"nice, ok, cool.\\as for your second paragraph: yes, any user-submitted data that is going to be part of a MySQL query should be escaped. so yes, we (i, in this example) should really go back and update old code to prevent SQL Injection. it's a very l",hifi-content,,59590735,1359760769,sql injection,,injection,2,strong,strong_candidate,1,Discusses SQL injection risk and the need to escape user-submitted data in queries.
209461901,"You're right, yeah.",emerald_mod,C,43901339,1098260925,,,,0,none,non_candidate,0,General code review comment; no security-relevant content.
252775278,IE ???? ,kitten,HTML,54623482,1288382937,,,,0,none,non_candidate,0,General code review comment; no security-relevant content.
249281905,"I agree, but I don't have time to keep all plugins updated with minor things like that. In most sites, certificates's issues are temporary until the admin fix it. I don't think this represents a very serious security problem.\Please, don't block the PR",qBittorrent,C++,53851599,1275557742,,certificate; security,cryptography; general_security,2,weak,weak_candidate,1,Acknowledges certificate issues represent a (temporary) security problem.
204798648,"Why is there both TLS and SSL? Also it's wrong to call TLS connection started with STARTTLS command as \""TLS\"" and TLS connection started with the imaps port \""SSL\"". I don't think there's any need to separate them anyway? Simpler to just have SSLACTIVE ",core,C,41278871,1080033609,,tls; ssl,cryptography,2,weak,weak_candidate,2,Discusses TLS vs SSL naming/terminology; no concrete weakness identified.
280758119,"The pbs_asprintf() function was introduced when we added \""-Wall -Werror\"" to the compilation parameters. That might be another option in this case. Several buffer overrun issues were addressed with this.",pbspro,C,59120434,1381959532,buffer overrun,,memory_safety,2,strong,strong_candidate,1,Discusses a buffer overrun issue and a fix (pbs_asprintf) that addressed it.
282528992,"With conditional privileges for API keys, the Rest APIs remain same but when conditional privileges restrict access of API keys to owner only then there is inherent requirement that requests must either contain `username` or `apiKeyId` or else the reques",elasticsearch,Java,62149912,1390610340,,privilege; api key,authorization; secrets,2,weak,weak_candidate,1,Discusses API key privilege/authorization design and access restrictions.
260901615,format the json (e.g. SHIFT+ATL+F in VS code),azure-quickstart-templates,Shell,55859069,1311608215,,,,0,none,non_candidate,0,General code review comment; no security-relevant content.
235296392,"Might want to add that this works around a CPU vulnerability, for users that don't know what `spectre` is.",bitcoin,C++,50179628,1211017917,vulnerability,,vulnerability,2,strong,strong_candidate,1,Discusses a real CPU vulnerability (Spectre).
235684726,sure,metasploit-framework,Ruby,50242013,1211952085,,,,0,none,non_candidate,0,General code review comment; no security-relevant content.
246483755,```suggestion\It will be difficult to completely prevent denial of service attacks that\```,openscreenprotocol,,52771200,1257735394,denial of service,,denial_of_service,2,strong,strong_candidate,1,Discusses denial of service attacks and prevention.
241783482,"do we support user/password type authentication? if not, let's remove it for now.",approval-api,Ruby,51692219,1236196346,,authentication; password,authentication,2,weak,weak_candidate,2,"Asks whether a basic auth mechanism is supported; feature question, not enough context on a weakness."
284831322,why are we not using matrix model here?,Lexos,JavaScript,62567367,1396016321,,,,0,none,non_candidate,0,General code review comment; no security-relevant content.
221469401,please no,plugins,PHP,43956082,1100764093,,,,0,none,non_candidate,0,General code review comment; no security-relevant content.
226579748,there\![image](https://user-images.githubusercontent.com/25555662/47208782-630b2f80-d397-11e8-9a93-3d4a1b6421f1.png)\,kibana,JavaScript,47666246,1170056982,,,,0,none,non_candidate,0,General code review comment; no security-relevant content.
245903842,"Yes, request returns 403 error.\```InvalidClientTokenId: The security token included in the request is invalid.\\n\\tstatus code: 403```",pmm-managed,Go,52814388,1261051435,,token; security,general_security; secrets,2,weak,weak_candidate,0,"Security-related keyword appears in a normal programming/documentation context, not describing an actual weakness."
255605097,"I would leave this last, after we make sure the token is valid and the authn token has been invalidated. This way the `refresh_token` is usable even when this API returns an error (validation or otherwise).\Do you think otherwise?",elasticsearch,Java,55022003,1293585666,,token; validation,input_validation; secrets,2,weak,weak_candidate,2,Discusses token validation/refresh ordering; touches security but lacks clear weakness detail.
247026429,`service_id` should not be added here since we have information about the service from path param. This is a security issue - user can reassign offer to any service by simply passing this value in the request.,marketplace,Ruby,53189133,1264738603,security issue,security,general_security; vulnerability,3,strong,strong_candidate,1,Describes an actual authorization bypass: user can reassign an offer by passing a raw ID.
222605272,```go\// Insecure disables client verification of the server TLS certificate chain\```,gravity,Go,46899430,1154678568,,tls; certificate,cryptography,2,weak,weak_candidate,1,Code comment flags that TLS certificate verification is insecurely disabled.
207683107,"The added locking here is no longer necessary, as `e.getLogger()` takes care of it's own locking.",cilium,Go,43499113,1090567045,,,,0,none,non_candidate,0,General code review comment; no security-relevant content.
206354228,"Truth be told, I haven't thought about this in quite a while and I'm not entirely sure what the plan we agreed upon was.",magic-modules,Ruby,42345922,1086066345,,,,0,none,non_candidate,0,General code review comment; no security-relevant content.
272019289,![Codacy](https://app.codacy.com/assets/images/favicon.png) Issue found: [Possible hardcoded password: 'secret'](https://app.codacy.com/app/jameswettenhall/mytardis/pullRequest?prid=3024740),mytardis,Python,52725899,1351679120,,password; secret,authentication; secrets,2,weak,weak_candidate,1,Automated scan flags a hardcoded password/secret in code.
220988828,"There are still vulnerabilities here :cry: \`found 9 vulnerabilities (2 low, 5 moderate, 2 high)`",erdapfel,,46352116,1146057632,vulnerability,,vulnerability,2,strong,strong_candidate,1,Discusses actual vulnerabilities found by a scanner.
288202713,I have never seen a CAD tool use lower case for these rotations. I don't think they should change.,hammer,Python,63428484,1410431039,,,,0,none,non_candidate,0,General code review comment; no security-relevant content.
281785944,with\??? ????? - ? ?????????,Python_822,,61199313,1385590259,,,,0,none,non_candidate,0,General code review comment; no security-relevant content.
267971560,"@edewata I will make a change to support connecting to remote LDAP, but we will use Directory Manager credential instead of agent cert.  Using the DM credential supports:\\- switching Dogtag from LDAPS TLS client authn to password authentication, avo",pki,Shell,58205964,1334332099,,authentication; password; credential; tls,authentication; cryptography; secrets,4,weak,weak_candidate,2,"Describes switching authentication mechanisms (LDAP/cert/password); implementation detail, not a stated weakness."
281657655,Good point I totally forgot that it's not required anymore. Fixed in b14227d.,kibana,JavaScript,61243439,1386837727,,,,0,none,non_candidate,0,General code review comment; no security-relevant content.
254901991,"```suggestion\was being deprecated for a variety of reasons, especially its poor security record \(e.g. potential vulnerability to class deserialization attacks which was later addressed by jep:200[Switch Remoting/XStream blacklist to a whitelist]).",jenkins.io,HTML,54983278,1293270743,vulnerability,security,general_security; vulnerability,3,strong,strong_candidate,1,Discusses a real deserialization attack vulnerability (XStream/Java).
283251090,Should this not be more in line with the other notebooks:\```\token = load_account()\if token is not None:\    authentication = get_token_authentication(token)\else:\    if QI_EMAIL is None or QI_PASSWORD is None:\        ...\```\?,quantuminspire,,62123639,1390311652,,authentication; token,authentication; secrets,2,weak,weak_candidate,2,Discusses restructuring code that touches token-based auth; lacks a clearly stated weakness.
244981767,![Vulnerability](https://sonarsource.github.io/sonar-github/vulnerability.png 'Vulnerability') Vulnerability: Use a logger to log this exception. ([squid:S1148](https://sonarcloud.io/organizations/tron-zhaohong/rules#rule_key=squid%3AS1148))\\[See it i,java-tron,Java,52749610,1257367645,vulnerability,,vulnerability,2,strong,strong_candidate,0,"SonarQube tags this 'Vulnerability' but the underlying issue (exception logging / making a field final) is a code-quality matter, not a security weakness."
216279654,"Good point, I don't think it introduces a vulnerability as it uses a prepared statement, but using sanitise_sql_like will mean we don't get unexpected searches if a user makes uses of a % character.",content-publisher,,45469028,1128478230,vulnerability,,vulnerability,2,strong,strong_candidate,1,Discusses SQL injection prevention via prepared statements vs. sanitization.
248686476,"Good idea, since the region here will be ignored if the resource group is already exists. I'm also changing the label for app service plan to `Default App Service Plan` since it'll be ignored if the App Service is already exists",OpenCatapult,,53499467,1270022436,,,,0,none,non_candidate,0,General code review comment; no security-relevant content.
255432620,"Perhaps change this to `Enable insecure SSL protocols.`?\Since what we're enabling here is actually SSL, not TLS.\Or alternatively, explicitly mention that it's enabling SSLv2 and SSLv3?",ansible,Python,34212029,1293975310,,tls; ssl,cryptography,2,weak,weak_candidate,1,Discusses enabling insecure legacy SSL protocols (SSLv2/SSLv3).
194069351,It's not clear to me how this bug report relates to CVE-2013-3703. It mentions not CVE-2013-3703 but CVE-2014-0593.,cvelist,,40566523,1035366194,cve,,vulnerability,2,strong,strong_candidate,1,Discusses a mismatch/error in official CVE identifiers.
241228855,This was in the `WriteSessionCookie` code to help us debug a particular case where the cookie size was incorrect.  I don't think it belongs in the code for writing the CSRF cookie.  I'd pull this out because its confusing against the other output. If you,mymove,JavaScript,50750239,1233082743,csrf,,injection,2,strong,strong_candidate,2,"Mentions CSRF cookie code, but the discussion is about code organization, not a weakness."
225718104,"I'm fine with this change, its more pythonic anyway.\\However, AFAIK it is not vulnerable to race conditions given my understanding of coroutines. Since coroutines don't actually run multiple processes/threads in parallel and this is not an async fun",pulp_docker,Python,47760105,1169424011,vulnerable,,vulnerability,2,strong,strong_candidate,1,Discusses (and rules out) a race-condition vulnerability in async code.
206631506,Jeg regner med dette trengs for CSRF prevention:\https://www.owasp.org/index.php/Cross-Site_Request_Forgery_(CSRF)_Prevention_Cheat_Sheet#Protecting_REST_Services:_Use_of_Custom_Request_Headers\\Greit å slenge med litt dokumentasjon på at den sende,core-components,HTML,43298360,1086929374,csrf,,injection,2,strong,strong_candidate,1,Discusses CSRF prevention with reference to OWASP guidance.
202134248,"This paragraph is largely an easier to read version of the paragraph that precedes it.  Can you combine them?  Maybe:\\\""To defend against this style of denial of service attack, endpoints in clusters that share a static stateless reset key (see {{re",base-drafts,,42308518,1068406959,denial of service,,denial_of_service,2,strong,strong_candidate,1,Describes a denial of service attack technique against stateless reset keys.
261217787,"This is an open redirect vulnerability...\\Let's just send a state as follows: `{action: 'accept-invite', package: '...', ...}`",pub-dartlang-dart,Dart,56585011,1319633480,vulnerability,,vulnerability,2,strong,strong_candidate,1,Flags an open redirect vulnerability.
256336301,"yea I was a bit confused as that variable isn't defined in the Makefile.  think tasks-shell should mount those secrets too, but wasn't sure what the actual path should be in `/var/lib/cockpit-tasks/?`",cockpituous,Shell,51698626,1295670803,,,,0,none,non_candidate,0,General code review comment; no security-relevant content.
287442320,```suggestion\configured in a vulnerable way) then there's no real way to guarantee the security\```\nit: The comma isn't need if in parentheses,website,HTML,63256779,1405423441,vulnerable,security,general_security; vulnerability,3,strong,strong_candidate,1,Suggestion text discusses a vulnerable configuration undermining security guarantees.
237685423,Isn't it a security issue to publish this private key ?,forge,,50690428,1219687017,security issue,security,general_security; vulnerability,3,strong,strong_candidate,1,Raises the security issue of publishing a private key.
282390928,"We should avoid assigning members of one module into members of another module, as it opens up the possibility of a code injection attack (if one can tamper with the client, you can swap this method out with a second method that, for example, has the sam",AZTEC,,60755468,1390285242,code injection,,injection,2,strong,strong_candidate,1,Discusses a code injection attack vector from cross-module member assignment.
242511151,"Agree, not here. Sounds like EditableCppInfo might deserve its own model",conan,Python,51927916,1242483385,,,,0,none,non_candidate,0,General code review comment; no security-relevant content.
236468032,Minor: These blank lines between brackets can be removed. There's more of them down below.,nixpkgs,Nix,49971033,1206946456,,,,0,none,non_candidate,0,General code review comment; no security-relevant content.
195355406,"When i tried as per your suggestions in line 78, I was not able to create a user session from username and password. The page was redirecting to login page instead of the dashboard page. I guess session is not passed if we put brackets around the user se",plots2,Ruby,40455479,1040600325,,password; session,authentication,2,weak,weak_candidate,2,Describes a functional bug in session creation from username/password; unclear if security-relevant.
241400740,"you can use this function in clientConn.Close(), never write the same code in two places.",tidb,Go,51686684,1234935500,,,,0,none,non_candidate,0,General code review comment; no security-relevant content.
231548045,I assume this line is generating locally CA-signed cert from pubkey after having checked on vault remote server that user to whom the GitHub token is associated is authorized. Right?,infrastructure,,48897823,1193376433,,authorize; token,authorization; secrets,2,weak,weak_candidate,2,"Describes cert/token generation flow; implementation detail, not a stated weakness."
261381505,"```suggestion\If the SSL certificate the server is using is not signed by a recognised public Certificate Authority,\```",ksql,Java,56823045,1319703984,,ssl; certificate,cryptography,2,weak,weak_candidate,2,Explains SSL certificate trust wording for documentation; no weakness identified.
255700480,Layout/AlignArray: Align the elements of an array literal if they span more than one line.<br>Metrics/LineLength: Line is too long. [153/80]<br>Style/SymbolArray: Use %i or %I for an array of symbols.,enroll,Ruby,54981473,1294091980,,,,0,none,non_candidate,0,General code review comment; no security-relevant content.
252202180,I agree that it's a problem that callers may use the session with the wrong signers. I hope I've caught and tested all cases where this could be a security issue.\\I can't really imagine how the session would reasonably manage the signers though. The,secp256k1-zkp,C,52287585,1285594063,security issue,session; security,authentication; general_security; vulnerability,4,strong,strong_candidate,1,Discusses a real security issue: sessions usable with the wrong signers.
232016785,"Thanks, updated it in dd13189.",envoy,C++,48489470,1195558863,,,,0,none,non_candidate,0,General code review comment; no security-relevant content.
280603688,"Line 761-822 is the same as the corresponding lines in class `FuzedBatchNormOp` above. Please make a base class `FusedBatchNormOpBase`, put the comment code there, and let `FuzedBatchNormOp` and this new V3 op inherit from it instead.",tensorflow,C++,58640512,1374714007,,,,0,none,non_candidate,0,General code review comment; no security-relevant content.
289165536,"I think I'll leave it since I don't know ~for sure~ that it wouldn't be used, but will ensure it's protected from SQL injection. (To be continued on PR #88)",idp-id-sync,PHP,63721000,1411233441,sql injection,,injection,2,strong,strong_candidate,1,Discusses ensuring protection from SQL injection.
285826094,"Image tagged, CVEs [fixed](https://quay.io/repository/helmpack/kubectl-helm-az/manifest/sha256:f880d3797da1c914a7bedf2674741d6b2ad2b07c0c7c8caa16efcb15f3d49a96?tab=vulnerabilities) ???? ",hub,,61201940,1377978156,vulnerability,,vulnerability,2,strong,strong_candidate,1,Discusses CVEs that were fixed in an image.
269778321,"parsing may fail due to many reasons, e.g. duplicated usernames, missing password hash, etc. Also, it may succeed and return empty credentials list for an empty file.",TabPy,Python,58734460,1342624208,,password; credential,authentication; secrets,2,weak,weak_candidate,2,Discusses credential file parsing edge cases; unclear security implication.
193282935,"![Vulnerability](https://sonarsource.github.io/sonar-github/vulnerability.png 'Vulnerability') Vulnerability: Use a cryptographically strong random number generator (RNG) like \""java.security.SecureRandom\"" in place of this PRNG ([squid:S2245](https://so",java-tron,Java,40474437,1032936171,vulnerability,security,general_security; vulnerability,3,strong,strong_candidate,1,Automated scan flags use of a cryptographically weak PRNG instead of SecureRandom.
231390154,nitpick: I'm remove the line break before this for you,simple-android,Kotlin,48967940,1188868755,,,,0,none,non_candidate,0,General code review comment; no security-relevant content.
257495367,"![Vulnerability](https://sonarsource.github.io/sonar-github/vulnerability.png 'Vulnerability') Vulnerability: Make this \""public static TEST_INPUT_PERSON_RESOLVER\"" field final ([squid:S1444](https://sonarqube.kbuild.msap.io/coding_rules#rule_key=squid%3",mule,Java,55094381,1297532764,vulnerability,,vulnerability,2,strong,strong_candidate,0,"SonarQube tags this 'Vulnerability' but the underlying issue (exception logging / making a field final) is a code-quality matter, not a security weakness."
244145959,"@promag You're talking a pointer to a char array and adding an integer to it. If i is larger than the number of characters in the string, this results in reading in a buffer overflow.",bitcoin,C++,52346974,1249619988,buffer overflow,,memory_safety,2,strong,strong_candidate,1,Explains a concrete buffer overflow from pointer arithmetic on a char array.
276011575,We shouldn't call this option host. It's an api key or a token.,home-assistant.io,HTML,57118618,1366610266,,api key; token,secrets,2,weak,weak_candidate,0,"Security-related keyword appears in a normal programming/documentation context, not describing an actual weakness."
231195865,"What if DownloadStateResponse had a token in it (a random uint64, for instance). Then instead of Reset, you'd have Token. When Token == 0, it means this is a new session. If Token is not known by the far side, it is treated as zero. I understand what thi",cothority,Go,48633794,1193449389,,token; session,authentication; secrets,2,weak,weak_candidate,2,Discusses token/session protocol design; lacks context on an actual weakness.
200001345,![Vulnerability](https://sonarsource.github.io/sonar-github/vulnerability.png 'Vulnerability') Vulnerability: Use a logger to log this exception. ([squid:S1148](https://sonarcloud.io/organizations/tron-zhaohong/rules#rule_key=squid%3AS1148))\\[See it i,java-tron,Java,41911296,1060468406,vulnerability,,vulnerability,2,strong,strong_candidate,0,"SonarQube tags this 'Vulnerability' but the underlying issue (exception logging / making a field final) is a code-quality matter, not a security weakness."
269270096,Appears to be fixed.\\```\msf5 exploit(multi/postgres/postgres_copy_from_program_cmd_exec) > rcheck \[*] Reloading module...\\[*] 127.0.0.1:5432 - 127.0.0.1:5432 Postgres - querying with 'select version()'\[*] 127.0.0.1:5432 - The target ap,metasploit-framework,Ruby,58307705,1338494689,exploit,,vulnerability,2,strong,strong_candidate,0,"Discusses normal Metasploit exploit-module development/testing; 'exploit' is used in the tool's ordinary sense, not describing a vulnerability in the reviewed code."
250075012,"Optional: Better to call it apiPaths or apiURLs? \""Call\"" sounds vague.",personfinder,Python,54012376,1278163914,,,,0,none,non_candidate,0,General code review comment; no security-relevant content.
257015077,"![Vulnerability](https://sonarsource.github.io/sonar-github/vulnerability.png 'Vulnerability') Vulnerability: Make this \""public static TEST_INPUT_PERSON_RESOLVER\"" field final ([squid:S1444](https://sonarqube.kbuild.msap.io/coding_rules#rule_key=squid%3",mule,Java,55094381,1297532764,vulnerability,,vulnerability,2,strong,strong_candidate,0,"SonarQube tags this 'Vulnerability' but the underlying issue (exception logging / making a field final) is a code-quality matter, not a security weakness."
252077108,"This is OK for now, but we should add a backlog item for setting up API keys. That way we can rotate them via a env var and not a password that is set in the DB.",cgov-digital-platform,PHP,54472671,1285952732,,password; api key,authentication; secrets,2,weak,weak_candidate,1,Discusses moving away from hardcoded passwords toward rotated API keys.
229399908,"```\            OTP(0, 0),\            SMS(1, 1),\            PASSWORD(2, 2),\            ASSERTION(3, 3),\            IWA(4, 4),\            EMAIL(5, 5),\            OAUTH2(6, 6),\            JWT(7, 7),\            CERTIFICATE(8, 8),\",okta.github.io,HTML,48737320,1185380235,,password; certificate,authentication; cryptography,2,weak,weak_candidate,0,"Security-related keyword appears in a normal programming/documentation context, not describing an actual weakness."
236668724,"Yes, to avoid second VirtIO session I use `exec_and_insert_password` later on and it does not accept different password.",os-autoinst-distri-opensuse,Perl,50520872,1216684135,,password; session,authentication,2,weak,weak_candidate,0,"Security-related keyword appears in a normal programming/documentation context, not describing an actual weakness."
260736730,'arrow function syntax (=>)' is only available in ES6 (use 'esversion: 6').,dl-ui,JavaScript,56774690,1319352246,,,,0,none,non_candidate,0,General code review comment; no security-relevant content.
224481035,"It's only needed when the user is not yet authenticated, but we can find out who they are based on a token, for example, when confirming email, resetting password, etc.",identity-idp,Ruby,47046532,1162418243,,authenticate; password; token,authentication; secrets,3,weak,weak_candidate,0,"Security-related keyword appears in a normal programming/documentation context, not describing an actual weakness."
245748317,So that `result` object - does it have the information about which scopes are missing anywhere in it? Should we be showing that information at all in the authorization case?,taskcluster,,52981529,1261538191,,authorization; authorize,authorization,2,weak,weak_candidate,2,"Raises a question about exposing missing-scope info in authorization responses; potential info disclosure, not confirmed."
278728201,"These two lines of comment doesn't seem to provide much information, I would suggest to remove them.",tensorflow,C++,58862171,1374258260,,,,0,none,non_candidate,0,General code review comment; no security-relevant content.
261253819,"What's the type of `result` here? A dask array with unknown chunks or a dask dataframe?\\if it's a dataframe, I'd prefer to convert it to an array and make the same assertions, so that we aren't vulnerable to changes in pandas' broadcasting rules.",dask-ml,,55638721,1308759529,vulnerable,,vulnerability,2,strong,strong_candidate,0,"'vulnerable' is used to mean code fragility/incorrect behavior, not a security vulnerability."
192843327,"This is vulnerable to SQL injection. You need to use prepared statements (with `?` instead, see the other queries)",Submitty,PHP,39993213,1031363075,vulnerable; sql injection,,injection; vulnerability,4,strong,strong_candidate,1,Flags code as vulnerable to SQL injection and recommends prepared statements.
233535044,"I'm sorry, I probably found this problem with XSS vulnerability in some of previous versions. Now it seems to be ok. I changed it back.",iTop,,49667477,1201823845,vulnerability; xss,,injection; vulnerability,4,strong,strong_candidate,1,Discusses a previously found XSS vulnerability.
207866748,"@kacurez bomby, funguje dobre. Nejsou tam ty priblby nully. Diky",kbc-ui,CoffeeScript,43436242,1089423853,,,,0,none,non_candidate,0,General code review comment; no security-relevant content.
212251888,"SSL certificates are `Certificate` objects in Kubernetes, and they are not directly equivalent to secrets.\even if we assume certificates are secrets, this would cause secret API to become too complicated.\If you insist on not having another group fo",fandogh-cli,Python,44469943,1109554643,,secret; ssl; certificate,cryptography; secrets,3,weak,weak_candidate,2,"Discusses how SSL certs relate to the secrets data model; design discussion, not a stated weakness."
269009808,```suggestion\# + credentialBearer - How authentication credentials are sent to the authorization server\```,ballerina-lang,Java,58161645,1340376639,,authentication; authorization; authorize; credential,authentication; authorization; secrets,4,weak,weak_candidate,0,"Security-related keyword appears in a normal programming/documentation context, not describing an actual weakness."
267425059,wwwcli fetches the CSRF tokens automatically now before running any commands so you don't need to do it here.\\https://github.com/decred/politeia/blob/master/politeiawww/cmd/politeiawwwcli/politeiawwwcli.go#L40,politeia,Go,56933148,1335543938,csrf,token,injection; secrets,3,strong,strong_candidate,1,Discusses CSRF token handling being automated by the client.
257532717,"The \""Hash\"" is now a token - arguably the randomness of the token is reduced when \""hashed with user info\"". Also now it's tracking the ID of the member in the session too, meaning that we can fetch the member and their reset tokens rather than scanning",silverstripe-framework,PHP,55946915,1301406194,,token; session,authentication; secrets,2,weak,weak_candidate,1,Discusses reduced randomness/security of a token when hashed with user info.
193935653,"Actually, for /register, restricting CORS isn't even sufficient. Need some form of CSRF token. But I guess we can punt on that for now.",quilt,,38136459,1035069930,csrf,token,injection; secrets,3,strong,strong_candidate,1,Discusses CSRF protection gap: CORS restriction alone is insufficient.
269732064,"This logic branch assumes that the value of the Authorization header and the access token in the config are identical, which isn't always true - for example, `cf curl` allows a user to explicitly provide the Authorization header via the -H flag. \\On",cli,Go,58292342,1341871241,,authorization; authorize; token,authorization; secrets,3,weak,weak_candidate,2,Describes an edge case in Authorization header handling; unclear if a real weakness.
289039978,"```suggestion\7. Log in to DNAnexus, where `$TOKEN` is an [API Token](https://wiki.dnanexus.com/Command-Line-Client/Login-and-Logout#Authentication-Tokens).  \```",sjcloud-docs,,63022564,1402870784,,authentication; token,authentication; secrets,2,weak,weak_candidate,0,"Security-related keyword appears in a normal programming/documentation context, not describing an actual weakness."
200813085,"> Not sure, why this condition is necessary, is there something special with the exact version?\\Yes, in the 1.3.1 a call `zip_discard()` after faulty `zip_close()` may cause segfault (because of use after free). For example, on the build with libzip",php-src,C,41445156,1057289880,use-after-free,,memory_safety,2,strong,strong_candidate,1,Explains a use-after-free vulnerability causing segfaults.
230860620,"This can introduce a security bug by using user-controlled input to build a SQL query. Always validate all parameters!\\Also, obey the Hound! :dog: ",cartodb,Ruby,48989355,1189224531,security bug,security,general_security; vulnerability,3,strong,strong_candidate,1,Flags a security bug: user-controlled input used to build a SQL query.
192844793,SQL injection,Submitty,PHP,39993213,1031363075,sql injection,,injection,2,strong,strong_candidate,1,Flags SQL injection directly.
268498651,```suggestion\# + clientId - Client ID for password grant authentication\```,ballerina-lang,Java,58161645,1339428979,,authentication; password,authentication,2,weak,weak_candidate,0,"Security-related keyword appears in a normal programming/documentation context, not describing an actual weakness."
282820325,Unnecessarily quoted property 'Authorization' found  quote-props,ah-the-answer-frontend,,62174043,1391626196,,authorization; authorize,authorization,2,weak,weak_candidate,0,"Security-related keyword appears in a normal programming/documentation context, not describing an actual weakness."
240355032,"As described, I think there's a DoS vulnerability here:  I can send the network maximally-sized contracts that have a syntax error early on, and the entire contract body will be included in the chain (effectively getting underpriced storage).  Same goes ",blockstack-core,Python,50722127,1230948045,vulnerability,,vulnerability,2,strong,strong_candidate,1,Describes a denial-of-service vulnerability from unpriced contract storage.
227295420,Done,openebs-docs,,48174391,1175941983,,,,0,none,non_candidate,0,General code review comment; no security-relevant content.
234391085,"Please convert this to a `switch` with an empty-assertion. As it stands,\it is vulnerable to silently doing the wrong thing in the faces of\particular new kinds of adjacencies.\",SourceCred,,49933985,1206209059,vulnerable,,vulnerability,2,strong,strong_candidate,0,"'vulnerable' is used to mean code fragility/incorrect behavior, not a security vulnerability."
262587502,"This module should use positively worded logic where possible, C-style logical operators, and avoid nested conditionals (early return ideally).\\I also suggest moving the `check` and `exploit` methods under `initialize` as we normally do.",metasploit-framework,Ruby,53019525,1320390382,exploit,,vulnerability,2,strong,strong_candidate,0,"Discusses normal Metasploit exploit-module development/testing; 'exploit' is used in the tool's ordinary sense, not describing a vulnerability in the reviewed code."
269017560,```suggestion\# + return - Auth token or `error` if an error occured during validation\```,ballerina-lang,Java,58161645,1340376639,,token; validation,input_validation; secrets,2,weak,weak_candidate,0,"Security-related keyword appears in a normal programming/documentation context, not describing an actual weakness."
233226091,"this is an API type, so it can't be a file reference.  It need to be a secret reference.  I can see a strong case for requiring `tls.crt` and `tls.key` to match the kube secret type.",api,,49682370,1202050604,,secret; tls,cryptography; secrets,2,weak,weak_candidate,2,Discusses requiring a secret reference vs. file reference for TLS material; design detail.
207081022,'websocket.WebSocketTimeoutException' imported but unused,home-assistant,Python,43388143,1088532060,,,,0,none,non_candidate,0,General code review comment; no security-relevant content.
244666393,"> `+ 4` is because of `BSTR` semantics?\\Looking at the code that follows, my guess that this is some kind of compat quirk. There was probably some broken .NET Framework app with buffer overrun, and we have made it \""work\"" by allocating bigger buffe",coreclr,C#,52635874,1255722562,buffer overrun,,memory_safety,2,strong,strong_candidate,1,Discusses a historical compatibility bug rooted in buffer overrun handling.
221519438,"But then my fan (and others) will not work satisfyingly... Speed nr 3 (75%) is missing in your example...\As KNX devices have their own internal logic and many of them are automated (semi-automated), if the system chooses speed 75%, then HASS will disp",home-assistant,Python,45213511,1150622830,,,,0,none,non_candidate,0,General code review comment; no security-relevant content.
245164197,"I can give it a test with that checker tomorrow.\But I think that it is in sync with the ARM publication, so if ARM states it's not vulnerable then we can unset the flag and save some resources.\\This reminds me that 4.19 also has Spectre flag set ",openwrt,C,52688246,1257938667,vulnerable,,vulnerability,2,strong,strong_candidate,1,Discusses whether hardware is vulnerable to Spectre.
261494839,"There needed to establish an ordering between stake pool IDs (and possible stake keys in the future) for selecting a leader based on stake.\\Unlikely private keys, I don't think there is a security issue in having Eq/Ord traits on them, right?",rust-cardano,Rust,56800063,1319546444,security issue,security,general_security; vulnerability,3,strong,strong_candidate,1,Discusses whether a design choice introduces a real security issue with private keys.
206637614,"Hmm, there are more reflection APIs than just these e.g. in `sun.misc.Unsafe`. \\We should disallow access to any of the packages that are forbidden by the default Java sandbox security policy. See the `package.access` key in jre/lib/security/java.se",corda,,40976869,1082516311,,sandbox; security,general_security; sandbox,2,weak,weak_candidate,1,Discusses restricting access per the Java sandbox security policy.
262496019,this condition is valid only if `ceph_osd_pool_default_min_size` is `0`,ceph-ansible,Python,56952611,1320613932,,,,0,none,non_candidate,0,General code review comment; no security-relevant content.
285740924,I was trying to think about what would make sense in the data. So in this case it would result in `Store > Entity Details` and then action: `Close`. But happy to add Header into that chain if you think it's clearer.,juju-gui,JavaScript,62766933,1398734250,,,,0,none,non_candidate,0,General code review comment; no security-relevant content.
279241372,```suggestion\// Authorization is based on scopes. A scope maps to one or more groups.\```,ballerina-lang,Java,60643109,1373973088,,authorization; authorize,authorization,2,weak,weak_candidate,0,"Security-related keyword appears in a normal programming/documentation context, not describing an actual weakness."
243065112,"If you could for the IDs in this submission and in future submissions, please remove any names of individuals associated with discovering the vulnerability from the description. So in this case for example, the description could begin with \""Elastic's Ki",cvelist,,52095460,1245078341,vulnerability,,vulnerability,2,strong,strong_candidate,1,Discusses proper vulnerability-disclosure documentation practices for CVEs.
214496286,All classes/interfaces should be named using nouns. Please consider making changes across the review. In this specific case something like `Authorization\\CartMutation::isAllowed` sounds better,async-import,,44914975,1117769482,,authorization; authorize,authorization,2,weak,weak_candidate,0,"Security-related keyword appears in a normal programming/documentation context, not describing an actual weakness."
230373741,"Checks would be welcome in the callers so that they can fail with an \""invalid argument\""-type error instead of failing with an `ENOENT` error that would not immediately make sense to someone trying to understand in good faith (and not trying to exploit)",Arsenal,JavaScript,48926317,1188410568,exploit,,vulnerability,2,strong,strong_candidate,0,"Discusses normal Metasploit exploit-module development/testing; 'exploit' is used in the tool's ordinary sense, not describing a vulnerability in the reviewed code."
246396611,This version does not seem to exist?\```\? spack info py-certifi\PythonPackage:   py-certifi\\Description:\    Certifi: A carefully curated collection of Root Certificates for\    validating the trustworthiness of SSL certificates while ver,Spack,,53128594,1263795059,,ssl; certificate,cryptography,2,weak,weak_candidate,0,"Security-related keyword appears in a normal programming/documentation context, not describing an actual weakness."
229349361,And another kitten meets a gruesome end... :cat2:,corda,,48727942,1185319123,,,,0,none,non_candidate,0,General code review comment; no security-relevant content.
233747099,So is there or isn't there currently an XSS vulnerability?,iTop,,49667477,1201823845,vulnerability; xss,,injection; vulnerability,4,strong,strong_candidate,1,Discusses status of an actual XSS vulnerability in the code.
216786198,Templating doesn't get rendered.,signalfx-agent,Go,45563951,1130239086,,,,0,none,non_candidate,0,General code review comment; no security-relevant content.
247544892,"This will generally have to be an integer, so you should probably cast it here (with a try/except to catch a `ValueError` if the value can't be cast to an int).",edx-platform,Python,53298402,1269133374,,,,0,none,non_candidate,0,General code review comment; no security-relevant content.
279129212,"@shawndwells I would maybe change this to: \```If <tt>authorization-mode</tt> is not configured to <tt>Webhook</tt>, the node systemd service (<tt>atomic-openshift-node</tt>) will not start.```\\Of course, it would be also nice to have a security r",content,Python,61099177,1375870662,,authorization; authorize; security,authorization; general_security,3,weak,weak_candidate,2,Requests clearer security rationale for an authorization-mode requirement; no weakness stated.
220296761,Be specific about the actions you want readers to take:\* Follow the the instructions in the [quick start](/docs/setup/kubernetes/quick-start/) to install Istio on Kubernetes with authentication enabled.\* Enable mutual TLS (mTLS) authentication when,istio.io,,46124280,1139426017,,authentication; tls,authentication; cryptography,2,weak,weak_candidate,0,"Security-related keyword appears in a normal programming/documentation context, not describing an actual weakness."
252108557,"Sounds like we are relatively sure that we want to use the default version, I agree.",akka,Scala,54464232,1285847600,,,,0,none,non_candidate,0,General code review comment; no security-relevant content.
209573956,"Suggestion:\Can we rephrase as:\If you have selected an option to apply same password to the author certificate and to the distributor certificate in [information of the author certificate](#2-information-of-the-author-certificate), the password is a",tizen-docs,,42843897,1099346268,,password; certificate,authentication; cryptography,2,weak,weak_candidate,0,"Security-related keyword appears in a normal programming/documentation context, not describing an actual weakness."
264819458,"I'm referring to the how the containerizers are passed messages.  When the `--containerizers` flag only has a single entry (`mesos` or `docker`), the `ComposingContainerizer` is not used.  That means the validation logic added here will not be run, even ",mesos,C++,57769009,1328709000,,,,0,none,non_candidate,0,General code review comment; no security-relevant content.
218998989,Let's be more specific here. What versions? When is it no longer an issue? How can people check if they are vulnerable?,vault,JavaScript,46053943,1139327832,vulnerable,,vulnerability,2,strong,strong_candidate,1,Requests clarity on which versions are vulnerable and how to check.
198086325,"The 'secret url' was the favoured approach to security in the absence of ACLs so, yes, good spot ???? ",rm-survey-service,Go,41312380,1051585678,,secret; security,general_security; secrets,2,weak,weak_candidate,1,Discusses a weak security design: relying on a 'secret URL' instead of ACLs.
198446232,"No. Don't hard-code 'default' passwords. If the Grafana chart doesn't somehow set up some random password in a secret unless overridden, then that should be added upstream. Otherwise, we should simly use that functionality.",Zenko,,41556501,1053499958,,password; secret,authentication; secrets,2,weak,weak_candidate,1,Flags hardcoded default passwords as a security problem.
280066215,checked it. without the `new.to_s` it prints `::LogMessages::Authentication::Security::SecurityValidated`,conjur,Ruby,61430803,1380838713,,authentication; security,authentication; general_security,2,weak,weak_candidate,0,"Security-related keyword appears in a normal programming/documentation context, not describing an actual weakness."
276803757,"I thought Jenkins was using a personal access token, not username/password? That's why we generate one, right? We shouldn't need the Gitlab username/password on the Jenkins side at all, it's only used for the initial PAT generation, and all you need to d",jazz-installer,Ruby,47909608,1336961975,,password; token,authentication; secrets,2,weak,weak_candidate,2,Discusses PAT vs username/password design choice; implementation detail.
239205202,The year should be 2018. There are other classes in this PR that have years other than 2018 in the copyright comments. Any new classes should have the year of the release in the copyright comment block.,Cumulus,Apex,47997680,1227278739,,,,0,none,non_candidate,0,General code review comment; no security-relevant content.
288298569,It's brought in by another package: commons-validator:commons-validator:1.6. It takes a dependency on commons-beanutils:commons-beanutils:jar:1.9.2. The dependency that I added brings in 1.9.3 which--it turns out--does not address the vulnerability issue,azure-cosmosdb-java,Java,63501071,1408760908,vulnerability,,vulnerability,2,strong,strong_candidate,1,Discusses a dependency upgrade that does not address a known vulnerability.
255814360,"Credentials are used for cases where we cannot use ARM for registry authentication, for example importing from DockerHub or Azure Container Registries for which customers do not have proper permissions but only credentials. In other words, if a registry ",azure-cli,Python,55104739,1294141568,,authentication; permission; credential,authentication; authorization; secrets,3,weak,weak_candidate,2,"Explains when credentials vs. ARM auth are used; design rationale, not a stated weakness."
264306131,"Is this option to use an existing secret mutually exclusive with the `tls.ca`, `tls.cert`, and `tols.key` options below?\\If so, I feel like the documentation should make this clear.",charts,Shell,57744091,1327604314,,secret; tls,cryptography; secrets,2,weak,weak_candidate,2,Asks about TLS option interactions; documentation clarity question.
230259119,You may add TODO tag in this comment.,Elastos.ELA,,48945798,1188525772,,,,0,none,non_candidate,0,General code review comment; no security-relevant content.
219354596,"![BLOCKER](https://sonarsource.github.io/sonar-github/severity-blocker.png 'Severity: BLOCKER') 'PASSWORD' detected in this expression, review this potentially hard-coded credential. [![rule](https://sonarsource.github.io/sonar-github/rule.png)](https://",ddf,Java,45775853,1140398299,,password; credential,authentication; secrets,2,weak,weak_candidate,1,Automated scan flags a potentially hardcoded credential.
273973343,"Interesting, usually this term is used to describe that someone / something had the permission to do sth? Here, it sounds more like it's that and some form of authentication?",ics,,59547113,1359402707,,authentication; permission,authentication; authorization,2,weak,weak_candidate,0,"Security-related keyword appears in a normal programming/documentation context, not describing an actual weakness."
228305698,authentication headers are in jobs_api_config = Rails.application.secrets.jobs\which is defined in secrets. I'll double check the necessity of the header,search-gov,,48368238,1179739165,,authentication; secret,authentication; secrets,2,weak,weak_candidate,0,"Security-related keyword appears in a normal programming/documentation context, not describing an actual weakness."
282790145,"```suggestion\For security reasons, Minio credentials are generated during Kyma installation and stored inside the Kubernetes Secret object. \```",kyma,,62215264,1391464393,,credential; secret; security,authentication; general_security; secrets,3,weak,weak_candidate,2,"Describes storing credentials in a Kubernetes Secret; describes practice, not a weakness."
234806449,"What about the tests? They will start to fail, wouldn't they?",shopsys,PHP,49648747,1208522167,,,,0,none,non_candidate,0,General code review comment; no security-relevant content.
217628980,Freeing on null should be noop.  You can revert this line to look like the old one:\```\free(buffer);`\```\,Sming,HTML,45579432,1132906612,,,,0,none,non_candidate,0,General code review comment; no security-relevant content.
210121646,"The authorization is part of the `KafkaUser` resource. The `proc-creating.kafka.user.adoc`, and `proc-changing-kafka-user.adoc` even contain an example with ACLs. There is no other procedure IMHO.",strimzi-kafka-operator,Java,44023219,1100963633,,authorization; authorize,authorization,2,weak,weak_candidate,0,"Security-related keyword appears in a normal programming/documentation context, not describing an actual weakness."
262337142,"Yes, Ivan In authentication, AuthState is enough, and no place requires to get authenticationData.\There are a lot of places in authorization code that reference the authenticationData, like in this file and also broker/consumer.java and broker/produce",pulsar,Java,56465539,1320254348,,authentication; authorization; authorize,authentication; authorization,3,weak,weak_candidate,0,"Security-related keyword appears in a normal programming/documentation context, not describing an actual weakness."
241504529,"I will point them to the domain-home-in-image/README.md and just make sure that they have all the specific inputs they need (like the domain UID, the domain namespace and how to \""reate the Kubernetes secrets username and password of the admin account in",weblogic-kubernetes-operator,Java,51687157,1235129439,,password; secret,authentication; secrets,2,weak,weak_candidate,0,"Security-related keyword appears in a normal programming/documentation context, not describing an actual weakness."
239768883,```suggestion\			$this->status = ($vulnerabilities) ? 1 : 0;\```,YetiForceCRM,PHP,51262622,1230368097,vulnerability,,vulnerability,2,strong,strong_candidate,0,"Security-related keyword appears in a normal programming/documentation context, not describing an actual weakness."
219951302,"Authentication could fix this issue, if we required the certificate to be signed / associated with the node that was originally contacted. I'll follow up on high that might be done.",kubernetes,Go,42878441,1086152140,,authentication; certificate,authentication; cryptography,2,weak,weak_candidate,1,Discusses a fix (cert pinning to node) for a real authentication issue.
218984705,"Yeah, by default DDF has read/write permissions to anything in the user's home directory.\https://github.com/codice/ddf/blob/master/distribution/ddf-common/src/main/resources/security/default.policy#L440-L441",ddf,Java,46043752,1139203080,,permission; security,authorization; general_security,2,weak,weak_candidate,1,Flags overly broad file permissions in the user's home directory as a security concern.
257675484,wording: `with provided a TLS certificate`,proposal,,45248674,1285059907,,tls; certificate,cryptography,2,weak,weak_candidate,0,"Security-related keyword appears in a normal programming/documentation context, not describing an actual weakness."
226639348,"The credentials used here are configured in Jenkins' global credentials store. The \""password\"" in this context is an access token for the \""jenkins-hypothesis\"" GitHub account.",client,JavaScript,47354438,1172826007,,password; credential; token,authentication; secrets,3,weak,weak_candidate,2,Explains that a 'password' field is actually an access token; clarifying detail.
233729320,datname needs quoting,gpdb,PLpgSQL,49783015,1203724485,,,,0,none,non_candidate,0,General code review comment; no security-relevant content.
238449038,"I think either of the two following approaches are valid:\- torch.clamp(tensor, min=None, max=None) gives back the same tensor (what you are proposing)\- torch.clamp(tensor, min=None, max=None) errors out (what is implemented in this PR and in previo",pytorch,Python,50978723,1225393569,,,,0,none,non_candidate,0,General code review comment; no security-relevant content.
289325998,Same as https://github.com/SkillsFundingAgency/das-authorization/pull/22#discussion_r289319999 & https://github.com/SkillsFundingAgency/das-authorization/pull/22#discussion_r289325570,das-authorization,,63932349,1414560412,,authorization; authorize,authorization,2,weak,weak_candidate,0,"Security-related keyword appears in a normal programming/documentation context, not describing an actual weakness."
274137665,Buffer overflow vulnerability!  (See comment on line 42),terrier,C++,59775231,1359791738,vulnerability; buffer overflow,,memory_safety; vulnerability,4,strong,strong_candidate,1,Flags a buffer overflow vulnerability directly.
240302735,Can you put a note about why this was moved down here? I assume you want CSRF turned on only after all the API calls have been set up?  I just want to make sure we prevent some well-meaning person from organizing this to a different part of the code and ,mymove,JavaScript,50750239,1231113514,csrf,,injection,2,strong,strong_candidate,1,Discusses CSRF middleware ordering to ensure protection is reliably applied.
222326482,Possible SQL injection? :thinking: :warning: ,server-tools,Python,46484039,1151755831,sql injection,,injection,2,strong,strong_candidate,1,Flags a possible SQL injection.
217047332,This should be `browserLoc` right?,gatsby,JavaScript,45623788,1131235213,,,,0,none,non_candidate,0,General code review comment; no security-relevant content.
222042913,"To specify the authentication chain, can't we just use the same studio config property `studio.security.type` and separate the chain by commas, eg. `studio.security.type: headers, ldap, db`?",studio,Java,46802701,1153179870,,authentication; security,authentication; general_security,2,weak,weak_candidate,0,"Security-related keyword appears in a normal programming/documentation context, not describing an actual weakness."
205569255,Good point. I don't see why the usernames shouldn't be specified so I removed the default entirely: https://github.com/dimagi/commcare-cloud/pull/1965/commits/6dfdf01e88cddac32b6e374b8884854e224494eb\\Is that being used somewhere that I'm not seeing ,commcare-cloud,Python,43059634,1082405363,,,,0,none,non_candidate,0,General code review comment; no security-relevant content.
242933318,"AFAIK the acme annotation is useful in case of Ingress using TLS to autogenerate certificate through cert-manager, whereas our concern is about telling the ingress to use HTTPS to connect to the backend.",charts,Shell,52009253,1244716540,,tls; certificate,cryptography,2,weak,weak_candidate,0,"Security-related keyword appears in a normal programming/documentation context, not describing an actual weakness."
229783698,"If we just guard against this not existing, i.e. something like the below, I think this is worth doing!\\```jsx\if (typeof window.IntersectionObserver !== 'undefined') {\  // regular setup\} else {\  this.observer = {};\  this.observerTarge",gatsby,JavaScript,48827073,1186777829,,,,0,none,non_candidate,0,General code review comment; no security-relevant content.
217548713,Only suppress the specific category rather than a blank `noqa`.,rclpy,C,45706191,1132931717,,,,0,none,non_candidate,0,General code review comment; no security-relevant content.
225593219,Don't need the `else if` when returning from the above `if` block.  Just use a new `if`,wp-calypso,JavaScript,46178642,1168475473,,,,0,none,non_candidate,0,General code review comment; no security-relevant content.
228104898,"please, add check to prevent buffer overflow:\```\if (std::end(huffmanParams->huffman_table[i].num_dc_codes) - std::begin(huffmanParams->huffman_table[i].num_dc_codes) < 16)\                    return UMC_ERR_NOT_ENOUGH_BUFFER;\```",MediaSDK,C++,48339982,1179311751,buffer overflow,,memory_safety,2,strong,strong_candidate,1,Proposes a concrete check to prevent a buffer overflow.
273148760,```\curl --verbose https://github.com/redhWRONGoper/devopsconsole-s?service=git-upload-pack\HTTP/1.1 401 Authorization Required\```\\```\curl --verbose https://bitbucket.org/sbose78/tedxbangalore2017.git/info/refs?service=git-upload-pack\HT,devconsole-operator,Go,59744194,1356775871,,authorization; authorize,authorization,2,weak,weak_candidate,0,"Security-related keyword appears in a normal programming/documentation context, not describing an actual weakness."
232293543,"so, it is not possible to exploit the preview isolation feature in tbb 2017. The first release offering this is tbb 2018. I upgraded the PR in order to require at least tbb2018, if not fetch the built-in , which is tbb2019.\",root,C++,49411303,1197103680,exploit,,vulnerability,2,strong,strong_candidate,1,Discusses whether a preview isolation feature is exploitable in a given version.
234244903,"Instead of a bag of rather random properties, this `mapStateToProps` should return the two booleans the component acually cares about: `shouldRender` and `shouldShowNotification`. I.e., the calculation should be moved from the React component into the `c",wp-calypso,JavaScript,47891083,1205727211,,,,0,none,non_candidate,0,General code review comment; no security-relevant content.
244458653,"The limited permissions delimiter character (`';'`) is used in many places. It should probably be stored to some constant, e.g. somewhere in `PlatformConstants.Security` class.",vc-platform-core,,52069801,1251610429,,permission; security,authorization; general_security,2,weak,weak_candidate,0,"Security-related keyword appears in a normal programming/documentation context, not describing an actual weakness."
226655055,```suggestion\response or with the error message ``operation requires privilege escalation``.\```,ansible,Python,47556207,1171869141,privilege escalation,privilege,authorization,3,strong,strong_candidate,0,"Security-related keyword appears in a normal programming/documentation context, not describing an actual weakness."
200004545,![Vulnerability](https://sonarsource.github.io/sonar-github/vulnerability.png 'Vulnerability') Vulnerability: Use a logger to log this exception. ([squid:S1148](https://sonarcloud.io/organizations/tron-zhaohong/rules#rule_key=squid%3AS1148))\\[See it i,java-tron,Java,41911296,1060491746,vulnerability,,vulnerability,2,strong,strong_candidate,0,"SonarQube tags this 'Vulnerability' but the underlying issue (exception logging / making a field final) is a code-quality matter, not a security weakness."
208455501,You have side-channel vulnerabilities here.,openssl,C,43659216,1093807488,vulnerability,,vulnerability,2,strong,strong_candidate,1,Flags real side-channel vulnerabilities in OpenSSL.
254758496,> Is there something I may be doing incorrectly?\\No idea.\\I had a `Request pull failed with message: Authentication failed. You may not have permission to access the repository or the repository may have been archived.` error. I have to look in,Theia,TypeScript,54492140,1293105830,,authentication; permission,authentication; authorization,2,weak,weak_candidate,0,"Security-related keyword appears in a normal programming/documentation context, not describing an actual weakness."
286561378,Can't we just wrap the request itself in Timecop.do .. end?,manage-courses-backend,Ruby,63125252,1404010596,,,,0,none,non_candidate,0,General code review comment; no security-relevant content.
284754193,This is unrelated fix. There were additional spaces at the end of the generated string. This change removes it. Worth to mention the code works both way but thought it's just ugly.,spark,Scala,62621457,1396752217,,,,0,none,non_candidate,0,General code review comment; no security-relevant content.
230522111,Ah! Thanks for the note: I was going to change the Authorization Attributes middleware to rely on the Namespace middleware!,sensu-go,Go,48995976,1189380467,,authorization; authorize,authorization,2,weak,weak_candidate,0,"Security-related keyword appears in a normal programming/documentation context, not describing an actual weakness."
215998439,"![Vulnerability](https://sonarsource.github.io/sonar-github/vulnerability.png 'Vulnerability') Vulnerability: Make this \""public static isProcessBLock\"" field final ([squid:S1444](https://sonarcloud.io/organizations/tron-zhaohong/rules#rule_key=squid%3AS",java-tron,Java,45345292,1126085329,vulnerability,,vulnerability,2,strong,strong_candidate,0,"SonarQube tags this 'Vulnerability' but the underlying issue (exception logging / making a field final) is a code-quality matter, not a security weakness."
237652402,"there is an xss injection there, because {0} is not properly escaped. Example paylod: display name = `\""><script>alert(\""xss\"");</script> <div title=\""`",Plume,,50730543,1220371160,xss,,injection,2,strong,strong_candidate,1,Explains an XSS vulnerability with a concrete example payload.
256104623,But. it's a python package?,Spack,,55194182,1294799676,,,,0,none,non_candidate,0,General code review comment; no security-relevant content.
211673200,should we move these additional options into `resources/lnd.conf`? I think the only thing we need to specify dynamically here is the `--autopilot.active` switch.,zap-desktop,,44396021,1108103340,,,,0,none,non_candidate,0,General code review comment; no security-relevant content.
287574588,I would insert assert() calls here to prevent unintended buffer overflow. check start and num for sanity there.,scummvm,C++,57087226,1407840023,buffer overflow,,memory_safety,2,strong,strong_candidate,1,Proposes adding assertions to prevent an unintended buffer overflow.
261110131,These have been inserted to remove any potential vulnerability whereby users' private key input could be sent to Google or Apple,edge-react-gui,JavaScript,56804852,1319579138,vulnerability,,vulnerability,2,strong,strong_candidate,1,Describes a fix removing potential leakage of users' private key input.
275014641,Add Nacin spacin',wordpress-develop,PHP,60156684,1362406846,,,,0,none,non_candidate,0,General code review comment; no security-relevant content.
250573796,authZ - authorization\authN- authentication,weave,Go,54135399,1280055769,,authentication; authorization; authorize,authentication; authorization,3,weak,weak_candidate,0,"Security-related keyword appears in a normal programming/documentation context, not describing an actual weakness."
261770234,"Metasploit allows spinning up a temporary HTTP server using the `Msf::Exploit::Remote::HttpServer` mixin, which could be used to catch the HTTP request from the target.\\There are a bunch of examples in the framework. I'm not sure which is the cleane",metasploit-framework,Ruby,55864393,1310624627,exploit,,vulnerability,2,strong,strong_candidate,0,"Discusses normal Metasploit exploit-module development/testing; 'exploit' is used in the tool's ordinary sense, not describing a vulnerability in the reviewed code."
245242166,"That would be useful, let's do that separately.",wordpress-seo,PHP,52751195,1257545272,,,,0,none,non_candidate,0,General code review comment; no security-relevant content.
194908819,"@lafriks Their docs say they use the integer ID of the token: https://developer.github.com/v3/oauth_authorizations/#delete-an-authorization\\They also list the ID in the response when listing the tokens, so I will keep this PR the same, and I'll upda",gitea,Go,40818659,1039650991,,authorization; authorize; token,authorization; secrets,3,weak,weak_candidate,0,"Security-related keyword appears in a normal programming/documentation context, not describing an actual weakness."
241524560,????????????????????????????????????????????????????????,sentry,Python,51572626,1235217752,,,,0,none,non_candidate,0,General code review comment; no security-relevant content.
226384730,"I'm fairly worried about this too.  In general we keep references project-local, but I think it depends somewhat on the implementation of the project type and it's possible we've got some subtle vulnerability here.\\- **App Lab** has no manifest for ",code-dot-org,JavaScript,47852924,1170921338,vulnerability,,vulnerability,2,strong,strong_candidate,2,Speculates about a possible subtle vulnerability without specifics.
267891826,Thanks! I didn't know that either :) I'll keep it in mind for the future. I guess there's still always a lot to learn out there :),rust,Rust,58330401,1341251853,,,,0,none,non_candidate,0,General code review comment; no security-relevant content.
205662715,Not sure how we want to handle API failures. ,vets-website,CSS,43013886,1082787048,,,,0,none,non_candidate,0,General code review comment; no security-relevant content.
203835994,"Please help confirm if it is correct to fetch the token from the Secret. I can't get the token in my local, I suppose it probably could be gotten in our Taskcluster.",FirefoxReality,C++,42696255,1075645954,,secret; token,secrets,2,weak,weak_candidate,0,"Security-related keyword appears in a normal programming/documentation context, not describing an actual weakness."
285557317,"For API resource object (i.e. Pod) the convention is to use camelcase (with capital first letter) without backtick and without italic. But if the context of resource object is field name, you can use backtick.\\ref: https://kubernetes.io/docs/contrib",website,HTML,62812013,1399857037,,,,0,none,non_candidate,0,General code review comment; no security-relevant content.
195807717,Added a key to the state to force this to re-render. ,vets-website,CSS,40643008,1042729238,,,,0,none,non_candidate,0,General code review comment; no security-relevant content.
231409326,"if the commit is same but the credentials(e.g, username and password) are changed and the previous conditional status if false then we also need to update it once as edit catalog CRD will not set condition status to `unknown`.",rancher,Shell,48163452,1179220980,,password; credential,authentication; secrets,2,weak,weak_candidate,0,"Security-related keyword appears in a normal programming/documentation context, not describing an actual weakness."
275196622,"Use to perform code analysis on code property graphs and security profiles, both interactively or with non-interactive automated scripts. ShiftLeft Ocular gives app-sec teams, code auditors, vulnerability researchers and code reviewers the ability to con",documentation,,60058132,1361144134,vulnerability,security,general_security; vulnerability,3,strong,strong_candidate,0,"Security-related keyword appears in a normal programming/documentation context, not describing an actual weakness."
287236457,```suggestion\You can report a vulnerability by contacting us by email at material.ui.org@gmail.com.\```,material-ui,JavaScript,63231959,1406138338,vulnerability,,vulnerability,2,strong,strong_candidate,0,"Security-related keyword appears in a normal programming/documentation context, not describing an actual weakness."
287869671,"As the author propose to use cookie to carry authentication token then we must also take in account the CSRF attack, as the `HttpOnly` flag has been already mentioned and prevent access from JS (XSS attack).",CheatSheetSeries,,63301529,1405917642,xss; csrf,authentication; token,authentication; injection; secrets,6,strong,strong_candidate,1,"Detailed discussion of CSRF/XSS mitigations (HttpOnly cookie, CSRF token)."
212514026,"It might be clearer to call it \""decryption keys\"" rather than \""encryption keys\"" since they're used for decrypting.",matrix-doc,JavaScript,43339241,1108285458,,encryption; decrypt,cryptography,2,weak,weak_candidate,0,"Security-related keyword appears in a normal programming/documentation context, not describing an actual weakness."
242944482,You could remove this property.,igniteui-angular,JavaScript,51523761,1243400738,,,,0,none,non_candidate,0,General code review comment; no security-relevant content.
282095061,"I guess,  instead of trying to assign the top-most hor dir as master every time it would cause a cache or chunkSize change, we could have the service be informed by the grid that horizontal changes will be made, so that it will cause the update outside o",igniteui-angular,JavaScript,62018459,1388933629,,,,0,none,non_candidate,0,General code review comment; no security-relevant content.
259381488,"```suggestion\Specifies a unique key of a project within a Visual Studio solution. In the new [C#, F# and Visual Basic project system](http://github.com/dotnet/project-system), this is now optional.\```",project-system,C#,56349658,1306995870,,,,0,none,non_candidate,0,General code review comment; no security-relevant content.
283953611,"Maybe out of scope but why in the world is this part of the topic call, there is an exploit here to basically show popup dialogs to anyone you can get the REF of. Should just be `usr`.",tgstation,DM,62409662,1394063929,exploit,,vulnerability,2,strong,strong_candidate,1,Describes an exploit allowing popups to be shown to arbitrary users via a reference leak.
240222749,"No, I don't believe its possible to distinguish them since it expresses the desired state. I don't think we should retain an audit log of changes on the resource itself. However, we do emit the AddressSpaceChanged event, which may create a k8s event givi",enmasse,,51373011,1231992957,,,,0,none,non_candidate,0,General code review comment; no security-relevant content.
237131464,'homeassistant.const.CONF_PORT' imported but unused<br>'homeassistant.const.STATE_ON' imported but unused,home-assistant,Python,50630674,1218327324,,,,0,none,non_candidate,0,General code review comment; no security-relevant content.
205916449,"Do graphics drivers have to be updated in order to reflect this spec change? Is there any security issue with allowing the larger range, or will older and incorrect drivers simply reject certain API calls?",WebGL,HTML,42559954,1082015466,security issue,security,general_security; vulnerability,3,strong,strong_candidate,2,"Asks whether a spec change introduces a security issue; speculative, unconfirmed."
286070853,I would move this to a separate method ValidateWithBuiltinDriver()\,cloudbreak,Java,62746740,1398436909,,,,0,none,non_candidate,0,General code review comment; no security-relevant content.
214630298,"for the record: components should use tacokit Http client API and not bring their own client (to let the runtime be optimized transversally instead of requiring each component to be optimized or \""fixed\"" if there is a vulnerability)",connectors-se,,45091394,1121071596,vulnerability,,vulnerability,2,strong,strong_candidate,1,Discusses centralizing HTTP client usage to ease patching vulnerabilities.
284392443,@FeiChen-okta  Is there a way to point the SDK at the `/oauth2/default` Authorization Server? (see the iOS instructions for comparison),okta-developer-docs,HTML,62533047,1395545055,,authorization; authorize,authorization,2,weak,weak_candidate,0,"Security-related keyword appears in a normal programming/documentation context, not describing an actual weakness."
232566535,Usually we add a no csrf annotation to GET requests ... please have a second look and see if needed ...,core,PHP,49205336,1194465348,csrf,,injection,2,strong,strong_candidate,1,Discusses CSRF protection annotation handling for GET requests.
225694794,Looks like you've duplicated this code block.,librenms,JavaScript,46969017,1169417912,,,,0,none,non_candidate,0,General code review comment; no security-relevant content.
256419959,"> DecryptBytes takes a byte slice of encrypted data and an encryption key and returns a decrypted byte slice of data. The  key must be an AES key, either 16, 24, or 32 bytes to select AES-128, AES-192, or AES-256",kubernetes,Go,55086840,1295864401,,encryption; decrypt,cryptography,2,weak,weak_candidate,0,"Security-related keyword appears in a normal programming/documentation context, not describing an actual weakness."
200823208,There is `git diff -w` which should make it way easier to follow.,nixpkgs,Nix,41730917,1056798156,,,,0,none,non_candidate,0,General code review comment; no security-relevant content.
269665317,Yeah you can remove that.,rust,Rust,58665975,1342351630,,,,0,none,non_candidate,0,General code review comment; no security-relevant content.
258024124,"I don't think other pkey operation types should go in to this function. There are 5 types that `pkeyutl` can currently handle - sign/verify, encrypt/decrypt and key derivation. It seems public key algorithms are not commonly used to encrypt/decrypt large",openssl,C,55136168,1303277356,,encryption; decrypt,cryptography,2,weak,weak_candidate,0,"Security-related keyword appears in a normal programming/documentation context, not describing an actual weakness."
247193343,"This should be 127.0.0.1:80 - normal semantic for :80 is to bind on all interfaces, which would be a huge security issue for non-iptable mode. \\We may still support 1.2.3.4:80 - for middle boxes - but I don't see any good use case for :80 ",istio,,52728881,1265494145,security issue,security,general_security; vulnerability,3,strong,strong_candidate,1,Flags an overly permissive network binding as a major security issue.
269241105,"Fixed (except for the database password secret, which is still set out of band).",query-service,,58111034,1332829823,,password; secret,authentication; secrets,2,weak,weak_candidate,0,"Security-related keyword appears in a normal programming/documentation context, not describing an actual weakness."
246105532,authorization element: https://docs.microsoft.com/en-us/previous-versions/dotnet/netframework-4.0/8d82143t(v%3dvs.100)\,dotnet-api-docs,Shell,52783099,1262552754,,authorization; authorize,authorization,2,weak,weak_candidate,0,"Security-related keyword appears in a normal programming/documentation context, not describing an actual weakness."
281790175,"Ah, here is where we map the execution behavior on success. Seems abstract enough.",weave,Go,61654732,1387674135,,,,0,none,non_candidate,0,General code review comment; no security-relevant content.
264150345,Have added in flake8 and package vulnerability checks to make and travis.  Then fixed a couple of flake issues,census-rm-acceptance-tests,Python,57570121,1324382418,vulnerability,,vulnerability,2,strong,strong_candidate,1,Describes adding automated vulnerability checks to CI.
259144953,"Summarizing from today's conversation, any JavaScript-initiated HTTP request (XMLHttpRequest or Fetch API) will be blocked by appropriate CORS settings. I believe this kind of *JavaScript-initiated* attack is typically described as a Cross-site Scripting",hail,Scala,55825251,1298741837,cross-site scripting,,injection,2,strong,strong_candidate,1,Discusses CORS protections against JavaScript-initiated cross-site attacks.
199652611,And the PR: https://github.com/python/cpython/pull/8056,nixpkgs,Nix,41842736,1059164076,,,,0,none,non_candidate,0,General code review comment; no security-relevant content.
200002724,![Vulnerability](https://sonarsource.github.io/sonar-github/vulnerability.png 'Vulnerability') Vulnerability: Use a logger to log this exception. ([squid:S1148](https://sonarcloud.io/organizations/tron-zhaohong/rules#rule_key=squid%3AS1148))\\[See it i,java-tron,Java,41911296,1060480115,vulnerability,,vulnerability,2,strong,strong_candidate,0,"SonarQube tags this 'Vulnerability' but the underlying issue (exception logging / making a field final) is a code-quality matter, not a security weakness."
218171413,"Fine by me. I just want some bit of \""why\"" since it will feel like a security issue to someone that is hit by it",docs,,45721269,1133015120,security issue,security,general_security; vulnerability,3,strong,strong_candidate,2,Vague reference to something 'feeling like a security issue' without detail.
281186632,css classnames should start with vxp,vuexp,,61622600,1386654975,,,,0,none,non_candidate,0,General code review comment; no security-relevant content.
237088441,"Please don't use `Vec<u8>` for storing secrets - it's bad for security reasons (vectors aren't zeroed on drop, which may lead to secret leakage; note that `sodiumoxide` secrets, such as `SecretKey` and `Seed`, *are* zeroed on drop). I've intentionally tr",exonum,Rust,50119529,1218273969,,secret; security,general_security; secrets,2,weak,weak_candidate,1,Detailed discussion of secret memory zeroing to avoid leakage via unzeroed vectors.
280762061,`xss`?,ui,CSS,61486620,1382778821,xss,,injection,2,strong,strong_candidate,2,Bare one-word question ('xss?') with no surrounding context.
267539924,```suggestion\    Check if the user making this request is authenticated and has the given permissions.\```,graphene-django,,20716037,622637032,,authenticate; permission,authentication; authorization,2,weak,weak_candidate,0,"Security-related keyword appears in a normal programming/documentation context, not describing an actual weakness."
283815606,can this be a reference to AccelerationStructure?,WispRenderer,C++,62377766,1393680782,,,,0,none,non_candidate,0,General code review comment; no security-relevant content.
277695884,"Since we're adding this option, will you add it to:\\- The options whitelist in the `Jetpack_Sync_Defaults` class so that we can sync it and provide some support tools as necessary\- In the `Jetpack_Options::get_all_wp_options()` array so that we c",Jetpack,PHP,60708701,1370694536,,,,0,none,non_candidate,0,General code review comment; no security-relevant content.
240038351,"```suggestion\Next, add SSL certificates for new domain:\```",shopsys,PHP,50540737,1230540691,,ssl; certificate,cryptography,2,weak,weak_candidate,0,"Security-related keyword appears in a normal programming/documentation context, not describing an actual weakness."
247541713,Maybe add a detail explicitly stating our current understanding that the presence of any of the KBs implies the vulnerability is fixed?,Grafeas,Makefile,53320043,1266703862,vulnerability,,vulnerability,2,strong,strong_candidate,1,Discusses documentation of vulnerability-fixed status via KBs.
239807332,[`TaskTable` also uses `ReaderLink`](https://github.com/department-of-veterans-affairs/caseflow/blob/67b09054267d7252125d5405033104586fd811bf/client/app/queue/components/TaskTable.jsx#L267) so I think we need to be careful about changing this interface.,caseflow,Ruby,51153087,1229612136,,,,0,none,non_candidate,0,General code review comment; no security-relevant content.
272176016,![Codacy](https://app.codacy.com/assets/images/favicon.png) Issue found: [Possible hardcoded password: 'secret'](https://app.codacy.com/app/jameswettenhall/mytardis/pullRequest?prid=3024740),mytardis,Python,52725899,1352040881,,password; secret,authentication; secrets,2,weak,weak_candidate,1,Automated scan flags a potentially hardcoded password/secret (duplicate finding).
262354005,True true and Fx has the certs hard coded so they'd need to break the content signature hashes or find an exploit in the validation code (injection or something) anyway.\\wfm,autograph,Go,52847990,1297335038,exploit,validation,input_validation; vulnerability,3,strong,strong_candidate,1,Discusses exploit risk tied to certificate/content-signature validation.
219604234,We can disable warnings for now by adding:\```.cmake\ocv_warnings_disable(CMAKE_CXX_FLAGS -Wsuggest-override -Wshadow)\```,opencv,C++,46164711,1141329215,,,,0,none,non_candidate,0,General code review comment; no security-relevant content.
212880354,Why long ? :sweat_smile: ,zeebe,Java,44535200,1110673331,,,,0,none,non_candidate,0,General code review comment; no security-relevant content.
286570276,"IMO that puts too much faith in how the program handles an uninitialized account, so easy to break those implicit assumptions and create an exploit.  I like code that's dumber than me.",solana,Rust,63015483,1403239132,exploit,,vulnerability,2,strong,strong_candidate,1,Discusses how faulty assumptions about uninitialized accounts create an exploit.
209450062,"... and it turns out my add-hoc testing went fine because I was testing the wrong thing. And once again, you were right, @jsnajdr ????The arrow functions were binding `this` and stopping this `this` preservation from working correctly.\\This is why i",wp-calypso,JavaScript,43868398,1098292081,,,,0,none,non_candidate,0,General code review comment; no security-relevant content.
266720291,Check nova's scripts now.,foundational,,57697322,1333159447,,,,0,none,non_candidate,0,General code review comment; no security-relevant content.
275445611,yeah it probably needs to be more flexible then that,apollos-prototype,,57875665,1361170152,,,,0,none,non_candidate,0,General code review comment; no security-relevant content.
242093891,Because it is more simple from an implementation point of view. `tiller-proxy` already has RBAC permissions to get secrets and it already communicates with the kubernetes API so it's easier to just specify the secret as a flag rather than having to set a,kubeapps,Go,51684886,1238838731,,permission; secret,authorization; secrets,2,weak,weak_candidate,0,"Security-related keyword appears in a normal programming/documentation context, not describing an actual weakness."
276557484,?? ????? ?? ????????? csrf? \,jobseeker-platform,,60495023,1367245836,csrf,,injection,2,strong,strong_candidate,2,Garbled/foreign-language question about CSRF; insufficient context.
263202168,"I guess what I'm getting at is that the CSRF middleware shouldn't be on all requests, just the ones that require POST/PATCH/PUT/DELETE.  Or rather, it shouldn't do any enforcing on routes that do GET even though I'm ok with it setting the cookie on GET. ",mymove,JavaScript,57006030,1320921791,csrf,,injection,2,strong,strong_candidate,1,Discusses correctly scoping CSRF middleware to state-changing HTTP methods.
209796710,"![Codacy](https://app.codacy.com/assets/images/favicon.png) Issue found: [By default, jinja2 sets autoescape to False. Consider using autoescape=True to mitigate XSS vulnerabilities.](https://app.codacy.com/app/favio.vazquezp/Optimus/pullRequest?prid=201",Optimus,,43697446,1100345105,vulnerability; xss,,injection; vulnerability,4,strong,strong_candidate,1,Automated scan flags a Jinja2 autoescape setting relevant to XSS vulnerabilities.
284108329,Why is this a function? Why not export the breakpoints directly?,keystone-5,JavaScript,62470214,1394772943,,,,0,none,non_candidate,0,General code review comment; no security-relevant content.
241531999,"To explain why the code was like this: The intended final destination of Derivative.cpp is inside the compiler (I took it from the autodiff branch), so I left the code in that idiom. Errors.h was just the minimal header to make it work outside of the com",Halide,C++,51710806,1235255153,,,,0,none,non_candidate,0,General code review comment; no security-relevant content.
208696675,Added a link reference to the namespace document,Ginger,,43714603,1094848811,,,,0,none,non_candidate,0,General code review comment; no security-relevant content.
193526092,"All platforms actually. There are two API overloads which require UI interaction. I can rewrite it to use X509Certificate2UI, which is also not implemented and let it throw the exception there.",mono,C#,40232627,1028413048,,,,0,none,non_candidate,0,General code review comment; no security-relevant content.
279335261,"```suggestion\To start Sandbox using persistence, pass an ``--jdbcurl <value>`` option, where ``<value>`` is a valid jdbc url containing the username, password and database name to connect to.\```",daml,Scala,61053887,1378328013,,password; sandbox,authentication; sandbox,2,weak,weak_candidate,0,"Security-related keyword appears in a normal programming/documentation context, not describing an actual weakness."
245752683,"This seems almost the same as CVE-2018-0634 above in that it's the same product and version both utilizing the FactoryPassword parameter to execute OS commands. For CVE-2018-0634, is it that FactoryPassword and bootmode parameters are needed for executio",cvelist,,52815091,1258504148,cve,,vulnerability,2,strong,strong_candidate,1,Discusses a CVE involving OS command execution via a parameter.
288894958,"According to #5143, all Knox LDAP properties were already generated by the Java code I mentioned, but are now getting removed. From now on, Knox will be using PAM to authenticate, so this and all related configurations below need to be removed and not re",cloudbreak,Java,63707664,1411109134,,,,0,none,non_candidate,0,General code review comment; no security-relevant content.
280642262,"?????????   `authorization` header ???,???????",gold-miner,,61268724,1379345853,,authorization; authorize,authorization,2,weak,weak_candidate,2,Garbled text referencing an authorization header; insufficient context.
261857958,"Revoking a token in Open Id is a little different. You do not revoke the actual tokens but you revoke the refresh tokens( that allow you to extend your session longer without requiring a user to be re-authenticated) \So in this case, without using a cl",btcpayserver,,54381793,1320081639,,authenticate; token; session,authentication; secrets,3,weak,weak_candidate,2,Explains token revocation semantics; informative but not identifying a weakness.
224867085,Why no PYTHON_USEDEP?,gentoo,,46982528,1161610054,,,,0,none,non_candidate,0,General code review comment; no security-relevant content.
289254297,"If you take my second suggestion for the body of this example method, it could use a better name (\""test_maybe_skipped\"" or similar, perhaps).",cpython,Python,63750327,1411974268,,,,0,none,non_candidate,0,General code review comment; no security-relevant content.
213250764,Can we please have a check for the size of envp vs. last_envp here and die harshly if it's wrong?  We are one review away from a buffer overrun at the moment.,snapd,Go,44504097,1111185562,buffer overrun,,memory_safety,2,strong,strong_candidate,1,Warns of an imminent buffer overrun without a size check.
281839144,"> You can remove authentication-token stub and also the app launch call part as it is in the base setup function already\\removed, thanks",hyperwallet-ios-ui-sdk,Swift,61869922,1387892090,,authentication; token,authentication; secrets,2,weak,weak_candidate,0,"Security-related keyword appears in a normal programming/documentation context, not describing an actual weakness."
248719644,![Codacy](https://app.codacy.com/assets/images/favicon.png) Issue found: [Possible SQL injection vector through string-based query construction.](https://app.codacy.com/app/CodeChecker/codechecker/pullRequest?prid=2853123),codechecker,Python,53202250,1272817481,sql injection,,injection,2,strong,strong_candidate,1,Automated scan flags a possible SQL injection vector.
279241215,```suggestion\// override the authentication and authorization\```,ballerina-lang,Java,60643109,1373973088,,authentication; authorization; authorize,authentication; authorization,3,weak,weak_candidate,0,"Security-related keyword appears in a normal programming/documentation context, not describing an actual weakness."
275290597,"![Codacy](https://app.codacy.com/assets/images/favicon.png) Issue found: [The \""WordPress.XSS.EscapeOutput\"" sniff has been renamed to \""WordPress.Security.EscapeOutput\"". Please update your custom ruleset.](https://app.codacy.com/app/pixelcollective/ndn",ndncollective.org,PHP,60264463,1364947280,xss,security,general_security; injection,3,strong,strong_candidate,0,"Security-related keyword appears in a normal programming/documentation context, not describing an actual weakness."
219679274,"Well, I know why decryption is initialized inside GetObjectNInfo().\\The reason is that GetObjectNInfo calls getObject() in a goroutine which needs an offset and a length to return data in encrypted format, but offset and length are actually calculat",minio,Go,46027909,1141558442,,encryption; decrypt,cryptography,2,weak,weak_candidate,0,"Security-related keyword appears in a normal programming/documentation context, not describing an actual weakness."
274302116,"```suggestion\  def jsonValue = getVaultSecret(secret: 'secret/apm-team/ci/apm-agent-python-twine')\  wrap([$class: 'MaskPasswordsBuildWrapper', varPasswordPairs: [\    [var: 'TWINE_USER', password: jsonValue.data.user],\    [var: 'TWINE_PASSWORD",apm-agent-python,Python,59959752,1360450887,,password; secret,authentication; secrets,2,weak,weak_candidate,1,Shows a security practice of masking passwords/secrets in a CI pipeline.
281883476,"hi @attritionorg , This function is also incorporating urlencode() to the standard attr() escaping function (xss)",openemr,PHP,61930073,1387693327,xss,,injection,2,strong,strong_candidate,1,Discusses proper escaping to prevent XSS.
239297244,"`CVE-2018-14933` was published 2018-08-04.\\```suggestion\      'DisclosureDate' => 'Aug 04 2018',\```",metasploit-framework,Ruby,51163025,1228603393,cve,,vulnerability,2,strong,strong_candidate,1,References a specific CVE tied to an exploit module.
252459232,Nit (here and below): You should be able to collapse these two lines to\```rb\update(auto_assigned_fit_enrollment_id: nil)\```\because [serialized_properties.rb](https://github.com/code-dot-org/code-dot-org/blob/staging/dashboard/app/models/conce,code-dot-org,JavaScript,54497941,1287512789,,,,0,none,non_candidate,0,General code review comment; no security-relevant content.
261282006,"Most importantly, it would make us vulnerable to downgrade attacks.",specs,,56803256,1319568975,vulnerable,,vulnerability,2,strong,strong_candidate,1,Flags vulnerability to downgrade attacks.
200463351,![Codacy](https://app.codacy.com/assets/images/favicon.png) Issue found: [Possible SQL injection vector through string-based query construction.](https://app.codacy.com/app/201452004/orbitdeterminator/pullRequest?prid=1779428),orbitdeterminator,,40920632,1062174864,sql injection,,injection,2,strong,strong_candidate,1,Automated scan flags a possible SQL injection vector.
222109875,There are a couple more instances of the set function at line 59 and line 74.\\I fixed the second part like so:\\```\        // Use prepared statement for protection against SQL Injection (http://www.h2database.com/html/advanced.html#sql_inject,corda,,46783588,1152899455,sql injection,,injection,2,strong,strong_candidate,1,Discusses fixing SQL injection via prepared statements.
226139300,"I suspect this might be related?  https://github.com/w3c/csswg-drafts/issues/592\\I've been repeatedly disappointed by this in Flexbox, and am wondering if CSS Grid might be a better avenue to pursue long term.\\The problem with something like 49",code-dot-org,JavaScript,47777089,1170721764,,,,0,none,non_candidate,0,General code review comment; no security-relevant content.
208934081,What type should `value` be? Can you pass a predefined value to a file select (it seems like it would be a huge security flaw if I was able to set it to an arbitrary path like `/etc/shadow`)?,saleor,Python,43776178,1094786927,security flaw,security,general_security; vulnerability,3,strong,strong_candidate,1,Raises concern about arbitrary file path access (e.g. /etc/shadow) as a security flaw.
211183920,"`send_request_cgi` and `send_request_raw` are the good wrapper for CGI and arbitrary HTTP requests, which could make the code cleaner and more readable.\\See doc [here](https://rapid7.github.io/metasploit-framework/api/Msf/Exploit/Remote/HttpClient.h",metasploit-framework,Ruby,44293150,1106070746,exploit,,vulnerability,2,strong,strong_candidate,0,"Discusses normal Metasploit exploit-module development/testing; 'exploit' is used in the tool's ordinary sense, not describing a vulnerability in the reviewed code."
233578429,"During the recent discussion in the sig meeting I was thinking about this guy. I think it may not be necessary to mount this secret in executors, and let the driver propagate the tokens to executors through its normal means.\\e.g. later if/when addin",spark,Scala,48836841,1203307222,,secret; token,secrets,2,weak,weak_candidate,0,"Security-related keyword appears in a normal programming/documentation context, not describing an actual weakness."
269908849,"test descriptions should look like:\```\describe('when something is done with the component', ...\  it('should do something we expect', ...\```",carbon,JavaScript,58579104,1340616378,,,,0,none,non_candidate,0,General code review comment; no security-relevant content.
204302957,![Codacy](https://app.codacy.com/assets/images/favicon.png) Issue found: [Unable to import 'tastypie.authorization'](https://app.codacy.com/app/mytardis/mytardis/pullRequest?prid=1873289),mytardis,Python,42076081,1078424917,,authorization; authorize,authorization,2,weak,weak_candidate,0,"Security-related keyword appears in a normal programming/documentation context, not describing an actual weakness."
195423576,We remove the test case or require it to fail. I specifically wrote the parser to only accept `emit` at statement level.,solidity,C++,40757378,1038458090,,,,0,none,non_candidate,0,General code review comment; no security-relevant content.
250420772,"I don't know how I missed this ??????? I think I was looking at another model for examples.\\ I kind of like not having it be `OptionalIsWorkday`, but then again, we could always use encapsulation and have an `OptionalIsWorkDay` and `IsWorkday`. ",mymove,JavaScript,54026264,1279426835,,,,0,none,non_candidate,0,General code review comment; no security-relevant content.
200001355,![Vulnerability](https://sonarsource.github.io/sonar-github/vulnerability.png 'Vulnerability') Vulnerability: Use a logger to log this exception. ([squid:S1148](https://sonarcloud.io/organizations/tron-zhaohong/rules#rule_key=squid%3AS1148))\\[See it i,java-tron,Java,41911296,1060468406,vulnerability,,vulnerability,2,strong,strong_candidate,0,"SonarQube tags this 'Vulnerability' but the underlying issue (exception logging / making a field final) is a code-quality matter, not a security weakness."
278933109,"I checked our data, nothing is using enum value 4 yet. We can reinstate the `PackageDeprecationStatus.Vulnerable` enum with a value of `8` without issues.",NuGetGallery,C#,61062612,1375378876,vulnerable,,vulnerability,2,strong,strong_candidate,2,"Discusses a package-vulnerability status enum; feature/data-modeling work, not a stated weakness."
280010075,"It's [recommended that signing be done using asymmetric keys](https://tools.ietf.org/html/draft-ietf-oauth-access-token-jwt-00#section-4), presumably so clients can validate the JWT themselves. If we allowed clients to validate, encrypting the thing does",fxa,Python,60973127,1374079589,,token; encryption,cryptography; secrets,2,weak,weak_candidate,1,"Discusses asymmetric key signing design for JWTs, a real security design choice."
280414619,"```suggestion\`policy pull <policy-label>[:tag] [path-to-policy-file]` | Fetches the security policy, with the name specified by the `policy-label` argument, from the ShiftLeft infrastructure, if authorized. Use of the policy tag is optional (for examp",documentation,,61485659,1381657125,,authorize; security,authorization; general_security,2,weak,weak_candidate,0,"Security-related keyword appears in a normal programming/documentation context, not describing an actual weakness."
281001555,"`inline` + `crossinline`, re-use function above in implementation",okhttp,Java,61749853,1385058113,,,,0,none,non_candidate,0,General code review comment; no security-relevant content.
220944903,"MMW currently does enable (parts of?) its API to work with additional clients using API keys for token authorization. However, the changes to MMW to afford that happened after this project was forked.\\I think it's probably worth including a note exp",bee-pollinator-app,,46037144,1146527979,,authorization; authorize; api key; token,authorization; secrets,4,weak,weak_candidate,0,"Security-related keyword appears in a normal programming/documentation context, not describing an actual weakness."
260088176,This sample demonstrates how to create a namespace using AAD token credentials gotten from using Service Principal Secrets,azure-sdk-for-js,,56430499,1316762764,,credential; secret; token,authentication; secrets,3,weak,weak_candidate,0,"Security-related keyword appears in a normal programming/documentation context, not describing an actual weakness."
227709250,I prefer to disable the CSRF protection in the controller (`createForm`) as this form can be used in another page with CSRF validation.,en-marche.fr,,48182459,1177729142,csrf,validation,injection; input_validation,3,strong,strong_candidate,1,"Discusses disabling CSRF protection on a form, weakening security."
264009571,I am following this article: http://www.redotheweb.com/2015/11/09/api-security.html\\You are right in that `session cookie` must be HTTPOnly to protect against XSS attack. But it is ok to make CSRF cookie readable by JS and usually passed as header o,gitea,Go,57640952,1325561023,xss; csrf,session; security,authentication; general_security; injection,6,strong,strong_candidate,1,"Detailed discussion of HTTPOnly cookies, XSS, and CSRF cookie handling."
238746281,Don't forget to explain the returned array structure !,centreon,PHP,49359801,1226721503,,,,0,none,non_candidate,0,General code review comment; no security-relevant content.
229329377,"Swapping back, but our precommit checks are conflicting with some of our configs in ci it seems --\\![screen shot 2018-10-30 at 10 28 37 am](https://user-images.githubusercontent.com/941023/47725280-a6cf2600-dc2e-11e8-885f-f50e6acdd0a5.png)\",Jetpack,PHP,48128415,1179738874,,,,0,none,non_candidate,0,General code review comment; no security-relevant content.
260155465,"Not sure :) These are came from the old code, and IIRC, it seemed like buffer overflow.",trafficserver,C++,55697915,1316829087,buffer overflow,,memory_safety,2,strong,strong_candidate,1,Discusses a buffer overflow originating from old code.
263042593,The default service account should normally have minimal privileges. I'm not sure I understand wat is the value of getting its token. Moreover AFAIK not every service account can actually authenticate from the outside. You anyway seem to redefine these t,strimzi-kafka-operator,Java,56871951,1322049834,,authenticate; privilege; token,authentication; authorization; secrets,3,weak,weak_candidate,1,Discusses minimal-privilege best practice for default service accounts.
279095833,Don't use tab in middle of the line.,gentoo,,56928879,1375842009,,,,0,none,non_candidate,0,General code review comment; no security-relevant content.
246622689,"no, it's not OK, I tested and it fails without the session token. \but if the assumeRole is successful, there's always going to be data.Credentials.SessionToken.",amplify-cli,,53172101,1264452139,,credential; token; session,authentication; secrets,3,weak,weak_candidate,0,"Security-related keyword appears in a normal programming/documentation context, not describing an actual weakness."
233656651,"Hmm, but then it means we're testing on SQLite only, since it is `eZ\\Publish\\Core\\Search\\Legacy\\Tests\\Content` namespace.\\Update: ok... seems it was like that before in child class, so it's rather a follow up for later",ezpublish-kernel,PHP,45729431,1172664531,,,,0,none,non_candidate,0,General code review comment; no security-relevant content.
249155388,"My understanding is that this secret is temporary, and will only last for a limited time. kubectl is supposed to automatically renew that token.\\So whereas this method might work, if I understand correctly, it is not suitable for prod.\",buildbot,Python,53767055,1274170154,,secret; token,secrets,2,weak,weak_candidate,1,Discusses the security limitation of temporary secrets/tokens not being production-suitable.
221585462,"On the broker-side, I think we need a minimum re-authentication interval as well to restrict the rate at which clients re-authenticate. This is particularly important since we dont apply any quotas for authentication. Without imposing a re-authentication",kafka,Java,44772522,1149461893,,authentication; authenticate,authentication,2,weak,weak_candidate,1,Discusses need for authentication rate limiting to prevent abuse.
199135430,I think this should still be the `User` object -- there are other aspects of themselves that users should be able to update that include:\ - planet credential\ - visibility\ - email notifications\\The other aspects of a user should be sanitized,raster-foundry,Scala,41671058,1055624014,,credential; sanitize,authentication; input_validation; secrets,2,weak,weak_candidate,2,Mentions sanitizing a credential field as part of broader user-object changes; limited detail.
246595942,I think it should be a good idea to explicit state here that we are exploiting our app from SecDevLabs. \\`The main goal of this documentation is to describe how a malicious user could exploit a Broken Access Control vulnerability intentionally insta,secDevLabs,CSS,53155573,1264202859,vulnerability; exploit,access control; malicious,authorization; malicious_activity; vulnerability,6,strong,strong_candidate,1,Documentation describing an intentionally installed Broken Access Control vulnerability (security training repo).
249590718,https://github.com/distributedweaknessfiling/cvelist/blob/master/2018/1000xxx/CVE-2018-1000420.json,jenkins.io,HTML,53944549,1277102605,cve,,vulnerability,2,strong,strong_candidate,2,Bare link to a CVE record with no discussion.
288268505,"```suggestion\  public emit(type: SUBSCRIPTION_EVENT_NAMES, ...args: Array<any>): boolean {\```",augur,JavaScript,63047720,1411145215,,,,0,none,non_candidate,0,General code review comment; no security-relevant content.
254496467,"Oooh, good catch.  Need to add a test on this one - setting the `algorithms` property when verifying the tokens is strictly necessary, for security reasons.  Otherwise an attacker could set the token header to indicate a `null` algorithm and it'd happily",cms-hitech-apd,,54958357,1293308361,,token; security,general_security; secrets,2,weak,weak_candidate,1,Detailed discussion of a JWT algorithm-confusion vulnerability.
247756933,"The title of this should be \""The Auto-Followers page in {kib}\""?",elasticsearch,Java,53474321,1269552207,,,,0,none,non_candidate,0,General code review comment; no security-relevant content.
257015074,"![Vulnerability](https://sonarsource.github.io/sonar-github/vulnerability.png 'Vulnerability') Vulnerability: Make this \""public static TEST_INPUT_HOUSE_RESOLVER\"" field final ([squid:S1444](https://sonarqube.kbuild.msap.io/coding_rules#rule_key=squid%3A",mule,Java,55094381,1297532764,vulnerability,,vulnerability,2,strong,strong_candidate,0,"SonarQube tags this 'Vulnerability' but the underlying issue (exception logging / making a field final) is a code-quality matter, not a security weakness."
195666990,"You have to add in each and every event. I mean for eg. ```Get Event under an Order```, ```Get Event under a Stripe-Authorization``` etc. Add it everywhere you're expecting an event to be returned.",open-event-server,Python,40624521,1042326837,,authorization; authorize,authorization,2,weak,weak_candidate,0,"Security-related keyword appears in a normal programming/documentation context, not describing an actual weakness."
214971909,It was necessary to disable csrf requirements to be backwards compatible. We might want to think this through for the future ... and consider the potential risks of session hijacking.,cbioportal,JavaScript,44528754,1110568463,csrf,session,authentication; injection,3,strong,strong_candidate,1,Discusses disabling CSRF protection and resulting session hijacking risk.
254836163,```suggestion\credentials that the MQTT library should use for authentication. We do not specify\```,zephyr,,55000090,1293527647,,authentication; credential,authentication; secrets,2,weak,weak_candidate,0,"Security-related keyword appears in a normal programming/documentation context, not describing an actual weakness."
221820490,"No, please follow the line numbers in the code that I've mentioned.",oppia,Python,46103692,1150001163,,,,0,none,non_candidate,0,General code review comment; no security-relevant content.
251096374,"I admit I found the initial sample a bit confusing - It didn't have any TLS-specific instructions. There is a certificate in `test_certs.h`, with no indication of where it came from. It seems to expect prior knowledge from the user to know how to setup t",zephyr,,54178208,1280914350,,tls; certificate,cryptography,2,weak,weak_candidate,0,"Security-related keyword appears in a normal programming/documentation context, not describing an actual weakness."
