feature,coefficient,absolute_coefficient
vulnerability,5.593112924582781,5.593112924582781
csrf,5.437060297180644,5.437060297180644
exploit,5.10346193417473,5.10346193417473
vulnerable,4.9954578800723475,4.9954578800723475
security issue,4.668710759119513,4.668710759119513
xss,4.460365969007888,4.460365969007888
vulnerabilities,4.186037232223533,4.186037232223533
malicious,4.014493786298007,4.014493786298007
unauthorized,3.441189913531985,3.441189913531985
insecure,3.186863741863987,3.186863741863987
exploits,2.8710969546849467,2.8710969546849467
cve,2.5145676468963667,2.5145676468963667
exploited,2.3555204276595743,2.3555204276595743
injection,2.3396564729631133,2.3396564729631133
attacker,2.263329503818257,2.263329503818257
authorization authorization,2.16148820131339,2.16148820131339
leak,2.1500293102681876,2.1500293102681876
rce,2.081211976415249,2.081211976415249
exploiting,2.00702552391941,2.00702552391941
security risk,1.9915579691370024,1.9915579691370024
missing authorization,1.9177721836822763,1.9177721836822763
security concern,1.8692455621404025,1.8692455621404025
traversal,1.8428381381385153,1.8428381381385153
use free,1.7971128713232434,1.7971128713232434
validation password,1.7828578005666789,1.7828578005666789
free,1.676275049227699,1.676275049227699
buffer,1.6278379060986505,1.6278379060986505
csrf token,1.6151962840560736,1.6151962840560736
issue,1.5982651098870644,1.5982651098870644
privilege escalation,1.5895886286086116,1.5895886286086116
escalation,1.5895886286086116,1.5895886286086116
security hole,1.5856828276625727,1.5856828276625727
risk,1.5708290373613214,1.5708290373613214
concern,1.5668475270697904,1.5668475270697904
disables,1.5503417691850978,1.5503417691850978
sql injection,1.541758966839036,1.541758966839036
hole,1.540427590372,1.540427590372
hardcoded,1.474879133590761,1.474879133590761
sql,1.4092963951621398,1.4092963951621398
plain text,1.3998135285453457,1.3998135285453457
need set,1.3969513330745058,1.3969513330745058
security flaw,1.386837241942596,1.386837241942596
corruption,1.364065566080125,1.364065566080125
bypass,1.357741443655763,1.357741443655763
denial service,1.3247014316323544,1.3247014316323544
memory corruption,1.3111773754543785,1.3111773754543785
salt,1.3077643041685598,1.3077643041685598
invalidation,1.2972030657302178,1.2972030657302178
flaw,1.276114974340166,1.276114974340166
impersonation,1.2674116209422681,1.2674116209422681
bug,1.236576419769166,1.236576419769166
security vulnerability,1.2164434919240006,1.2164434919240006
missing,1.2097838123370925,1.2097838123370925
exposing,1.1980955258634332,1.1980955258634332
denial,1.1939968385213677,1.1939968385213677
access file,1.1933698933274413,1.1933698933274413
path traversal,1.173929894910853,1.173929894910853
hardcoded token,1.172829964908775,1.172829964908775
plaintext,1.1721497938807466,1.1721497938807466
overflow,1.1660845261296957,1.1660845261296957
consumer,1.1629492491544666,1.1629492491544666
data encrypted,1.1621666132743513,1.1621666132743513
authentication looks,1.1557900128233918,1.1557900128233918
buffer overflow,1.1523985111025299,1.1523985111025299
session cookie,1.1515890963283502,1.1515890963283502
expose,1.1342149907987196,1.1342149907987196
bypassing,1.1141375128326343,1.1141375128326343
cluster authorization,1.0947411310125827,1.0947411310125827
need check,1.0652357227055962,1.0652357227055962
memory,1.0625867708349883,1.0625867708349883
curl authorization,1.056447630713826,1.056447630713826
security bug,1.0556674976290596,1.0556674976290596
authentication clear,1.0309977147165257,1.0309977147165257
certificate signature,1.026653842439424,1.026653842439424
sudo password,1.0139590196149155,1.0139590196149155
requires authentication,1.010138190445801,1.010138190445801
clear text,1.0094107489856199,1.0094107489856199
race,0.9960707838663848,0.9960707838663848
right thing,0.988757504723252,0.988757504723252
code injection,0.9884779807584959,0.9884779807584959
race condition,0.9844942839007789,0.9844942839007789
spoof,0.9794490765401388,0.9794490765401388
expose sensitive,0.9679040043296004,0.9679040043296004
security vulnerabilities,0.9655596566736067,0.9655596566736067
algolia,0.9606904685947368,0.9606904685947368
buffer overrun,0.9565221232682622,0.9565221232682622
overrun,0.9565221232682622,0.9565221232682622
case need,0.9451222246087715,0.9451222246087715
ssl ssl,0.9439469197318676,0.9439469197318676
enable insecure,0.9438014578794083,0.9438014578794083
mitm,0.9406215489086085,0.9406215489086085
impersonate,0.9349858922080753,0.9349858922080753
leaking,0.9344134199783449,0.9344134199783449
unlike,0.9216167476115159,0.9216167476115159
case request,0.9194006654292739,0.9194006654292739
check session,0.9110271407359206,0.9110271407359206
attacks,0.9093189253014622,0.9093189253014622
hardcode,0.9092001782332588,0.9092001782332588
read better,0.9072275868795976,0.9072275868795976
exposing secrets,0.8991085685758925,0.8991085685758925
set authorization,0.8978035129444039,0.8978035129444039
kie,0.897086523521307,0.897086523521307
public api,0.8969903958429875,0.8969903958429875
weak,0.8955777019688161,0.8955777019688161
text,0.8953332101395033,0.8953332101395033
spoofed,0.892388508656665,0.892388508656665
attack,0.8897683849714763,0.8897683849714763
carry,0.8883330991338152,0.8883330991338152
force,0.8875898532786526,0.8875898532786526
login logout,0.8766103602880683,0.8766103602880683
getenv,0.8629680133497434,0.8629680133497434
directory traversal,0.8605150516144712,0.8605150516144712
sentence case,0.8592801741875595,0.8592801741875595
reasonably,0.8472982739218173,0.8472982739218173
csrf tokens,0.8445910779680952,0.8445910779680952
owasp,0.8432732986817145,0.8432732986817145
authentication methods,0.8415837380528332,0.8415837380528332
tampering,0.8338110188173534,0.8338110188173534
encryption happens,0.833746604681759,0.833746604681759
cross site,0.8317191353018485,0.8317191353018485
backup,0.8315055825138307,0.8315055825138307
like option,0.8314382987036925,0.8314382987036925
spoofing,0.8305010651417507,0.8305010651417507
does require,0.8168689371851326,0.8168689371851326
gain,0.8129148958562868,0.8129148958562868
certificate chain,0.8126834311617908,0.8126834311617908
interval,0.811997306483647,0.811997306483647
2019,0.8110886384584909,0.8110886384584909
pool,0.8108137332224846,0.8108137332224846
newly created,0.8077420109084542,0.8077420109084542
plain,0.8056349431477595,0.8056349431477595
change enable,0.8014893822589382,0.8014893822589382
encrypted unencrypted,0.7982314918064072,0.7982314918064072
think remove,0.7976237859592904,0.7976237859592904
cross,0.7940204369854699,0.7940204369854699
alert,0.7916786998297466,0.7916786998297466
policy set,0.7884528462664578,0.7884528462664578
client server,0.7837427413959335,0.7837427413959335
prevent,0.7829894505543842,0.7829894505543842
text password,0.7817712990494503,0.7817712990494503
store credentials,0.7796076381506083,0.7796076381506083
cleartext,0.7757917302084089,0.7757917302084089
curl,0.77433580100096,0.77433580100096
secret_key_base,0.7703674222534339,0.7703674222534339
rails application,0.7703674222534339,0.7703674222534339
way add,0.770190659507446,0.770190659507446
like using,0.76837591190668,0.76837591190668
concept,0.7672814510966521,0.7672814510966521
possible,0.7668277252411244,0.7668277252411244
password encrypt,0.758130193200202,0.758130193200202
yep,0.7567484950381573,0.7567484950381573
401 unauthorized,0.7542073488224211,0.7542073488224211
code execution,0.7531274756674164,0.7531274756674164
wrapped,0.7514032505194265,0.7514032505194265
authentication needed,0.7479091300621898,0.7479091300621898
hardcoding,0.746837502093982,0.746837502093982
tooltip,0.7427335108860155,0.7427335108860155
ahead,0.7362377945352411,0.7362377945352411
newsletter,0.7335253539691895,0.7335253539691895
cve 2019,0.7305470313457039,0.7305470313457039
anonymously,0.7276768331416558,0.7276768331416558
header invalid,0.7265607669671295,0.7265607669671295
rate,0.7259581557787804,0.7259581557787804
ah thought,0.7229864768174272,0.7229864768174272
authenticate authenticated,0.7209114217742678,0.7209114217742678
kie server,0.719572605477239,0.719572605477239
means encryption,0.7177515553693112,0.7177515553693112
npm,0.7142085773455152,0.7142085773455152
chars,0.7127494814774418,0.7127494814774418
decide,0.7120747429638454,0.7120747429638454
robot,0.7111283315961162,0.7111283315961162
execution,0.7109370559934164,0.7109370559934164
test secret,0.7089584367978465,0.7089584367978465
https tls,0.7062742685924199,0.7062742685924199
newly,0.7060982878333968,0.7060982878333968
fan,0.705851383875566,0.705851383875566
enabled verify,0.7047918772426413,0.7047918772426413
resend,0.703601105028537,0.703601105028537
comment explaining,0.7012740879868204,0.7012740879868204
explicitly mention,0.7002498266176569,0.7002498266176569
session used,0.6985476708597878,0.6985476708597878
protection,0.6928194532497733,0.6928194532497733
disabling,0.6917558649576914,0.6917558649576914
credentials security,0.6908411892321003,0.6908411892321003
chef,0.6898296436136574,0.6898296436136574
token storage,0.689606448544434,0.689606448544434
partners,0.6852731885264294,0.6852731885264294
known,0.683399933799921,0.683399933799921
run curl,0.6819233642009136,0.6819233642009136
lack,0.6809515935085486,0.6809515935085486
authorizationmiddleware,0.6754903034904004,0.6754903034904004
public,0.6750208363582014,0.6750208363582014
pod metadata,0.6728865336459918,0.6728865336459918
cve 2018,0.6725445354553711,0.6725445354553711
arbitrary,0.6724728054701284,0.6724728054701284
token fails,0.672108563465101,0.672108563465101
security authorization,0.6715434723361015,0.6715434723361015
chain host,0.6711025227843496,0.6711025227843496
react,0.6693897994412064,0.6693897994412064
encrypt use,0.6692766690531848,0.6692766690531848
generally,0.668693321834343,0.668693321834343
keys stored,0.6686491382367559,0.6686491382367559
token user,0.6645632303470698,0.6645632303470698
require authentication,0.6615743627989064,0.6615743627989064
just double,0.6608091306844119,0.6608091306844119
detected,0.6577849266959702,0.6577849266959702
trusted,0.6572053636322632,0.6572053636322632
2018,0.6560491384034097,0.6560491384034097
fails decrypt,0.6558697458716336,0.6558697458716336
ssl validation,0.6530625104359792,0.6530625104359792
encrypted https,0.6525110859701996,0.6525110859701996
cluster null,0.6517288623151704,0.6517288623151704
10,0.6516900696345103,0.6516900696345103
command injection,0.6514977233903918,0.6514977233903918
checked,0.6514935429168545,0.6514935429168545
non password,0.6493790634962768,0.6493790634962768
mixing,0.6487539479438706,0.6487539479438706
cleanup,0.6479722120186194,0.6479722120186194
shall,0.646499045923571,0.646499045923571
mistake,0.644852254525956,0.644852254525956
secrets like,0.641094712062491,0.641094712062491
sure ll,0.6387289887693497,0.6387289887693497
nuance,0.6385534911091387,0.6385534911091387
verifying,0.6376509701926798,0.6376509701926798
tokens header,0.6351712025072146,0.6351712025072146
vuln,0.635096070640188,0.635096070640188
security related,0.6331130900621861,0.6331130900621861
easiest way,0.6318720561343321,0.6318720561343321
easiest,0.6318720561343321,0.6318720561343321
place,0.6314481547168808,0.6314481547168808
simply,0.6301603436163274,0.6301603436163274
api requires,0.6296387743470204,0.6296387743470204
secret test,0.6291119407388182,0.6291119407388182
validation keys,0.6282055954166835,0.6282055954166835
testing,0.6258031697703167,0.6258031697703167
insecure tls,0.6201841816029866,0.6201841816029866
disabling certificate,0.6200008808819931,0.6200008808819931
malicious actor,0.6194305212570527,0.6194305212570527
actor,0.6194305212570527,0.6194305212570527
user authentication,0.6181140358339346,0.6181140358339346
ll need,0.6173643587597444,0.6173643587597444
work don,0.6169256596284127,0.6169256596284127
authentication don,0.6157613431176137,0.6157613431176137
like aws,0.6142968090919586,0.6142968090919586
just write,0.6133882725450126,0.6133882725450126
assigned,0.6124578603768409,0.6124578603768409
data default,0.6123105927258418,0.6123105927258418
code case,0.611999485954637,0.611999485954637
reason use,0.6077130593973834,0.6077130593973834
401,0.6065449108551683,0.6065449108551683
binding,0.6064290035553142,0.6064290035553142
code assume,0.6059109092455829,0.6059109092455829
want hide,0.6050866385177119,0.6050866385177119
html,0.6044802106760003,0.6044802106760003
isn supported,0.6009897680819433,0.6009897680819433
leak credentials,0.5993057744080892,0.5993057744080892
cisco,0.5992692594104675,0.5992692594104675
container registry,0.5990955981700792,0.5990955981700792
building,0.5987034482132083,0.5987034482132083
https requests,0.5975944210944161,0.5975944210944161
rails,0.594140611993633,0.594140611993633
database,0.5929948159204704,0.5929948159204704
summarizing,0.5928579143877931,0.5928579143877931
exists,0.5926412953617675,0.5926412953617675
treated secret,0.5920538636622165,0.5920538636622165
research,0.5908181483280109,0.5908181483280109
product,0.5901802548367096,0.5901802548367096
reported,0.5898908559729357,0.5898908559729357
sorted,0.588968884678602,0.588968884678602
absolute,0.5883912949789114,0.5883912949789114
cache store,0.587386718524048,0.587386718524048
password token,0.5873273872814414,0.5873273872814414
program,0.5871297827551293,0.5871297827551293
dm,0.5860114291633537,0.5860114291633537
resource user,0.5851597586584296,0.5851597586584296
does apply,0.584828334288813,0.584828334288813
blacklist,0.58434712544722,0.58434712544722
users view,0.5842985013072686,0.5842985013072686
owasp org,0.5834508736661327,0.5834508736661327
www owasp,0.5834508736661327,0.5834508736661327
org index,0.5834508736661327,0.5834508736661327
malicious user,0.5814473669659976,0.5814473669659976
snyk,0.5799143859084327,0.5799143859084327
docs concepts,0.5787571238055562,0.5787571238055562
connection,0.5786984778658022,0.5786984778658022
code user,0.5784813856507522,0.5784813856507522
21,0.5771766780698633,0.5771766780698633
correctly think,0.5743381867698709,0.5743381867698709
enables disables,0.572765983819667,0.572765983819667
filter,0.5725044524375299,0.5725044524375299
bits,0.5720719812404996,0.5720719812404996
return 401,0.5703294165987562,0.5703294165987562
want automatically,0.5691681330384218,0.5691681330384218
raise validation,0.5689377918474756,0.5689377918474756
way,0.5684114591403183,0.5684114591403183
decoding,0.5681010682456172,0.5681010682456172
admin permission,0.5663493603867209,0.5663493603867209
submits,0.5662252507617364,0.5662252507617364
dict,0.5660245713511688,0.5660245713511688
period,0.5635162714785806,0.5635162714785806
20,0.5632986843804111,0.5632986843804111
seperately,0.5628635356583639,0.5628635356583639
svn,0.5627203648675869,0.5627203648675869
authorization policies,0.5626478065076747,0.5626478065076747
want want,0.5622134277834312,0.5622134277834312
really security,0.56192939102738,0.56192939102738
module,0.5618654239512048,0.5618654239512048
api returns,0.561810979556395,0.561810979556395
happened,0.561752007623925,0.561752007623925
version,0.561673878178565,0.561673878178565
past,0.5616312215279671,0.5616312215279671
use passwords,0.5608347598183039,0.5608347598183039
csp,0.5605612100846767,0.5605612100846767
gastaldi,0.5596277241925,0.5596277241925
tls1,0.5590317116051874,0.5590317116051874
finish,0.5586742791876748,0.5586742791876748
style,0.5583722817417973,0.5583722817417973
allow,0.5568734637927666,0.5568734637927666
hardcoded password,0.5565031839492018,0.5565031839492018
possible hardcoded,0.5565031839492018,0.5565031839492018
brute,0.5562298607395473,0.5562298607395473
brute force,0.5562298607395473,0.5562298607395473
master lib,0.5553987273711797,0.5553987273711797
potential vulnerability,0.5553615015006083,0.5553615015006083
loader,0.5551573588387936,0.5551573588387936
fails like,0.5551402994814404,0.5551402994814404
automated,0.554656896603107,0.554656896603107
hijack,0.5545097886401348,0.5545097886401348
predefined,0.5541405180017771,0.5541405180017771
right like,0.5518490765872505,0.5518490765872505
think integration,0.5509208825986606,0.5509208825986606
authentication headers,0.5500811368863638,0.5500811368863638
alternate,0.5499863029995236,0.5499863029995236
code think,0.5486084062892884,0.5486084062892884
array,0.5466669762526309,0.5466669762526309
authenticated https,0.545049521905048,0.545049521905048
variables,0.544864608368362,0.544864608368362
mitigate,0.5441940085207319,0.5441940085207319
request user,0.5440229334459527,0.5440229334459527
raises question,0.5439464646519276,0.5439464646519276
hiding,0.5432534450284388,0.5432534450284388
thing,0.5425706941732562,0.5425706941732562
note used,0.5421667535954607,0.5421667535954607
normal,0.5409244997559921,0.5409244997559921
users don,0.5405807436204209,0.5405807436204209
unlikely,0.5404303662441102,0.5404303662441102
connections user,0.5396634526957272,0.5396634526957272
key config,0.5393752384328314,0.5393752384328314
software,0.5390182324997859,0.5390182324997859
client mode,0.5382665026101582,0.5382665026101582
token isn,0.5380912411863176,0.5380912411863176
dynamic,0.5379658669459897,0.5379658669459897
computed,0.5366605119862453,0.5366605119862453
password page,0.5360769121848797,0.5360769121848797
don like,0.5356070748508641,0.5356070748508641
site request,0.5353168344963396,0.5353168344963396
useless,0.5332285020385058,0.5332285020385058
replace,0.5329226131646158,0.5329226131646158
log file,0.5320972923350239,0.5320972923350239
inherited,0.5315341452944619,0.5315341452944619
password fields,0.5315341452944619,0.5315341452944619
tls handshake,0.52969890892096,0.52969890892096
pod,0.5284578866527756,0.5284578866527756
based encryption,0.5282074242937005,0.5282074242937005
want enable,0.5277624079309385,0.5277624079309385
server just,0.5275931458178785,0.5275931458178785
world,0.5265186391456097,0.5265186391456097
think missing,0.5258542461670966,0.5258542461670966
available,0.5253745486957725,0.5253745486957725
user need,0.5245941493863665,0.5245941493863665
token token,0.5238608977092385,0.5238608977092385
don leak,0.5230212090421539,0.5230212090421539
certificate checking,0.5224017091974763,0.5224017091974763
pure,0.5214488492789342,0.5214488492789342
authorization policy,0.5204161551393957,0.5204161551393957
authentication enabled,0.5198272192095748,0.5198272192095748
5432,0.5198207089909183,0.5198207089909183
pane,0.518137861800528,0.518137861800528
allowing,0.5177692423265373,0.5177692423265373
ge,0.517472508562659,0.517472508562659
acquire,0.5163514414858094,0.5163514414858094
important,0.5155962969182186,0.5155962969182186
token think,0.514521997395871,0.514521997395871
set use,0.5126737362373036,0.5126737362373036
severe,0.5124819167397822,0.5124819167397822
meant,0.5119582264036194,0.5119582264036194
email validation,0.5118755385561772,0.5118755385561772
yes raises,0.5117118816236584,0.5117118816236584
credential redirected,0.5117118816236584,0.5117118816236584
redirected set,0.5117118816236584,0.5117118816236584
exposed credential,0.5117118816236584,0.5117118816236584
logs exposed,0.5117118816236584,0.5117118816236584
page yes,0.5117118816236584,0.5117118816236584
happening logs,0.5117118816236584,0.5117118816236584
passwords encrypted,0.5113059124107735,0.5113059124107735
modules,0.510180521536146,0.510180521536146
public private,0.5099249078018644,0.5099249078018644
signature,0.508444025459688,0.508444025459688
insecure authorization,0.5079942903195847,0.5079942903195847
spec host,0.5079942903195847,0.5079942903195847
matter,0.5078610814901376,0.5078610814901376
restrictions,0.5077040824845523,0.5077040824845523
types,0.5066480354586294,0.5066480354586294
releases,0.5059520741142431,0.5059520741142431
reads,0.505333047352864,0.505333047352864
make use,0.5046752618671752,0.5046752618671752
entirely,0.5045137499215071,0.5045137499215071
source code,0.5042752919821446,0.5042752919821446
interesting,0.5026832402548254,0.5026832402548254
auth info,0.5020841133138261,0.5020841133138261
home,0.5019046403217564,0.5019046403217564
coupled,0.5014965330322222,0.5014965330322222
authorization method,0.5014226736356522,0.5014226736356522
ddos,0.5010490554711778,0.5010490554711778
password secret,0.5009512733435036,0.5009512733435036
lis,0.49991816304982806,0.49991816304982806
authorization tokens,0.4985985432693929,0.4985985432693929
configuration files,0.49838658324225155,0.49838658324225155
cache key,0.49831578740896093,0.49831578740896093
upstream,0.4981957568595003,0.4981957568595003
requests,0.4978194641018503,0.4978194641018503
authentication client,0.49742469683867613,0.49742469683867613
helm,0.49699586925610606,0.49699586925610606
br,0.49665002807616637,0.49665002807616637
unix socket,0.49650832909062176,0.49650832909062176
token admin,0.4953049088128127,0.4953049088128127
remote code,0.4949478106475503,0.4949478106475503
think email,0.4924227637401527,0.4924227637401527
gone,0.4918873795025286,0.4918873795025286
exported,0.49136597441055285,0.49136597441055285
master,0.49084390265004085,0.49084390265004085
missing article,0.4905918932536464,0.4905918932536464
allow auth,0.4905679731505431,0.4905679731505431
algorithm,0.4903116491883061,0.4903116491883061
want avoid,0.49023860198224606,0.49023860198224606
bot token,0.48926009908793555,0.48926009908793555
http traffic,0.4886380662701607,0.4886380662701607
fake api,0.4885959803433921,0.4885959803433921
access services,0.4871369885720356,0.4871369885720356
leakage,0.4869865811863806,0.4869865811863806
throwing,0.48679801323248684,0.48679801323248684
suggestion true,0.4865407961935012,0.4865407961935012
execute,0.4863675389985209,0.4863675389985209
password set,0.4853752788161399,0.4853752788161399
years old,0.48499535209456435,0.48499535209456435
10 years,0.48499535209456435,0.48499535209456435
convenience,0.48371838988253146,0.48371838988253146
issue possible,0.48336549812785395,0.48336549812785395
generate new,0.483239333707245,0.483239333707245
resolvers,0.4825632537188678,0.4825632537188678
leaks,0.48235276399812604,0.48235276399812604
python2,0.48194874980746283,0.48194874980746283
enable security,0.48148658127558214,0.48148658127558214
making explicit,0.48104502318989384,0.48104502318989384
value encrypted,0.4808411285842864,0.4808411285842864
chance,0.4803004076504119,0.4803004076504119
loop,0.4795901519114848,0.4795901519114848
return true,0.47954649746524447,0.47954649746524447
breach,0.479225217605306,0.479225217605306
outdated,0.47916409859491105,0.47916409859491105
created session,0.47798103341589526,0.47798103341589526
flow based,0.4778157617509477,0.4778157617509477
server requesting,0.47758518062782235,0.47758518062782235
provide encrypted,0.47735052761951874,0.47735052761951874
communication kafka,0.47735052761951874,0.47735052761951874
concepts security,0.47704603625987924,0.47704603625987924
authentication csrf,0.4767625534536834,0.4767625534536834
validation expected,0.47665279654419135,0.47665279654419135
std,0.47599932484389684,0.47599932484389684
header token,0.4758681340595096,0.4758681340595096
certificate validation,0.4751820563433779,0.4751820563433779
condition,0.47445247564476534,0.47445247564476534
tcp connection,0.47426282794354796,0.47426282794354796
type token,0.4735077769895219,0.4735077769895219
response,0.4729936546818264,0.4729936546818264
dcos,0.47281654878855073,0.47281654878855073
resource owner,0.4726943706273184,0.4726943706273184
stat,0.47218467430127187,0.47218467430127187
realize,0.4719194128677979,0.4719194128677979
enables,0.47179138916362884,0.47179138916362884
quite understand,0.4713380529658253,0.4713380529658253
git repositories,0.4712529792255989,0.4712529792255989
disables ssl,0.4712529792255989,0.4712529792255989
explaining,0.4711003186554001,0.4711003186554001
set api,0.4710887519594141,0.4710887519594141
stored connection,0.4710522837634375,0.4710522837634375
threads,0.47007531082824583,0.47007531082824583
upgrade,0.469827662898464,0.469827662898464
images,0.4694776837576,0.4694776837576
ssl server,0.4686561508116548,0.4686561508116548
escaping,0.46836531282096266,0.46836531282096266
firewall,0.4680058964001539,0.4680058964001539
rejected,0.46786141573474965,0.46786141573474965
open event,0.46761016052762605,0.46761016052762605
fossasia open,0.46761016052762605,0.46761016052762605
fossasia,0.46761016052762605,0.46761016052762605
needing,0.46713250921443483,0.46713250921443483
cookie sessions,0.46706195774156956,0.46706195774156956
owner id,0.46678038629238167,0.46678038629238167
subscribe,0.466426614335838,0.466426614335838
flush,0.4662084102578984,0.4662084102578984
opens,0.46609071787181616,0.46609071787181616
sizeof,0.4651507877554351,0.4651507877554351
warn,0.4644558339387639,0.4644558339387639
getloginstatus,0.4638293050120284,0.4638293050120284
crumb,0.4636306899861861,0.4636306899861861
dependencies,0.4633121398410792,0.4633121398410792
secret_group,0.46270117627982404,0.46270117627982404
cve 2017,0.46254952293484713,0.46254952293484713
egg,0.46201088131290297,0.46201088131290297
kubeapps,0.46171478539848526,0.46171478539848526
feel better,0.4616654145275619,0.4616654145275619
behavior possible,0.4609562700603518,0.4609562700603518
instead just,0.46044641702867906,0.46044641702867906
restrict,0.46020736331137196,0.46020736331137196
unused,0.4595656763543934,0.4595656763543934
permission scopes,0.4591893187645321,0.4591893187645321
need credentials,0.4585705368211345,0.4585705368211345
authentication hash,0.45846507601746106,0.45846507601746106
authentication mutual,0.4581730055523727,0.4581730055523727
spectre,0.45805021118219474,0.45805021118219474
compromise,0.4575664662637185,0.4575664662637185
kind like,0.4573473533249473,0.4573473533249473
index php,0.45684151790336763,0.45684151790336763
session case,0.4566455152976537,0.4566455152976537
reason,0.45661132785564484,0.45661132785564484
verifies,0.45654023359320195,0.45654023359320195
people know,0.4560935864503602,0.4560935864503602
rest debug,0.4547229442523589,0.4547229442523589
tree,0.4543527205686618,0.4543527205686618
paranoid,0.4542836417905544,0.4542836417905544
facade,0.45320090100534527,0.45320090100534527
mixins,0.45241496243998663,0.45241496243998663
acts,0.45234938383312207,0.45234938383312207
remote,0.4522852447385592,0.4522852447385592
secret stored,0.4520240288375269,0.4520240288375269
applies,0.45155708441618514,0.45155708441618514
sessions token,0.4511628981101343,0.4511628981101343
configure kafka,0.4510095728576015,0.4510095728576015
auto generated,0.4507598741640583,0.4507598741640583
behaviour,0.45047282010441203,0.45047282010441203
particularly,0.45009460251357125,0.45009460251357125
lead,0.4500848702839343,0.4500848702839343
suggestion application,0.44970359033820045,0.44970359033820045
destination,0.4495717785619679,0.4495717785619679
users password,0.44927354769103117,0.44927354769103117
authorization context,0.44901687068620066,0.44901687068620066
csrf protection,0.4479442283404242,0.4479442283404242
authorizationchecker,0.4479072900728191,0.4479072900728191
form,0.4478402642214664,0.4478402642214664
pretty,0.4478280504102372,0.4478280504102372
virtually,0.44695045040517345,0.44695045040517345
ably,0.44640778473422615,0.44640778473422615
https blog,0.44596901732595323,0.44596901732595323
blocks,0.4458322908501003,0.4458322908501003
weaken,0.4457887409630827,0.4457887409630827
user jwt,0.44559533455060163,0.44559533455060163
hash token,0.44546783901615183,0.44546783901615183
metasploit,0.44493713518924977,0.44493713518924977
root,0.444616331179481,0.444616331179481
ruby,0.4432324686547703,0.4432324686547703
resulting,0.443135518284238,0.443135518284238
differentiate,0.4431233062520129,0.4431233062520129
ethereum,0.44306157585391587,0.44306157585391587
token authentication,0.44214052301902346,0.44214052301902346
decrypt using,0.44200533232373984,0.44200533232373984
permissions associated,0.44185337958062226,0.44185337958062226
security team,0.441381879316379,0.441381879316379
login user,0.44134287694858887,0.44134287694858887
locked,0.4408235794771057,0.4408235794771057
https http,0.44068968984544643,0.44068968984544643
struggled,0.440374330312087,0.440374330312087
unique identifier,0.4399699388983279,0.4399699388983279
risks,0.43958142513136983,0.43958142513136983
comparison,0.439184970712177,0.439184970712177
confusion,0.4391482871923209,0.4391482871923209
run,0.4387285348394512,0.4387285348394512
going use,0.43859699535887864,0.43859699535887864
machines,0.43836992356655274,0.43836992356655274
password tokens,0.4381943314779932,0.4381943314779932
jest,0.4377607069477671,0.4377607069477671
assigned role,0.43735477825144176,0.43735477825144176
generate csrf,0.43634998981319695,0.43634998981319695
invalid,0.43629773717976744,0.43629773717976744
isn,0.43616607373930416,0.43616607373930416
data good,0.43542416759884695,0.43542416759884695
think improve,0.4352713214069256,0.4352713214069256
variant,0.4351977839958452,0.4351977839958452
credentials authenticate,0.4350953850159825,0.4350953850159825
password plain,0.4350658199930723,0.4350658199930723
honestly,0.43469567912797424,0.43469567912797424
tested,0.4346864505476012,0.4346864505476012
checkcode,0.43430743414255857,0.43430743414255857
rate limited,0.43406125493859105,0.43406125493859105
forgery,0.4339902900482838,0.4339902900482838
ca bundle,0.4337741180481903,0.4337741180481903
new scopes,0.43335696660393475,0.43335696660393475
request forgery,0.43298860006149925,0.43298860006149925
msg,0.43280253614788583,0.43280253614788583
like token,0.43119801826591886,0.43119801826591886
php,0.4305429306405216,0.4305429306405216
fake,0.43039119730825437,0.43039119730825437
users secrets,0.4299172436223923,0.4299172436223923
marked,0.42972588478009643,0.42972588478009643
requests using,0.4290305595705894,0.4290305595705894
encrypted passwords,0.42901013388570713,0.42901013388570713
attacker create,0.42866067346969566,0.42866067346969566
permission resource,0.42800093386930044,0.42800093386930044
typo,0.4279955397673932,0.4279955397673932
created authentication,0.42743815740760716,0.42743815740760716
operation,0.4271282489337422,0.4271282489337422
use env,0.42702935998344627,0.42702935998344627
pr,0.42702325878988034,0.42702325878988034
admin,0.4259388791068899,0.4259388791068899
server receives,0.42543057843185195,0.42543057843185195
rb,0.4248708986801974,0.4248708986801974
token information,0.4247132622485905,0.4247132622485905
signal,0.42438498296801846,0.42438498296801846
additional security,0.4241025455101079,0.4241025455101079
use user,0.4240987279493324,0.4240987279493324
subsequent,0.4238682929268863,0.4238682929268863
token known,0.4236681281056234,0.4236681281056234
passing invalid,0.4231739127695502,0.4231739127695502
semver,0.42264903706746954,0.42264903706746954
current session,0.42259548148398335,0.42259548148398335
definitely don,0.4216471136526195,0.4216471136526195
signed encrypted,0.4211633417824159,0.4211633417824159
enc,0.42104105897544214,0.42104105897544214
calculation,0.42043957950279354,0.42043957950279354
able exploit,0.42020615658922617,0.42020615658922617
means,0.41971195252844956,0.41971195252844956
aliases,0.41864288594993226,0.41864288594993226
target,0.4185425016172107,0.4185425016172107
tls transport,0.41835112414589376,0.41835112414589376
implications,0.4182458727244784,0.4182458727244784
like just,0.417809217868585,0.417809217868585
know,0.4172303032254192,0.4172303032254192
information included,0.4167374080522834,0.4167374080522834
authentication tls,0.41582164537600874,0.41582164537600874
entry,0.4153955609267713,0.4153955609267713
makes vulnerable,0.41498788141819076,0.41498788141819076
iam users,0.4148447545103272,0.4148447545103272
just realized,0.41472860054290017,0.41472860054290017
non existing,0.4144734199428155,0.4144734199428155
case session,0.41429171309396856,0.41429171309396856
altogether,0.41361633533006187,0.41361633533006187
stripe authorization,0.4133801081116848,0.4133801081116848
need separate,0.4126264391705284,0.4126264391705284
express properly,0.4111040641086875,0.4111040641086875
using just,0.41087363653361114,0.41087363653361114
case having,0.41050554833601616,0.41050554833601616
credentials provided,0.4096806757785634,0.4096806757785634
matrix,0.40965991392149914,0.40965991392149914
authentication handled,0.40956155598775673,0.40956155598775673
disclosure,0.40944826131018885,0.40944826131018885
author,0.40927345881592353,0.40927345881592353
root certs,0.40896626020531013,0.40896626020531013
need allow,0.40863981688970097,0.40863981688970097
asynchronous,0.4084894680644527,0.4084894680644527
organization,0.40800893385121956,0.40800893385121956
secrets management,0.40724631845525006,0.40724631845525006
file read,0.40713706015749745,0.40713706015749745
cgi,0.406760668368837,0.406760668368837
possible using,0.4059866968372244,0.4059866968372244
xss protection,0.4058242124628003,0.4058242124628003
mutual authentication,0.4055356028392336,0.4055356028392336
just want,0.40536805464708564,0.40536805464708564
sidecar,0.4051498731700133,0.4051498731700133
imho,0.4045792358014742,0.4045792358014742
edits,0.40390626822330644,0.40390626822330644
user supplied,0.4038818516742329,0.4038818516742329
inserted,0.40255494591337865,0.40255494591337865
password authentication,0.40247795199985087,0.40247795199985087
vulnerability maybe,0.40204486840127357,0.40204486840127357
using tls,0.4015982952102412,0.4015982952102412
told,0.4012355308060274,0.4012355308060274
aat,0.4009606716306531,0.4009606716306531
versus,0.40040361941458946,0.40040361941458946
ways,0.40034490463264866,0.40034490463264866
secret gets,0.3994466181558589,0.3994466181558589
msf5,0.39937561589211956,0.39937561589211956
msf5 exploit,0.39937561589211956,0.39937561589211956
rapid7,0.39926199210996866,0.39926199210996866
dir,0.39862469669162653,0.39862469669162653
throws exception,0.3984175374217541,0.3984175374217541
tokens need,0.3980686977310969,0.3980686977310969
improve,0.3977588205767121,0.3977588205767121
accidentally,0.39714836258819186,0.39714836258819186
authentication way,0.3971007477642467,0.3971007477642467
k8s secret,0.39694394979985564,0.39694394979985564
systems,0.395911482808592,0.395911482808592
run test,0.39566675189013456,0.39566675189013456
cores,0.3948202910461838,0.3948202910461838
know secret,0.3944357975056674,0.3944357975056674
placeholders,0.39335970439396206,0.39335970439396206
cron,0.39334910939796996,0.39334910939796996
don open,0.3924121837853853,0.3924121837853853
manual,0.3919048558565089,0.3919048558565089
fwiw,0.39165138048809367,0.39165138048809367
field read,0.391595536153342,0.391595536153342
happen know,0.3915694722512829,0.3915694722512829
avoid confusion,0.39142088351033416,0.39142088351033416
stack,0.3906770806370589,0.3906770806370589
certificate based,0.39042132008254676,0.39042132008254676
ship,0.3901120176959222,0.3901120176959222
latest,0.3900238652970196,0.3900238652970196
cloudformation,0.3899684723788046,0.3899684723788046
validity,0.3899453897469987,0.3899453897469987
escape,0.3897930643123348,0.3897930643123348
freenas,0.3897329317158005,0.3897329317158005
csrf disabled,0.38964255927024005,0.38964255927024005
really necessary,0.3895399392846793,0.3895399392846793
logout,0.3895112498992954,0.3895112498992954
group permission,0.38926860492345017,0.38926860492345017
saved disk,0.3891045628510387,0.3891045628510387
web3,0.3880303687508777,0.3880303687508777
using certificate,0.3878476036183334,0.3878476036183334
signed using,0.3878372352987136,0.3878372352987136
middle,0.38773607370671315,0.38773607370671315
acceptable,0.3875737561955876,0.3875737561955876
brokers clients,0.3864803357428055,0.3864803357428055
analysis,0.3863995319371941,0.3863995319371941
handle csrf,0.38631709437043943,0.38631709437043943
read access,0.385316348111773,0.385316348111773
offers,0.3849986775307441,0.3849986775307441
secret probably,0.38485805062319206,0.38485805062319206
method vulnerable,0.3843094969944097,0.3843094969944097
concerned,0.3842181967403027,0.3842181967403027
receive,0.3841712348725333,0.3841712348725333
turned,0.38311181053601173,0.38311181053601173
key material,0.382528232493256,0.382528232493256
deletes access,0.38235394620388335,0.38235394620388335
user use,0.3821610331782867,0.3821610331782867
https support,0.3821497919575377,0.3821497919575377
api reason,0.38195778436610905,0.38195778436610905
mbed,0.3813830487039611,0.3813830487039611
visit,0.3805081480233167,0.3805081480233167
verify authentication,0.380403813839304,0.380403813839304
service authenticated,0.3802979731865426,0.3802979731865426
site scripting,0.3799433442321869,0.3799433442321869
scripting,0.3799433442321869,0.3799433442321869
data vulnerable,0.37992954656985584,0.37992954656985584
material,0.37942742718247424,0.37942742718247424
man,0.37884819150205346,0.37884819150205346
server pull,0.3787217998042349,0.3787217998042349
element,0.377601127912261,0.377601127912261
security implications,0.37726955722672983,0.37726955722672983
worth specifying,0.3770920801681164,0.3770920801681164
establish,0.3770623454231796,0.3770623454231796
file doesn,0.3770252546711991,0.3770252546711991
automatically generate,0.3769756991414688,0.3769756991414688
backend services,0.3766695823711704,0.3766695823711704
prid 3024740,0.3761960601837236,0.3761960601837236
3024740,0.3761960601837236,0.3761960601837236
app jameswettenhall,0.3761960601837236,0.3761960601837236
jameswettenhall,0.3761960601837236,0.3761960601837236
jameswettenhall mytardis,0.3761960601837236,0.3761960601837236
encryption secret,0.37618698210341683,0.37618698210341683
nested,0.37617367359650683,0.37617367359650683
converted,0.37610613691477013,0.37610613691477013
potential,0.3758921447540651,0.3758921447540651
old credentials,0.375593504456174,0.375593504456174
pointers,0.375588441788848,0.375588441788848
haproxy,0.37514122222044327,0.37514122222044327
specifying,0.3750288339133631,0.3750288339133631
easily,0.3748449088961146,0.3748449088961146
maybe use,0.37458216017324897,0.37458216017324897
fees,0.3744712439794833,0.3744712439794833
completely missed,0.37382320004514896,0.37382320004514896
error messages,0.37366257846937756,0.37366257846937756
used enable,0.37350196707846206,0.37350196707846206
protecting,0.3734130142981865,0.3734130142981865
code authorization,0.37335445897486447,0.37335445897486447
happens write,0.3731930520547969,0.3731930520547969
checker,0.37274119008624834,0.37274119008624834
authorization php,0.37244700184320245,0.37244700184320245
keys missing,0.37244700184320245,0.37244700184320245
new keys,0.37244700184320245,0.37244700184320245
suggest add,0.3722249389555326,0.3722249389555326
tight,0.37148610822840905,0.37148610822840905
foreman,0.37134168581925064,0.37134168581925064
supports,0.3708641315362596,0.3708641315362596
yes add,0.37082185859483746,0.37082185859483746
highlights,0.37060359659487196,0.37060359659487196
secret session,0.370425825118099,0.370425825118099
door,0.37021138522005925,0.37021138522005925
won work,0.3701976982482253,0.3701976982482253
email,0.36957689185121717,0.36957689185121717
allow user,0.36917217864519897,0.36917217864519897
want different,0.3688649744792409,0.3688649744792409
encrypted avoid,0.367952932873055,0.367952932873055
true default,0.3677498083288272,0.3677498083288272
key present,0.3675084809346152,0.3675084809346152
database server,0.36730826529163485,0.36730826529163485
phrasing,0.36711475905085317,0.36711475905085317
pr https,0.3670098561616381,0.3670098561616381
secret like,0.3667890795351217,0.3667890795351217
tries,0.36666109363375776,0.36666109363375776
implements,0.36654407580812975,0.36654407580812975
credentials fo,0.3664174189423763,0.3664174189423763
preventing,0.3662298725404498,0.3662298725404498
authorization enabling,0.3661503504275836,0.3661503504275836
tidb,0.36605995084596277,0.36605995084596277
whitelist,0.3659055449660954,0.3659055449660954
extensible,0.3651224457503849,0.3651224457503849
generating certificates,0.3648713313881711,0.3648713313881711
realized,0.3648150665862056,0.3648150665862056
setting client,0.3641508198975702,0.3641508198975702
given use,0.3641223294922425,0.3641223294922425
strictly speaking,0.3640710005562727,0.3640710005562727
unrecognized,0.3638585528362949,0.3638585528362949
ms08,0.363743473498817,0.363743473498817
tls established,0.3636422939458405,0.3636422939458405
clear,0.3633828022150255,0.3633828022150255
matters,0.36327843654869435,0.36327843654869435
k8,0.36326047384820653,0.36326047384820653
value used,0.3631428420921914,0.3631428420921914
image,0.3629621394683335,0.3629621394683335
objects,0.36246133959270743,0.36246133959270743
detecting,0.36241676724087124,0.36241676724087124
touch,0.3617930749078454,0.3617930749078454
set run,0.3611512751833125,0.3611512751833125
entirely sure,0.3610579172038112,0.3610579172038112
entries,0.3605813443436247,0.3605813443436247
minor edits,0.36025767884483983,0.36025767884483983
deletes,0.3601576128062542,0.3601576128062542
apple,0.36002898458489435,0.36002898458489435
credentials password,0.3600286504611094,0.3600286504611094
validation token,0.35959802490480813,0.35959802490480813
tokens https,0.35945042300985425,0.35945042300985425
secrets encrypted,0.3593165848968288,0.3593165848968288
scary,0.35874478905279017,0.35874478905279017
exposed,0.358184985915878,0.358184985915878
receives,0.35672298023608806,0.35672298023608806
checking git,0.3564070233088486,0.3564070233088486
exploit remote,0.3564059785919729,0.3564059785919729
authen,0.3561807682771988,0.3561807682771988
metasploit framework,0.35531954344529476,0.35531954344529476
remotely,0.3553034898852517,0.3553034898852517
operating,0.3550771925918841,0.3550771925918841
think worth,0.3550443889555394,0.3550443889555394
beam,0.35491570072643436,0.35491570072643436
login attempts,0.35470514493237804,0.35470514493237804
combine,0.35453246010058875,0.35453246010058875
expire,0.3544040838728499,0.3544040838728499
lpe,0.35402204740359844,0.35402204740359844
presents,0.3535290877703089,0.3535290877703089
kernel,0.3534965873692669,0.3534965873692669
client client,0.35343553227315966,0.35343553227315966
lab,0.3533923246278943,0.3533923246278943
significant,0.3533833921593456,0.3533833921593456
mode,0.3532581915958602,0.3532581915958602
rollback,0.3530267449327364,0.3530267449327364
searches,0.3527898882790834,0.3527898882790834
huge security,0.3522607486922966,0.3522607486922966
mentioning,0.3521169692978477,0.3521169692978477
want pass,0.3517580763876677,0.3517580763876677
just checked,0.3514556352459976,0.3514556352459976
talking,0.35144562115901545,0.35144562115901545
sizeof ssl,0.3514149853767138,0.3514149853767138
needed read,0.351245722830239,0.351245722830239
service attack,0.3512258497049542,0.3512258497049542
degree,0.35114631000301366,0.35114631000301366
read authorization,0.35077426044551024,0.35077426044551024
think certificates,0.35073418024618913,0.35073418024618913
modules exploits,0.3504610016044147,0.3504610016044147
bypass security,0.35045739786955693,0.35045739786955693
saved,0.35023450342971857,0.35023450342971857
generated secret,0.3496048276311713,0.3496048276311713
condition reset,0.3495196794475201,0.3495196794475201
info,0.34892704401149627,0.34892704401149627
rapid7 metasploit,0.34858981302970343,0.34858981302970343
com rapid7,0.34858981302970343,0.34858981302970343
password example,0.34849821463987435,0.34849821463987435
add config,0.34834173759526266,0.34834173759526266
narrow,0.3482794678705898,0.3482794678705898
schemas,0.3482054711906149,0.3482054711906149
edx,0.347840733298796,0.347840733298796
program potentially,0.347381860837777,0.347381860837777
suggested,0.34720086773925557,0.34720086773925557
related way,0.34684466413642717,0.34684466413642717
know don,0.3462990664929317,0.3462990664929317
description,0.3460205385194363,0.3460205385194363
security preference,0.3458345813711621,0.3458345813711621
biometric authorization,0.3458345813711621,0.3458345813711621
iterating,0.34574297023771694,0.34574297023771694
note,0.3454067671118404,0.3454067671118404
tls client,0.34520439898717264,0.34520439898717264
hope,0.344735309040162,0.344735309040162
secret secret,0.34468116280865346,0.34468116280865346
make vulnerable,0.34417123831994995,0.34417123831994995
personally,0.3440720022252718,0.3440720022252718
used key,0.3437605132206728,0.3437605132206728
socket,0.3436243862815647,0.3436243862815647
coverage,0.34326019770898836,0.34326019770898836
params,0.3429811414803985,0.3429811414803985
compiler,0.34292356016950554,0.34292356016950554
msf exploit,0.34257500028344917,0.34257500028344917
token happen,0.3421168295725912,0.3421168295725912
attacks https,0.34208019473235807,0.34208019473235807
command,0.3419781613264539,0.3419781613264539
vulnerability let,0.34178858190784367,0.34178858190784367
easy,0.34173772174274775,0.34173772174274775
form authorization,0.3414891498376838,0.3414891498376838
crash,0.3414691379419777,0.3414691379419777
stored file,0.3414170073227483,0.3414170073227483
endpoint https,0.3410342032683445,0.3410342032683445
flag,0.3406964227454212,0.3406964227454212
just exploiting,0.34041458381768847,0.34041458381768847
push notifications,0.33963038056392747,0.33963038056392747
user username,0.33907567165556407,0.33907567165556407
actually going,0.3389555917654601,0.3389555917654601
token secret,0.3388222609186633,0.3388222609186633
xx,0.3385992674159025,0.3385992674159025
does authorization,0.3385394648631103,0.3385394648631103
deal,0.3383742734565371,0.3383742734565371
need generate,0.338331959073772,0.338331959073772
setted,0.33827477815665113,0.33827477815665113
msf,0.33809020839371634,0.33809020839371634
enable,0.33796634515690926,0.33796634515690926
dynamically,0.3378701468899186,0.3378701468899186
actually include,0.3377958046196719,0.3377958046196719
18,0.337154687970931,0.337154687970931
processes,0.33706555145977374,0.33706555145977374
big security,0.3368194273185292,0.3368194273185292
hmm interesting,0.3362957631892081,0.3362957631892081
gave,0.3362366427870025,0.3362366427870025
dangerous,0.33622801652243217,0.33622801652243217
making type,0.33619319322798097,0.33619319322798097
pu,0.33583043893886416,0.33583043893886416
read token,0.3355604118862479,0.3355604118862479
use encrypted,0.33509939747248096,0.33509939747248096
arbitrary code,0.33500246604531037,0.33500246604531037
pii,0.33441059537863216,0.33441059537863216
world application,0.33403330228384026,0.33403330228384026
implicitly,0.33341565373043175,0.33341565373043175
sub,0.3331475542822877,0.3331475542822877
check request,0.3324529365709746,0.3324529365709746
negates,0.3324323657023756,0.3324323657023756
biometric,0.3322760999414537,0.3322760999414537
retrieve credentials,0.33207858845834015,0.33207858845834015
idea way,0.3319312081535162,0.3319312081535162
remote httpclient,0.3309365838498044,0.3309365838498044
strict,0.33088327557364056,0.33088327557364056
new token,0.3308725338889106,0.3308725338889106
leads,0.3308083875120321,0.3308083875120321
make api,0.3307768523005905,0.3307768523005905
validation rules,0.33077569349284885,0.33077569349284885
advanced authentication,0.33073038578300046,0.33073038578300046
fix,0.33053742298217037,0.33053742298217037
man middle,0.3302554171017481,0.3302554171017481
callbacks,0.33016967369968975,0.33016967369968975
catch,0.33010980545690566,0.33010980545690566
left,0.33005840769996575,0.33005840769996575
renamed,0.328842832968361,0.328842832968361
detection,0.3288394384167719,0.3288394384167719
customer id,0.32814362543786774,0.32814362543786774
isn provided,0.3280946400486073,0.3280946400486073
misunderstanding,0.3273594525332547,0.3273594525332547
potentially malicious,0.32721571981583414,0.32721571981583414
stacks,0.3269602621208636,0.3269602621208636
role permissions,0.3269602621208636,0.3269602621208636
consequently,0.3269602621208636,0.3269602621208636
disagree just,0.3262919453747931,0.3262919453747931
introduced,0.32610621460109845,0.32610621460109845
token value,0.32608274602800436,0.32608274602800436
like information,0.32493016377858536,0.32493016377858536
don currently,0.3248752260945783,0.3248752260945783
authorizationmiddleware cs,0.3245403816962781,0.3245403816962781
src authorizationmiddleware,0.3245403816962781,0.3245403816962781
tcp,0.3245306605806857,0.3245306605806857
subnets,0.32437484068212813,0.32437484068212813
algorithms,0.32417289418836126,0.32417289418836126
route,0.3237695665827752,0.3237695665827752
sentence,0.32314104290907475,0.32314104290907475
provided credentials,0.32290977467060045,0.32290977467060045
request instead,0.32290977467060045,0.32290977467060045
worth mentioning,0.3223669813756355,0.3223669813756355
verify password,0.3211193617037215,0.3211193617037215
understand,0.32110423862157716,0.32110423862157716
good catch,0.3210466840346512,0.3210466840346512
auto,0.3210004208991909,0.3210004208991909
potentially,0.3209724290656478,0.3209724290656478
use way,0.3206346384036107,0.3206346384036107
session null,0.3204176566418142,0.3204176566418142
protected,0.3201356727013231,0.3201356727013231
send push,0.3201208498061223,0.3201208498061223
code added,0.31998947935932115,0.31998947935932115
guidelines,0.3199701312916085,0.3199701312916085
play,0.31984766533875575,0.31984766533875575
map like,0.3191932012431745,0.3191932012431745
ssl protocols,0.3191728133860844,0.3191728133860844
giving,0.3188402961469062,0.3188402961469062
path,0.31877007915908945,0.31877007915908945
add comment,0.3186279253600538,0.3186279253600538
strictly necessary,0.31824682390427855,0.31824682390427855
want disable,0.3182314088073826,0.3182314088073826
look,0.3181634596689367,0.3181634596689367
escaped,0.3179180713050224,0.3179180713050224
encryption level,0.31782823838539764,0.31782823838539764
encryption key,0.31715953347121956,0.31715953347121956
intentional,0.3169741668133038,0.3169741668133038
raised,0.31679800935394753,0.31679800935394753
cloud,0.316672754426359,0.316672754426359
think idea,0.3166024252753296,0.3166024252753296
nice,0.3162242211730495,0.3162242211730495
faith,0.31612721987512765,0.31612721987512765
403 usually,0.3154117349279387,0.3154117349279387
custom message,0.3148294903309006,0.3148294903309006
server key,0.3146971882199126,0.3146971882199126
token removed,0.3145627180333004,0.3145627180333004
released,0.31449215668450237,0.31449215668450237
dictionary,0.3144247519771313,0.3144247519771313
form authentication,0.3141982863089479,0.3141982863089479
suggestion 15,0.3141876892132547,0.3141876892132547
suggestion don,0.31296341146159984,0.31296341146159984
established,0.3129473743277361,0.3129473743277361
don agree,0.3129074742096814,0.3129074742096814
productname,0.31277494095423825,0.31277494095423825
bot,0.3121236975971806,0.3121236975971806
imo,0.3114015433307234,0.3114015433307234
dom,0.31129107574023596,0.31129107574023596
doesn vulnerabilities,0.31102278859507204,0.31102278859507204
years,0.3101105829809404,0.3101105829809404
token instead,0.3099803466650721,0.3099803466650721
containerd,0.30997244562702114,0.30997244562702114
wow,0.30940887926402816,0.30940887926402816
recorded,0.30915895780947955,0.30915895780947955
filter add,0.3090501210874962,0.3090501210874962
try exploit,0.308936661102029,0.308936661102029
aws credentials,0.30876430378635494,0.30876430378635494
supporting,0.3086246076260044,0.3086246076260044
info authorization,0.3085625050355748,0.3085625050355748
sure security,0.30834604026292456,0.30834604026292456
post,0.3080754944142037,0.3080754944142037
fo,0.3079548918699381,0.3079548918699381
confirmed,0.30791262309585243,0.30791262309585243
scan,0.30759444649334233,0.30759444649334233
ids,0.3075256574940231,0.3075256574940231
version detection,0.30625992800015583,0.30625992800015583
rotated,0.30625909871212204,0.30625909871212204
responder,0.30585310154121703,0.30585310154121703
analyze,0.3057526397043759,0.3057526397043759
depending user,0.30567331105397094,0.30567331105397094
good example,0.3050702867402603,0.3050702867402603
recipe use,0.30500708633145207,0.30500708633145207
rogue,0.30485529071392425,0.30485529071392425
secret need,0.3048445388054467,0.3048445388054467
refactoring,0.3047916692781756,0.3047916692781756
recipe,0.3042807509039511,0.3042807509039511
authorization checks,0.30404246236630295,0.30404246236630295
handshake,0.3038204561253222,0.3038204561253222
terms,0.30335104509500416,0.30335104509500416
values,0.30327359193696696,0.30327359193696696
case csrf,0.3030678992872133,0.3030678992872133
password missing,0.3028515966532808,0.3028515966532808
imported,0.30247706681244135,0.30247706681244135
added test,0.3018908811077331,0.3018908811077331
using session,0.30149066759846654,0.30149066759846654
send request,0.30114993211232904,0.30114993211232904
amplify,0.30105288363489874,0.30105288363489874
type like,0.3009730978940068,0.3009730978940068
markup,0.30092621953564525,0.30092621953564525
connections,0.3008386522430378,0.3008386522430378
developer account,0.30073567704166987,0.30073567704166987
treated,0.30002604927549714,0.30002604927549714
support like,0.2999091041807908,0.2999091041807908
debug support,0.2999091041807908,0.2999091041807908
certificate verification,0.2993480675063958,0.2993480675063958
using basic,0.2991004853114789,0.2991004853114789
add credentials,0.2989063337402606,0.2989063337402606
persist,0.2986298067802914,0.2986298067802914
just happens,0.29857127160778646,0.29857127160778646
twice,0.29852602555811886,0.29852602555811886
drags,0.29848337468533553,0.29848337468533553
leave security,0.2982313563842368,0.2982313563842368
controlled,0.29778640948556623,0.29778640948556623
tried,0.29745543922060574,0.29745543922060574
make check,0.29741637857908426,0.29741637857908426
prevent malicious,0.2974130325895393,0.2974130325895393
helpful,0.2973815079624893,0.2973815079624893
public repos,0.2973765342122682,0.2973765342122682
textcontent,0.29729243393374194,0.29729243393374194
make sure,0.2972437322961052,0.2972437322961052
authentication api,0.2972168692118894,0.2972168692118894
supports cross,0.29681007183012187,0.29681007183012187
include csrf,0.29656442619225437,0.29656442619225437
172 16,0.29655674412659494,0.29655674412659494
linter,0.2965234950505295,0.2965234950505295
drop,0.2963976685910022,0.2963976685910022
like valid,0.2962197336239158,0.2962197336239158
cve 2012,0.29606474024688084,0.29606474024688084
aloud,0.2958931405464759,0.2958931405464759
navigation,0.2956799101884119,0.2956799101884119
html don,0.29528392080080323,0.29528392080080323
inject,0.29520403440051507,0.29520403440051507
buttons,0.29512261215851276,0.29512261215851276
notifications,0.29500569201847643,0.29500569201847643
package,0.29482927177824997,0.29482927177824997
reader,0.2945362101142753,0.2945362101142753
xss ok,0.29448976632284307,0.29448976632284307
wpcs,0.29448976632284307,0.29448976632284307
wpcs xss,0.29448976632284307,0.29448976632284307
mapping,0.2942849964279815,0.2942849964279815
authentication flow,0.29424648510995244,0.29424648510995244
interfaces,0.2934129233110454,0.2934129233110454
provide confidentiality,0.29337734353105027,0.29337734353105027
confidentiality,0.29337734353105027,0.29337734353105027
keeping,0.29314720891402685,0.29314720891402685
sp,0.29313253171649495,0.29313253171649495
check method,0.292817917833702,0.292817917833702
token app,0.292757392542265,0.292757392542265
way exploit,0.29257574098514033,0.29257574098514033
trust verification,0.2923322044091629,0.2923322044091629
setting session,0.29219628153404814,0.29219628153404814
open,0.2919528338566004,0.2919528338566004
sounds better,0.2915743447530835,0.2915743447530835
pg,0.291480345426838,0.291480345426838
just pass,0.2912256643795516,0.2912256643795516
policies,0.29122502602883876,0.29122502602883876
like want,0.29085506996819227,0.29085506996819227
join,0.29066712693597946,0.29066712693597946
lives,0.2902927425974206,0.2902927425974206
nice security,0.2902743706206235,0.2902743706206235
unrelated,0.2900493181133001,0.2900493181133001
authorization shouldn,0.2899771442851879,0.2899771442851879
user running,0.2899316462085109,0.2899316462085109
valid credentials,0.28986132254274566,0.28986132254274566
defaults,0.2890944957709054,0.2890944957709054
input validation,0.2890581812731649,0.2890581812731649
contract,0.2889782871023455,0.2889782871023455
foo,0.2887512287866297,0.2887512287866297
locking,0.28874863771222703,0.28874863771222703
infinite,0.28854127132889806,0.28854127132889806
add certificate,0.28853829830146593,0.28853829830146593
braces,0.288411701874065,0.288411701874065
2012,0.2883031677003724,0.2883031677003724
web rce,0.28807742982080603,0.28807742982080603
closes,0.28762906714245223,0.28762906714245223
verify_ssl,0.28761389783726427,0.28761389783726427
v4,0.2875404269930236,0.2875404269930236
routing,0.2874895787982153,0.2874895787982153
172,0.2868613918787214,0.2868613918787214
didn,0.2853369408520442,0.2853369408520442
behave,0.28518882941524304,0.28518882941524304
tags,0.28494615864957634,0.28494615864957634
counts,0.28494200934946107,0.28494200934946107
line,0.2849271705050888,0.2849271705050888
learned,0.28491448828186733,0.28491448828186733
use certificate,0.28408954208415305,0.28408954208415305
optional,0.28381478050601056,0.28381478050601056
plural,0.28373892308861876,0.28373892308861876
csrf error,0.28368907771144886,0.28368907771144886
writing,0.28368780426941115,0.28368780426941115
used build,0.28354131963598134,0.28354131963598134
avoid,0.2835357054232097,0.2835357054232097
prometheus,0.28348644566290376,0.28348644566290376
return type,0.28323376476589857,0.28323376476589857
user context,0.2831760895348776,0.2831760895348776
trying exploit,0.28301349255818814,0.28301349255818814
prevent xss,0.28279742073206515,0.28279742073206515
parent,0.28251463256068177,0.28251463256068177
easy way,0.28194755304433855,0.28194755304433855
api endpoints,0.28176396587727426,0.28176396587727426
timestamp,0.2814269369542355,0.2814269369542355
vector,0.28058602057590176,0.28058602057590176
involves,0.2804800522549209,0.2804800522549209
lo,0.28030754615523856,0.28030754615523856
rationale,0.2802498724378114,0.2802498724378114
ai,0.2799531294559246,0.2799531294559246
distribution certificate,0.2799019801944778,0.2799019801944778
people,0.2794595777974245,0.2794595777974245
good test,0.2792490645500677,0.2792490645500677
commons validator,0.27889768914123747,0.27889768914123747
worked,0.2786935160709707,0.2786935160709707
request contains,0.278259552843236,0.278259552843236
needed permissions,0.277895032101016,0.277895032101016
mutable,0.27788439535769816,0.27788439535769816
support basic,0.27739049594106635,0.27739049594106635
static password,0.2769484040929676,0.2769484040929676
deals,0.2768996471375092,0.2768996471375092
use perform,0.27559650100190103,0.27559650100190103
activerecord,0.2750764601740636,0.2750764601740636
docker images,0.27503245831989714,0.27503245831989714
anchor,0.2750265717104601,0.2750265717104601
need create,0.27498735737260943,0.27498735737260943
course just,0.27484975376102944,0.27484975376102944
exploit multiple,0.2748253560004096,0.2748253560004096
automatically,0.2744384297237529,0.2744384297237529
client authentication,0.27423658251568067,0.27423658251568067
yaml security,0.27380582298694006,0.27380582298694006
wfsdelay,0.2737915924764866,0.2737915924764866
case validation,0.2737082256353729,0.2737082256353729
knowing,0.2733298661069798,0.2733298661069798
token form,0.27307051493293566,0.27307051493293566
include user,0.2728830687932943,0.2728830687932943
theme,0.2728686915692131,0.2728686915692131
proxy,0.2728013617992069,0.2728013617992069
implied,0.2724677175527013,0.2724677175527013
vulnerable npes,0.2723552872762067,0.2723552872762067
npes,0.2723552872762067,0.2723552872762067
decrypt data,0.27188073498088694,0.27188073498088694
alternative,0.2715900736780011,0.2715900736780011
save,0.27148297474771627,0.27148297474771627
need encrypted,0.2712052509015535,0.2712052509015535
affects,0.2709760122889839,0.2709760122889839
invalid credentials,0.2707188413714262,0.2707188413714262
ruby def,0.27054598166717725,0.27054598166717725
user try,0.2704865580104362,0.2704865580104362
filtered,0.27022501654248793,0.27022501654248793
session keys,0.26989132723191533,0.26989132723191533
issue https,0.2697038495838739,0.2697038495838739
datastore,0.26964818178052097,0.26964818178052097
free error,0.26964456726159824,0.26964456726159824
indicate,0.26938257920315634,0.26938257920315634
md,0.26923967882695393,0.26923967882695393
password protected,0.2687451032905146,0.2687451032905146
string length,0.2686959614418156,0.2686959614418156
vulnerabilities want,0.268431928905159,0.268431928905159
got use,0.26830310410492086,0.26830310410492086
crafted,0.2682933236040265,0.2682933236040265
use client,0.2677980572684217,0.2677980572684217
instead std,0.26729156935406956,0.26729156935406956
print warning,0.2672617574321186,0.2672617574321186
patched,0.2672374015461584,0.2672374015461584
print_status,0.26710643322466954,0.26710643322466954
range,0.26702951845114425,0.26702951845114425
device tokens,0.2669564400983818,0.2669564400983818
violates,0.26686932956529086,0.26686932956529086
token secrets,0.26683449050313096,0.26683449050313096
think using,0.2665929171622356,0.2665929171622356
password really,0.2664360213414343,0.2664360213414343
publicly visible,0.2662024488956899,0.2662024488956899
retrieving,0.265659538057168,0.265659538057168
unix,0.2654694011297784,0.2654694011297784
absolutely,0.26545124134141396,0.26545124134141396
better solution,0.2649743003262194,0.2649743003262194
implementing,0.2646034265423411,0.2646034265423411
official,0.26449870895425065,0.26449870895425065
xss attack,0.2643558097126657,0.2643558097126657
secret tidb,0.26420973583021984,0.26420973583021984
http,0.26415102795013046,0.26415102795013046
data,0.26410622028223907,0.26410622028223907
mpu,0.26407379131267456,0.26407379131267456
user controlled,0.26398717722558385,0.26398717722558385
java security,0.26374657691453457,0.26374657691453457
append,0.2635349202325095,0.2635349202325095
raw html,0.2635051792001416,0.2635051792001416
triggers,0.26347857535413116,0.26347857535413116
user makes,0.26345804562595054,0.26345804562595054
introduces vulnerability,0.26345804562595054,0.26345804562595054
hostname,0.26324890627799197,0.26324890627799197
accident,0.2632250478524819,0.2632250478524819
publicly,0.26276861597636014,0.26276861597636014
modifications,0.26266184474792387,0.26266184474792387
sort secrets,0.26264417216600566,0.26264417216600566
machine,0.2622090941825511,0.2622090941825511
type authentication,0.26216989875109176,0.26216989875109176
aren,0.26206663152090803,0.26206663152090803
worth,0.26178817892633427,0.26178817892633427
victim,0.2617619632965871,0.2617619632965871
allows user,0.2617224434784374,0.2617224434784374
huge,0.26116276775551656,0.26116276775551656
works expected,0.2610884188568227,0.2610884188568227
advisory,0.26098379868249105,0.26098379868249105
change https,0.2607348410671657,0.2607348410671657
force attacks,0.2606045867797834,0.2606045867797834
builder,0.2602588654329856,0.2602588654329856
causing,0.2600706367664275,0.2600706367664275
database password,0.2600253621832621,0.2600253621832621
account credentials,0.25998253343792793,0.25998253343792793
skips,0.2599619523840244,0.2599619523840244
doesn matter,0.2593392750581299,0.2593392750581299
gains,0.25888796786374674,0.25888796786374674
use environment,0.2587867210805034,0.2587867210805034
constructed,0.25862361478307444,0.25862361478307444
add later,0.25832533526778656,0.25832533526778656
think fine,0.2583159030905713,0.2583159030905713
ke,0.2581957670862352,0.2581957670862352
cryptographic signatures,0.2580475939536755,0.2580475939536755
broker,0.2579892612967588,0.2579892612967588
said,0.25757743510568254,0.25757743510568254
exploit windows,0.2575544422937779,0.2575544422937779
jsonpath,0.2574760188398998,0.2574760188398998
looks better,0.2573881065900665,0.2573881065900665
ha,0.25678369582183985,0.25678369582183985
fail_with,0.25670877603199077,0.25670877603199077
user permissions,0.25661878382690734,0.25661878382690734
privileged,0.2564552880121444,0.2564552880121444
failures,0.2560076918738107,0.2560076918738107
invocation,0.255815259826571,0.255815259826571
meth,0.25559112971434195,0.25559112971434195
don exactly,0.2555709198283394,0.2555709198283394
067,0.2553479027342629,0.2553479027342629
href,0.25529964286442747,0.25529964286442747
general best,0.25517271761463534,0.25517271761463534
email need,0.25463030930272473,0.25463030930272473
404 error,0.2542196491181903,0.2542196491181903
token fail,0.25400562890383765,0.25400562890383765
code,0.25394867114188624,0.25394867114188624
sig,0.2539036314228439,0.2539036314228439
commons,0.2537779150092799,0.2537779150092799
compromised,0.25359367428128854,0.25359367428128854
having access,0.25343288329143715,0.25343288329143715
api tokens,0.2533570050015389,0.2533570050015389
markdown,0.253244525999696,0.253244525999696
access certain,0.2532167774953277,0.2532167774953277
ensuring,0.2524421591591056,0.2524421591591056
crashes,0.25232055214396654,0.25232055214396654
sqlite,0.25227956174042016,0.25227956174042016
extremely,0.25216579034209946,0.25216579034209946
avoiding,0.25180369548998405,0.25180369548998405
vulnerable removed,0.2515176428306055,0.2515176428306055
somewhat,0.2510692053191696,0.2510692053191696
credentials valid,0.2503381645593527,0.2503381645593527
connector supports,0.25027738575533254,0.25027738575533254
lib,0.2497497065267533,0.2497497065267533
codebase,0.24964630074950847,0.24964630074950847
cmd,0.2494304883707956,0.2494304883707956
double quotes,0.2492765611848464,0.2492765611848464
careful,0.2491786564595364,0.2491786564595364
secret https,0.24907499793969556,0.24907499793969556
line doesn,0.24896963308207032,0.24896963308207032
helm az,0.24884853964862297,0.24884853964862297
kubectl helm,0.24884853964862297,0.24884853964862297
memcpy,0.24884732505162674,0.24884732505162674
technically,0.2486672599234339,0.2486672599234339
avoid exploit,0.2485953746262174,0.2485953746262174
xss vector,0.2482672536797891,0.2482672536797891
theory,0.2482186306836203,0.2482186306836203
prepared statement,0.24816383282898594,0.24816383282898594
cookie valid,0.24816182883529436,0.24816182883529436
user request,0.24800555844042554,0.24800555844042554
prop,0.24799993597916725,0.24799993597916725
docker,0.2479480669414745,0.2479480669414745
11e9,0.24784335835115542,0.24784335835115542
include password,0.24766732044153722,0.24766732044153722
redundant,0.24750844684036535,0.24750844684036535
worse,0.24724322012873443,0.24724322012873443
default true,0.2468146114681754,0.2468146114681754
height,0.24675402574235153,0.24675402574235153
reentrancy,0.2466510135028563,0.2466510135028563
var,0.2464273968581463,0.2464273968581463
didn authentication,0.24572994699649728,0.24572994699649728
like good,0.24572994699649728,0.24572994699649728
include msf,0.24559655090687565,0.24559655090687565
using aes,0.2452264795435613,0.2452264795435613
trust store,0.2448706509270505,0.2448706509270505
referrer,0.2447983319348419,0.2447983319348419
chown,0.24476912567493378,0.24476912567493378
included,0.2447585191481023,0.2447585191481023
used like,0.24452867548989426,0.24452867548989426
rid,0.2444249345483516,0.2444249345483516
kind,0.2444036459091986,0.2444036459091986
access specific,0.2442715761274534,0.2442715761274534
love,0.24388414082528015,0.24388414082528015
hdfs,0.24381146089139438,0.24381146089139438
string,0.2437904167172724,0.2437904167172724
escapeoutput,0.24368425197074517,0.24368425197074517
yeah bit,0.243674955350185,0.243674955350185
ultimately,0.24302624065550657,0.24302624065550657
reason change,0.24272443429320964,0.24272443429320964
brings,0.2425477297426986,0.2425477297426986
hm,0.24252659018655243,0.24252659018655243
developer,0.24251130231579465,0.24251130231579465
check password,0.24217630257864028,0.24217630257864028
time code,0.2421400735455488,0.2421400735455488
csrf security,0.24194600281597342,0.24194600281597342
release,0.24167510882090523,0.24167510882090523
rules,0.24160567585873052,0.24160567585873052
tutorials,0.24159685719330332,0.24159685719330332
flat,0.24145495491519203,0.24145495491519203
supplied,0.2413362922903386,0.2413362922903386
allowing exploit,0.24108613853243918,0.24108613853243918
fields,0.24107217741968945,0.24107217741968945
css,0.2410055531643887,0.2410055531643887
like session,0.24085866389549307,0.24085866389549307
stores password,0.2404420146226666,0.2404420146226666
like security,0.24023506746794426,0.24023506746794426
massive,0.24023315238916723,0.24023315238916723
add test,0.2400652445954176,0.2400652445954176
node_modules,0.23990783592780485,0.23990783592780485
need investigate,0.2398675612013293,0.2398675612013293
investigate,0.2398675612013293,0.2398675612013293
tlsv1,0.2397899189135935,0.2397899189135935
looking code,0.23973563934664482,0.23973563934664482
sensitive data,0.2397344032309735,0.2397344032309735
need validate,0.2397191225356154,0.2397191225356154
redirect login,0.23963177582155848,0.23963177582155848
injection case,0.2393145367067739,0.2393145367067739
cors,0.238948165120803,0.238948165120803
worry,0.23894626438690753,0.23894626438690753
12 18,0.23880521223321285,0.23880521223321285
keys restart,0.2387298516833698,0.2387298516833698
imagine,0.23867793081572916,0.23867793081572916
shim,0.23859045325331465,0.23859045325331465
key secret,0.23849270950707624,0.23849270950707624
container,0.2384234724822065,0.2384234724822065
replicate,0.2383426369200187,0.2383426369200187
share,0.23823181959442136,0.23823181959442136
vulnerability fixed,0.23801900952607924,0.23801900952607924
think won,0.23792212840997282,0.23792212840997282
timemachine,0.23792212840997282,0.23792212840997282
different test,0.2379186330842218,0.2379186330842218
contact,0.23781872768020357,0.23781872768020357
type attacks,0.2377570147039769,0.2377570147039769
service type,0.2377570147039769,0.2377570147039769
validate,0.23758447112764355,0.23758447112764355
token won,0.23753168975845437,0.23753168975845437
critical,0.237439377947974,0.237439377947974
commit,0.2372758838660408,0.2372758838660408
conversation,0.23696194038349053,0.23696194038349053
vulnerability https,0.23680505610111133,0.23680505610111133
transfer,0.23677593518649243,0.23677593518649243
don know,0.23674516387961947,0.23674516387961947
bind,0.23667617999601542,0.23667617999601542
just remove,0.23664652113950196,0.23664652113950196
vuln cve,0.23663859378710658,0.23663859378710658
nvd,0.23663859378710658,0.23663859378710658
nvd nist,0.23663859378710658,0.23663859378710658
gov vuln,0.23663859378710658,0.23663859378710658
https nvd,0.23663859378710658,0.23663859378710658
let user,0.23643797034833253,0.23643797034833253
sort,0.2362827166593258,0.2362827166593258
certificates correctly,0.23621238050719637,0.23621238050719637
retrospect,0.23618444557555063,0.23618444557555063
test xss,0.2359727251521139,0.2359727251521139
return checkcode,0.23594748730759807,0.23594748730759807
requesting,0.23584736175395432,0.23584736175395432
calculate,0.2355027227076443,0.2355027227076443
decided,0.23549030338891824,0.23549030338891824
given,0.2354672819030142,0.2354672819030142
just add,0.2352742718306305,0.2352742718306305
unless,0.23522985029476842,0.23522985029476842
offering,0.2345817663864436,0.2345817663864436
session expired,0.23457491611100956,0.23457491611100956
use sent,0.23426805045302584,0.23426805045302584
just copy,0.23403641317933288,0.23403641317933288
user needs,0.23399725518375952,0.23399725518375952
aim,0.23392145774289322,0.23392145774289322
just store,0.23389754788725542,0.23389754788725542
vulnerability assessment,0.23368796409878645,0.23368796409878645
token passed,0.2336262205133465,0.2336262205133465
vulnerability users,0.23341410983847363,0.23341410983847363
lock,0.23340507597426663,0.23340507597426663
reloading module,0.23326955859591483,0.23326955859591483
multi postgres,0.23326955859591483,0.23326955859591483
postgres postgres_copy_from_program_cmd_exec,0.23326955859591483,0.23326955859591483
postgres_copy_from_program_cmd_exec,0.23326955859591483,0.23326955859591483
reviews,0.23319458534663473,0.23319458534663473
multi,0.23279631465084097,0.23279631465084097
quickly,0.23268983481349398,0.23268983481349398
typically,0.23261909035879844,0.23261909035879844
asan,0.2324715533162694,0.2324715533162694
let just,0.23231719837242062,0.23231719837242062
instead password,0.23230305279900934,0.23230305279900934
2013,0.23207211432133018,0.23207211432133018
selinux,0.23178713908336548,0.23178713908336548
lodash,0.231332918051616,0.231332918051616
flags,0.2312506064882861,0.2312506064882861
understand just,0.23121641376747673,0.23121641376747673
accepted,0.23097857865646632,0.23097857865646632
commit think,0.23091518696493962,0.23091518696493962
audit,0.23087005096668115,0.23087005096668115
taking look,0.23083945345690277,0.23083945345690277
2014,0.2306217584142496,0.2306217584142496
ensures,0.23055883082293455,0.23055883082293455
kafka brokers,0.23043345376829866,0.23043345376829866
awx,0.23022436277544536,0.23022436277544536
secrets stored,0.23009002541478907,0.23009002541478907
stands,0.23007441158495812,0.23007441158495812
return early,0.2300369634071355,0.2300369634071355
bugfixes,0.23000654642601204,0.23000654642601204
subtle,0.22955099313370644,0.22955099313370644
credentials command,0.22950889080087283,0.22950889080087283
amend,0.2294955174675374,0.2294955174675374
assessment,0.22924413492439266,0.22924413492439266
exploit right,0.2289486644319167,0.2289486644319167
mitigation,0.22853225001160285,0.22853225001160285
operates,0.22848185801370002,0.22848185801370002
suggestion fix,0.22847363452212532,0.22847363452212532
acme,0.22802405737392073,0.22802405737392073
analyzer,0.2279762486922472,0.2279762486922472
context value,0.2275751382771934,0.2275751382771934
know context,0.2275751382771934,0.2275751382771934
developers think,0.2275751382771934,0.2275751382771934
security practice,0.22746451231037615,0.22746451231037615
appropriate,0.22744644542690567,0.22744644542690567
nit use,0.2273442277477729,0.2273442277477729
bugs,0.2271589590596743,0.2271589590596743
script,0.2269354173253624,0.2269354173253624
cloud kms,0.22688822505750803,0.22688822505750803
check authorization,0.22685626059834452,0.22685626059834452
don forget,0.2267141319263141,0.2267141319263141
pages,0.22627174283029675,0.22627174283029675
vector xss,0.22595992620320796,0.22595992620320796
attacker able,0.22587601459241088,0.22587601459241088
code vulnerable,0.22585110619236273,0.22585110619236273
pull request,0.22577359791072196,0.22577359791072196
subprocess,0.22568725216358684,0.22568725216358684
newer,0.225540639667212,0.225540639667212
used avoid,0.2251968175791,0.2251968175791
hmcts net,0.22489738610960214,0.22489738610960214
routinely,0.2248256375750169,0.2248256375750169
sip,0.2247509783063315,0.2247509783063315
issue create,0.22462674243974298,0.22462674243974298
harm,0.22455198920012537,0.22455198920012537
way verify,0.22449407530759177,0.22449407530759177
telling user,0.22437155224691,0.22437155224691
exists access,0.22437155224691,0.22437155224691
service exists,0.22437155224691,0.22437155224691
user service,0.22437155224691,0.22437155224691
allow arbitrary,0.2241528320783716,0.2241528320783716
like think,0.22411032147743679,0.22411032147743679
constructors,0.22366279829700908,0.22366279829700908
exploit like,0.22346005131512334,0.22346005131512334
kube,0.22343986522989714,0.22343986522989714
white,0.22329652855674204,0.22329652855674204
passwo,0.22326204345472028,0.22326204345472028
undefined,0.2227071233230123,0.2227071233230123
backend,0.22233390444775059,0.22233390444775059
protections,0.22224950153665957,0.22224950153665957
dead,0.22218753392168,0.22218753392168
print,0.22210074114877293,0.22210074114877293
accordingly,0.22190643941009675,0.22190643941009675
data csrf,0.22182925397754485,0.22182925397754485
like api,0.2215404722328866,0.2215404722328866
alleviate,0.22139995681422164,0.22139995681422164
xss security,0.2213065317198556,0.2213065317198556
liquidity,0.22127070266339227,0.22127070266339227
exactly,0.22124858755436183,0.22124858755436183
irrelevant,0.22107708938115142,0.22107708938115142
probably irrelevant,0.22107708938115142,0.22107708938115142
function exploit,0.2210770893811514,0.2210770893811514
gist,0.2210068872022652,0.2210068872022652
gist github,0.2210068872022652,0.2210068872022652
https gist,0.2210068872022652,0.2210068872022652
secret encrypted,0.22089443695115202,0.22089443695115202
future maybe,0.22080784089231267,0.22080784089231267
disk,0.22077239173686547,0.22077239173686547
envoyproxy envoy,0.22073208941960284,0.22073208941960284
crashing,0.22072419474699445,0.22072419474699445
support docker,0.22040311012391747,0.22040311012391747
exposed user,0.22037207330625747,0.22037207330625747
permissions delete,0.22037207330625747,0.22037207330625747
url accessible,0.22037207330625744,0.22037207330625744
aggressive,0.21993950865577366,0.21993950865577366
heap,0.21977372916866567,0.21977372916866567
xss content,0.21973789564406693,0.21973789564406693
stager,0.2196523157404956,0.2196523157404956
databases,0.2192920818262755,0.2192920818262755
xss linter,0.2192834504349727,0.2192834504349727
exploits multi,0.21902404969275663,0.21902404969275663
authorization failed,0.2186300146834333,0.2186300146834333
argument type,0.21857638526751055,0.21857638526751055
explicitly,0.21853860109104142,0.21853860109104142
application secret,0.21838134051070332,0.21838134051070332
xss linting,0.2180477595269159,0.2180477595269159
linting,0.2180477595269159,0.2180477595269159
assign,0.2180269402603743,0.2180269402603743
non zero,0.21798698301197666,0.21798698301197666
exploit multi,0.21793304237767955,0.21793304237767955
asking users,0.21762287288290555,0.21762287288290555
forgery tokens,0.21743596885266936,0.21743596885266936
passwords user,0.21739621932938946,0.21739621932938946
held,0.21718386705520645,0.21718386705520645
access like,0.21709675504082918,0.21709675504082918
scala,0.21694156034142006,0.21694156034142006
calendar,0.216865907336414,0.216865907336414
service attacks,0.21681197340487246,0.21681197340487246
change break,0.21680349526104192,0.21680349526104192
docker hub,0.21672638869529381,0.21672638869529381
iterator,0.21667315077247878,0.21667315077247878
sanitizer,0.21641423481917807,0.21641423481917807
don believe,0.21634710629523615,0.21634710629523615
suggest,0.2163412711339277,0.2163412711339277
add new,0.21633930202184037,0.21633930202184037
cve id,0.2162553098911192,0.2162553098911192
originally,0.21616422770453042,0.21616422770453042
2017,0.2160591409107825,0.2160591409107825
compile,0.21605285795103168,0.21605285795103168
rel,0.2159923054831748,0.2159923054831748
www jitbit,0.2159923054831748,0.2159923054831748
jitbit,0.2159923054831748,0.2159923054831748
key rotation,0.2159203270911922,0.2159203270911922
html secrets,0.21554200002126847,0.21554200002126847
immutable,0.2154774742222755,0.2154774742222755
a7,0.21540403201675903,0.21540403201675903
expected,0.21538163765563806,0.21538163765563806
com envoyproxy,0.21494542220639776,0.21494542220639776
envoyproxy,0.21494542220639776,0.21494542220639776
security errors,0.21492818582721898,0.21492818582721898
adjust,0.21469134281007285,0.21469134281007285
distribute,0.21444024043995993,0.21444024043995993
onc,0.21436726501938805,0.21436726501938805
maybe security,0.21408607924520606,0.21408607924520606
module author,0.21395524363627622,0.21395524363627622
enforced,0.21394883830342137,0.21394883830342137
cloud config,0.21386222588978468,0.21386222588978468
config server,0.21386222588978468,0.21386222588978468
spring cloud,0.21386222588978468,0.21386222588978468
ex,0.2137492889985271,0.2137492889985271
quite vulnerable,0.2137202765007694,0.2137202765007694
method quite,0.2137202765007694,0.2137202765007694
remove null,0.2137202765007694,0.2137202765007694
originally added,0.21345750055951165,0.21345750055951165
token did,0.21340465040667536,0.21340465040667536
npm install,0.21338284077041675,0.21338284077041675
safe sql,0.21319001061013884,0.21319001061013884
config value,0.21316134296349656,0.21316134296349656
js,0.2131245482582694,0.2131245482582694
wikipedia org,0.21310115029450258,0.21310115029450258
token provided,0.21306889019970707,0.21306889019970707
web page,0.2128845485091379,0.2128845485091379
read,0.21284742818802166,0.21284742818802166
processes threads,0.21274416131964718,0.21274416131964718
token guides,0.21252111067113855,0.21252111067113855
prefer use,0.21252111067113852,0.21252111067113852
communicating,0.2124947574522169,0.2124947574522169
basic authorization,0.21227490225745668,0.21227490225745668
unreal,0.21216817304447758,0.21216817304447758
trivial,0.21212875790580177,0.21212875790580177
pc,0.21198847887490285,0.21198847887490285
exposes,0.2119060187309311,0.2119060187309311
zlib,0.21189535698865955,0.21189535698865955
unauthenticated,0.21175295462065732,0.21175295462065732
easy change,0.21154523092549596,0.21154523092549596
holes,0.21117027288963253,0.21117027288963253
didn catch,0.21107557838846436,0.21107557838846436
large,0.2110466101833503,0.2110466101833503
issue having,0.21093167533914808,0.21093167533914808
consolidate,0.21090384393495412,0.21090384393495412
authenticate clients,0.21084533599102265,0.21084533599102265
originally using,0.21082822946754076,0.21082822946754076
location 2019,0.21070132787217832,0.21070132787217832
think code,0.21045104514782415,0.21045104514782415
good point,0.2102704532069832,0.2102704532069832
utf,0.2102505190152415,0.2102505190152415
quote,0.21011832679533715,0.21011832679533715
scanners,0.2100755803563134,0.2100755803563134
just say,0.20975265922595515,0.20975265922595515
script alert,0.2097280674394131,0.2097280674394131
upper limit,0.20972059759131043,0.20972059759131043
upper,0.20972059759131043,0.20972059759131043
api doesn,0.20966868655721074,0.20966868655721074
formatted,0.20960230830289817,0.20960230830289817
documentation,0.20954993513601658,0.20954993513601658
security cve,0.20938795334715982,0.20938795334715982
suggestion git,0.2093092226440395,0.2093092226440395
steal,0.20909388641638738,0.20909388641638738
quotes,0.20893220179931668,0.20893220179931668
page guess,0.20889623649698078,0.20889623649698078
run make,0.2088895008444444,0.2088895008444444
exploit think,0.20888579363038207,0.20888579363038207
guess need,0.20860606059859862,0.20860606059859862
srv record,0.20858815665542083,0.20858815665542083
supposed validate,0.20858815665542083,0.20858815665542083
certificate srv,0.20858815665542083,0.20858815665542083
account security,0.20846428136424228,0.20846428136424228
way does,0.2084467539464083,0.2084467539464083
rubyonrails,0.20832604032323787,0.20832604032323787
rubyonrails org,0.20832604032323787,0.20832604032323787
confuse,0.20825533870554044,0.20825533870554044
really,0.20815128690947973,0.20815128690947973
activerecord sanitization,0.20789021652359133,0.20789021652359133
api rubyonrails,0.20789021652359133,0.20789021652359133
sanitization classmethods,0.20789021652359133,0.20789021652359133
classmethods html,0.20789021652359133,0.20789021652359133
classmethods,0.20789021652359133,0.20789021652359133
classes activerecord,0.20789021652359133,0.20789021652359133
org classes,0.20789021652359133,0.20789021652359133
authentication reason,0.20781276371349633,0.20781276371349633
said like,0.20773820067356027,0.20773820067356027
collision,0.20759675266567562,0.20759675266567562
causes,0.20758749080777555,0.20758749080777555
com edx,0.2075285550289296,0.2075285550289296
global,0.20750067266401498,0.20750067266401498
authenticate request,0.20749588429306773,0.20749588429306773
maps,0.20727745553636887,0.20727745553636887
switches,0.20724985577461877,0.20724985577461877
msft,0.20715556211944075,0.20715556211944075
attach,0.20713510924633574,0.20713510924633574
misc,0.20712220383696547,0.20712220383696547
advanced,0.20709752995916034,0.20709752995916034
exploit scenario,0.20709508918206163,0.20709508918206163
parallel,0.20709402972677862,0.20709402972677862
automatically included,0.2068789128819477,0.2068789128819477
think help,0.206536051043336,0.206536051043336
exploit number,0.20644455719602314,0.20644455719602314
set equal,0.20644455719602314,0.20644455719602314
size value,0.20644455719602314,0.20644455719602314
number max,0.20644455719602314,0.20644455719602314
equal higher,0.20644455719602314,0.20644455719602314
requests batch,0.20644455719602314,0.20644455719602314
batch size,0.20644455719602314,0.20644455719602314
parallel requests,0.20644455719602314,0.20644455719602314
max parallel,0.20644455719602314,0.20644455719602314
order exploit,0.20644455719602314,0.20644455719602314
org wiki,0.20631552992688487,0.20631552992688487
password confirm,0.20630959587170591,0.20630959587170591
wikipedia,0.20630269734018544,0.20630269734018544
reflected,0.20625556517602703,0.20625556517602703
intent,0.20605035144224595,0.20605035144224595
solid,0.20603114379584575,0.20603114379584575
expired,0.20553217087788572,0.20553217087788572
access using,0.2052528132154131,0.2052528132154131
remote access,0.2052142965881922,0.2052142965881922
add import,0.20512256352617173,0.20512256352617173
just removed,0.20497898162152256,0.20497898162152256
ssl errors,0.20497898162152253,0.20497898162152253
removed require,0.20497898162152253,0.20497898162152253
vulnerable various,0.20497898162152253,0.20497898162152253
copied modules,0.20495521854365187,0.20495521854365187
jira_hipchat_template rb,0.20495521854365187,0.20495521854365187
jira_hipchat_template,0.20495521854365187,0.20495521854365187
http jira_hipchat_template,0.20495521854365187,0.20495521854365187
700,0.20495521854365187,0.20495521854365187
read permission,0.2048715506001978,0.2048715506001978
incident,0.2048161817226081,0.2048161817226081
security incident,0.2048161817226081,0.2048161817226081
bounds,0.20478517893345335,0.20478517893345335
text html,0.20453877176444474,0.20453877176444474
triple,0.20429766484113682,0.20429766484113682
user create,0.20427870392963254,0.20427870392963254
dealing,0.20427223434740863,0.20427223434740863
land,0.20417631179984833,0.20417631179984833
delay,0.2039007788640675,0.2039007788640675
wish,0.2038553812738217,0.2038553812738217
disagree,0.2038088722723376,0.2038088722723376
meaning,0.20376129061409837,0.20376129061409837
security manager,0.2035233237992723,0.2035233237992723
mess,0.20346240380490033,0.20346240380490033
web,0.20345612248932105,0.20345612248932105
selected,0.20343512154352653,0.20343512154352653
ibm cloud,0.2032261079383583,0.2032261079383583
1xxx,0.20292855877190868,0.20292855877190868
1xxx cve,0.20292855877190868,0.20292855877190868
know need,0.20232860940290665,0.20232860940290665
discuss,0.2022646205690869,0.2022646205690869
case token,0.2021624350664254,0.2021624350664254
precisely,0.20194493351170245,0.20194493351170245
disclosuredate,0.2018285910470883,0.2018285910470883
validate tls,0.20176876814525552,0.20176876814525552
op,0.2017541838577077,0.2017541838577077
ve used,0.20158060013644322,0.20158060013644322
toolcursor,0.20150663582636028,0.20150663582636028
requires,0.2014434226562106,0.2014434226562106
ws,0.201410083240808,0.201410083240808
key belongs,0.20128537627020274,0.20128537627020274
exploit worked,0.20115196706450209,0.20115196706450209
formed,0.201144198726373,0.201144198726373
token correct,0.20099705393304657,0.20099705393304657
terminate make,0.20070180274021876,0.20070180274021876
ability come,0.20070180274021876,0.20070180274021876
systematic,0.20070180274021876,0.20070180274021876
process arbitrary,0.20070180274021876,0.20070180274021876
believe worker,0.20070180274021876,0.20070180274021876
test ability,0.20070180274021876,0.20070180274021876
exit systematic,0.20070180274021876,0.20070180274021876
mask like,0.20070180274021876,0.20070180274021876
organized,0.20070180274021876,0.20070180274021876
worker exit,0.20070180274021876,0.20070180274021876
systematic organized,0.20070180274021876,0.20070180274021876
mask,0.20070180274021876,0.20070180274021876
execution points,0.20070180274021876,0.20070180274021876
worker terminate,0.20070180274021876,0.20070180274021876
arbitrary execution,0.20070180274021876,0.20070180274021876
organized mask,0.20070180274021876,0.20070180274021876
clean stop,0.20070180274021876,0.20070180274021876
come clean,0.20070180274021876,0.20070180274021876
stop process,0.20070180274021876,0.20070180274021876
forward,0.20070080505595797,0.20070080505595797
like scala,0.20050769746693098,0.20050769746693098
policy src,0.20050591917669708,0.20050591917669708
request access,0.20047422043719346,0.20047422043719346
checkcode unknown,0.2002108143568065,0.2002108143568065
used module,0.20013215190131417,0.20013215190131417
key way,0.1999346505131254,0.1999346505131254
blob,0.19985085653660176,0.19985085653660176
better using,0.1998376094961316,0.1998376094961316
templates,0.19982174318717513,0.19982174318717513
just need,0.19975599359356008,0.19975599359356008
corrected,0.19963196256078014,0.19963196256078014
identifier,0.19943487383108618,0.19943487383108618
events,0.19913769973675965,0.19913769973675965
header field,0.1988495975893829,0.1988495975893829
storage,0.1987306720130365,0.1987306720130365
request don,0.1986012174090352,0.1986012174090352
val,0.19857256565523357,0.19857256565523357
default password,0.19838556180349937,0.19838556180349937
calling,0.1978913344375349,0.1978913344375349
succeed,0.19758749394695002,0.19758749394695002
accept,0.1975106488178835,0.1975106488178835
just provide,0.1973749701149415,0.1973749701149415
vulnerable replay,0.1973634941313925,0.1973634941313925
replay attacks,0.1973634941313925,0.1973634941313925
maybe way,0.19726512975210447,0.19726512975210447
cookie,0.19723639043526126,0.19723639043526126
session tokens,0.19720380772230425,0.19720380772230425
really don,0.1970830069767836,0.1970830069767836
final,0.197067187194122,0.197067187194122
looking way,0.19694685002187587,0.19694685002187587
way used,0.19692749767690734,0.19692749767690734
hard time,0.19692749767690731,0.19692749767690731
arrayref,0.19691748968180378,0.19691748968180378
solution security,0.1968632357882272,0.1968632357882272
verify ssl,0.19671077231715114,0.19671077231715114
historical,0.19665839297716686,0.19665839297716686
issue wordpress,0.19665449960844375,0.19665449960844375
casting,0.1965061328937896,0.1965061328937896
order avoid,0.19632099337078976,0.19632099337078976
includes,0.19631146541811223,0.19631146541811223
dev,0.19625701623194328,0.19625701623194328
validate_on_submit,0.19619976328141767,0.19619976328141767
form validate_on_submit,0.19619976328141767,0.19619976328141767
csrf validation,0.19619976328141767,0.19619976328141767
application gateway,0.1961058269227784,0.1961058269227784
vulnerable way,0.19595887210437543,0.19595887210437543
bindings,0.1959545878596798,0.1959545878596798
addition authentication,0.19566349365173347,0.19566349365173347
valid concern,0.1955775544924936,0.1955775544924936
adapter,0.1952749584622028,0.1952749584622028
used users,0.1952444514392224,0.1952444514392224
password authenticated,0.1948730920482672,0.1948730920482672
week,0.19480539341437592,0.19480539341437592
general,0.19456433388773978,0.19456433388773978
mitre,0.1945588012249796,0.1945588012249796
alice,0.19412803768479325,0.19412803768479325
make worker,0.19401594902269267,0.19401594902269267
csrf protected,0.19395529775348402,0.19395529775348402
foldleft view,0.19395248402514145,0.19395248402514145
xss foldleft,0.19395248402514145,0.19395248402514145
foldleft,0.19395248402514145,0.19395248402514145
regarding version,0.19372095212780174,0.19372095212780174
rank,0.19366267330571743,0.19366267330571743
weblogic,0.19359284770380705,0.19359284770380705
ensure,0.19356027332121234,0.19356027332121234
elements,0.19349063164821115,0.19349063164821115
unexpected,0.1934674898484612,0.1934674898484612
situation,0.1933736001059411,0.1933736001059411
journalist,0.1933369203482226,0.1933369203482226
drivers,0.19321042342118308,0.19321042342118308
iis tilde,0.193146241756707,0.193146241756707
iis,0.193146241756707,0.193146241756707
tilde vulnerability,0.193146241756707,0.193146241756707
tilde,0.193146241756707,0.193146241756707
suggestion https,0.193146241756707,0.193146241756707
youtube,0.19304616292565735,0.19304616292565735
applied,0.19301128115429178,0.19301128115429178
existing data,0.1930101330881017,0.1930101330881017
operator create,0.19298519789303312,0.19298519789303312
limited,0.19296290981929923,0.19296290981929923
struct field,0.19285466166847073,0.19285466166847073
arvindsv,0.19274581114329317,0.19274581114329317
preference,0.19269406099749087,0.19269406099749087
addition,0.192640745886286,0.192640745886286
hide,0.1924692352807057,0.1924692352807057
certificate error,0.19245316393129555,0.19245316393129555
entity,0.19232521968383562,0.19232521968383562
issue think,0.19220250123535954,0.19220250123535954
validation error,0.1921671399081422,0.1921671399081422
ts,0.19209590206483426,0.19209590206483426
insecure ssl,0.19197721250994568,0.19197721250994568
going need,0.19177153206931627,0.19177153206931627
cheatsheetseries blob,0.19158424673776034,0.19158424673776034
owasp cheatsheetseries,0.19158424673776034,0.19158424673776034
cheatsheetseries,0.19158424673776034,0.19158424673776034
com owasp,0.19158424673776034,0.19158424673776034
closed,0.19146004355369708,0.19146004355369708
creates,0.1914562356337627,0.1914562356337627
use term,0.19145113280285544,0.19145113280285544
looks bit,0.19139550057144147,0.19139550057144147
like html,0.19139550057144145,0.19139550057144145
initiated,0.19127911767934938,0.19127911767934938
ip address,0.19117068078683208,0.19117068078683208
avoided,0.19116838697393806,0.19116838697393806
advisories,0.19103231455556183,0.19103231455556183
replay,0.19091107436899407,0.19091107436899407
page sure,0.19068534536485637,0.19068534536485637
used page,0.19068534536485632,0.19068534536485632
file names,0.19053821186020284,0.19053821186020284
temp file,0.19053821186020284,0.19053821186020284
readable vulnerable,0.19048009201793162,0.19048009201793162
cluster,0.19035585604008795,0.19035585604008795
token_urlsafe,0.19002957549109006,0.19002957549109006
secrets token_urlsafe,0.19002957549109006,0.19002957549109006
httpclient mixin,0.18959885831163542,0.18959885831163542
trying,0.18922592414660308,0.18922592414660308
terribly,0.189180652362905,0.189180652362905
version information,0.1891358058787639,0.1891358058787639
radio,0.189130855890875,0.189130855890875
os,0.18896472532526415,0.18896472532526415
prevent sql,0.18894172853676397,0.18894172853676397
think rid,0.18888106821392925,0.18888106821392925
respective,0.1888810682139292,0.1888810682139292
suggestion disclosuredate,0.18884438459746009,0.18884438459746009
vulnerable does,0.1887230732801276,0.1887230732801276
destroyed,0.1885716547957042,0.1885716547957042
certainly,0.188567810474584,0.188567810474584
visual studio,0.1884561968537129,0.1884561968537129
visual,0.1884561968537129,0.1884561968537129
naming scheme,0.1884103043923424,0.1884103043923424
opposite,0.1884103043923424,0.1884103043923424
confident,0.18835109819669713,0.18835109819669713
work,0.1882178249070706,0.1882178249070706
2005,0.1881747033999278,0.1881747033999278
priority,0.18796119321753174,0.18796119321753174
value look,0.18795612926632468,0.18795612926632468
evaluated,0.18782767358449803,0.18782767358449803
credentials endpoint,0.18781317617021867,0.18781317617021867
small security,0.18775772124313714,0.18775772124313714
constant,0.18773159782033277,0.18773159782033277
shared code,0.18764451703347984,0.18764451703347984
suggestion response,0.18760613891278838,0.18760613891278838
artsy metaphysics,0.18739123671473787,0.18739123671473787
metaphysics,0.18739123671473787,0.18739123671473787
artsy,0.18739123671473787,0.18739123671473787
com artsy,0.18739123671473787,0.18739123671473787
identify,0.1873053068357283,0.1873053068357283
changed,0.18723468258999995,0.18723468258999995
pivotal,0.18720258667969603,0.18720258667969603
pivotal io,0.18720258667969603,0.18720258667969603
https pivotal,0.18720258667969603,0.18720258667969603
choose,0.1871864396251353,0.1871864396251353
encrypted secret,0.18714175725696594,0.18714175725696594
leave vulnerable,0.1870038702654764,0.1870038702654764
form csrf,0.18700116295373898,0.18700116295373898
current version,0.18689454761792634,0.18689454761792634
vprint_status,0.18687395626399272,0.18687395626399272
talks,0.18685982312443059,0.18685982312443059
think avoid,0.18682556555278323,0.18682556555278323
prevent directory,0.18665710118278642,0.18665710118278642
strncpy,0.186559712202309,0.186559712202309
disable csrf,0.18642450441033465,0.18642450441033465
think bad,0.18641758209383447,0.18641758209383447
shape,0.186385984460205,0.186385984460205
ocular,0.18631100465846592,0.18631100465846592
reviewers,0.1863110046584659,0.1863110046584659
helm chart,0.18616641550716875,0.18616641550716875
project,0.186148447623684,0.186148447623684
yeah think,0.18604994465659944,0.18604994465659944
change error,0.18599321300364738,0.18599321300364738
make lot,0.18579293729217236,0.18579293729217236
specific version,0.18574053346842398,0.18574053346842398
really complicated,0.18568242650187478,0.18568242650187478
thought make,0.18545910391797585,0.18545910391797585
protection xss,0.1854445709114246,0.1854445709114246
asap,0.1853921608469145,0.1853921608469145
directly,0.1852344106110549,0.1852344106110549
avoid xss,0.18513819287755193,0.18513819287755193
somebody,0.1850779285816118,0.1850779285816118
vip,0.18498348052691702,0.18498348052691702
resistant,0.18494862417151123,0.18494862417151123
result,0.18475024479686727,0.18475024479686727
yes think,0.18469628365241358,0.18469628365241358
views,0.18461513387348819,0.18461513387348819
squid s2068,0.18459608781948772,0.18459608781948772
vulnerability password,0.18459608781948772,0.18459608781948772
credential squid,0.18459608781948772,0.18459608781948772
s2068,0.18459608781948772,0.18459608781948772
s2068 https,0.18459608781948772,0.18459608781948772
recursively,0.1845767448048453,0.1845767448048453
result memory,0.18457634865078718,0.18457634865078718
flow uses,0.18452575061151172,0.18452575061151172
authenticated endpoint,0.18449617393282297,0.18449617393282297
suggestion docs,0.1844567335560403,0.1844567335560403
hadn,0.1844567335560403,0.1844567335560403
2009,0.18431069535865216,0.18431069535865216
pose,0.18431069535865213,0.18431069535865213
called user,0.18431069535865213,0.18431069535865213
arg,0.18426829660275404,0.18426829660275404
classes security,0.1838151502191658,0.1838151502191658
eliminated using,0.1838151502191658,0.1838151502191658
vulnerabilities eliminated,0.1838151502191658,0.1838151502191658
shared created,0.1838151502191658,0.1838151502191658
using gatsby,0.1838151502191658,0.1838151502191658
enable ssl,0.18380779508917697,0.18380779508917697
apply,0.1837765006591199,0.1837765006591199
unintended,0.18370508433622496,0.18370508433622496
essentially,0.18370101139024744,0.18370101139024744
recommand,0.1836580393306944,0.1836580393306944
64 bit,0.18364805692468,0.18364805692468
logic function,0.18356703332150517,0.18356703332150517
15,0.1835097724578199,0.1835097724578199
requests webserver,0.18342137326225505,0.18342137326225505
webserver,0.18342137326225505,0.18342137326225505
fixing,0.1831504844241403,0.1831504844241403
opposed,0.18299957433870864,0.18299957433870864
display,0.18281432407101988,0.18281432407101988
old,0.1826919114911829,0.1826919114911829
tester,0.1826432912634672,0.1826432912634672
funny,0.18241948061175928,0.18241948061175928
timed,0.18240904836544072,0.18240904836544072
wanting,0.18240418879083378,0.18240418879083378
sti,0.18228850489998433,0.18228850489998433
section needs,0.18227646492342728,0.18227646492342728
5736,0.18227646492342722,0.18227646492342722
2019 5736,0.18227646492342722,0.18227646492342722
secret using,0.1821959336989361,0.1821959336989361
arbitrarily,0.18218117375000953,0.18218117375000953
intended,0.18199477379282555,0.18199477379282555
status code,0.18198309497362397,0.18198309497362397
intel,0.18189955675139216,0.18189955675139216
read session,0.18173669602451692,0.18173669602451692
ambari,0.18144288143565362,0.18144288143565362
server check,0.1814284599418937,0.1814284599418937
apparently,0.18138598336594258,0.18138598336594258
regions,0.18122351743083182,0.18122351743083182
file,0.18109036108149468,0.18109036108149468
credentials like,0.18102296789834993,0.18102296789834993
use cookies,0.18099228243040053,0.18099228243040053
write permissions,0.18087413901172295,0.18087413901172295
readthedocs io,0.1805584952186584,0.1805584952186584
readthedocs,0.1805584952186584,0.1805584952186584
year,0.18022043393008313,0.18022043393008313
got stuck,0.18006133441574665,0.18006133441574665
deeply,0.179961978006597,0.179961978006597
clone,0.17991118917745988,0.17991118917745988
guarantee,0.17981643162864758,0.17981643162864758
diff git,0.17965749129389327,0.17965749129389327
okay,0.17962541034838642,0.17962541034838642
literal,0.17959573427368186,0.17959573427368186
welcome,0.17923403155322534,0.17923403155322534
server vulnerability,0.17922699491845376,0.17922699491845376
dev server,0.17922699491845376,0.17922699491845376
work correctly,0.1791965937260634,0.1791965937260634
typical,0.17916622695899465,0.17916622695899465
argument exploit,0.17915247547851362,0.17915247547851362
novalidate,0.1791295090259739,0.1791295090259739
csrf novalidate,0.1791295090259739,0.1791295090259739
padding,0.17902745053121885,0.17902745053121885
stays,0.178997496788482,0.178997496788482
instead returning,0.17898750251200912,0.17898750251200912
noise,0.1788981011180173,0.1788981011180173
spectre sure,0.17876170827680543,0.17876170827680543
computations spectre,0.17876170827680543,0.17876170827680543
exploited save,0.17876170827680543,0.17876170827680543
save computations,0.17876170827680543,0.17876170827680543
computations,0.17876170827680543,0.17876170827680543
sure behave,0.17876170827680543,0.17876170827680543
symmetries,0.17876170827680543,0.17876170827680543
symmetries exploited,0.17876170827680543,0.17876170827680543
usually symmetries,0.17876170827680543,0.17876170827680543
modern,0.17866254719613087,0.17866254719613087
invalid access,0.17852906186652182,0.17852906186652182
sprintf,0.17850272471482698,0.17850272471482698
reviewed,0.178386049874163,0.178386049874163
submission,0.17825653254391205,0.17825653254391205
html escaping,0.17812637066956152,0.17812637066956152
used cases,0.17809946506549712,0.17809946506549712
requester,0.17809946506549712,0.17809946506549712
good think,0.17809946506549712,0.17809946506549712
lgtm resolved,0.1780421968943259,0.1780421968943259
trusting,0.17802197588909233,0.17802197588909233
pretty sure,0.17801525562559065,0.17801525562559065
anytime,0.17796782556069338,0.17796782556069338
moving,0.1779595738735633,0.1779595738735633
en wikipedia,0.17775989273742474,0.17775989273742474
https en,0.17775989273742474,0.17775989273742474
commons beanutils,0.1776861719638732,0.1776861719638732
beanutils,0.1776861719638732,0.1776861719638732
passed,0.17764856956862762,0.17764856956862762
request initial,0.17736210128247387,0.17736210128247387
exploit php,0.17708748408147065,0.17708748408147065
badchar exploit,0.17708748408147065,0.17708748408147065
badchar,0.17708748408147065,0.17708748408147065
shouldn null,0.17708748408147065,0.17708748408147065
null bytes,0.17708748408147065,0.17708748408147065
really badchar,0.17708748408147065,0.17708748408147065
bytes begin,0.17708748408147065,0.17708748408147065
pr description,0.17699259653736557,0.17699259653736557
multi http,0.17691259470277718,0.17691259470277718
target vulnerable,0.1768759411126717,0.1768759411126717
like user,0.17668756624729318,0.17668756624729318
share session,0.17651139484928247,0.17651139484928247
needs separate,0.17642285186761114,0.17642285186761114
distribution,0.17640429287717477,0.17640429287717477
api requests,0.17632297210711112,0.17632297210711112
cvelist,0.17611631137731115,0.17611631137731115
cvelist blob,0.17611631137731115,0.17611631137731115
concepts,0.17587175367465033,0.17587175367465033
2017 8798,0.17583880417113407,0.17583880417113407
miniupnpc,0.17583880417113407,0.17583880417113407
8798,0.17583880417113407,0.17583880417113407
token header,0.17575142608350328,0.17575142608350328
protocols,0.17570601586165127,0.17570601586165127
nil,0.1756131907396642,0.1756131907396642
throw exception,0.1755525570466536,0.1755525570466536
grant access,0.17553868567915767,0.17553868567915767
exploits just,0.1752582327725005,0.1752582327725005
need updated,0.1751416633927743,0.1751416633927743
need access,0.17511541264674763,0.17511541264674763
validate certificate,0.1750246619632563,0.1750246619632563
obsolete,0.17487865268457792,0.17487865268457792
web api,0.17464982666784803,0.17464982666784803
17,0.17464038626851908,0.17464038626851908
suggestion note,0.1746040457893178,0.1746040457893178
summary,0.1744603251481195,0.1744603251481195
doesn require,0.1744555158614138,0.1744555158614138
po,0.17432548695044509,0.17432548695044509
know just,0.1740627408029107,0.1740627408029107
authorization check,0.17402622593366948,0.17402622593366948
use string,0.17379081072512334,0.17379081072512334
want use,0.17367809742614823,0.17367809742614823
return exploit,0.17364331791356352,0.17364331791356352
using oauth,0.17359244530754225,0.17359244530754225
needed,0.17351004939875947,0.17351004939875947
vulnerability discovered,0.1734727094647029,0.1734727094647029
security holes,0.17347142788849418,0.17347142788849418
secure variables,0.1734323690699264,0.1734323690699264
crspeller,0.17339756357300284,0.17339756357300284
faster,0.17324862454183027,0.17324862454183027
think different,0.17314566874685752,0.17314566874685752
didn like,0.1730258220020295,0.1730258220020295
check vulnerability,0.17300290779885258,0.17300290779885258
request contain,0.17300290779885258,0.17300290779885258
flagged,0.17284512913390782,0.17284512913390782
use securely,0.1725904912059455,0.1725904912059455
looks like,0.17252737241423094,0.17252737241423094
post csrf,0.17249904431045052,0.17249904431045052
setting password,0.1724870886372786,0.1724870886372786
kinda,0.17231128734552462,0.17231128734552462
messed,0.172300647567658,0.172300647567658
rescue,0.17230064756765798,0.17230064756765798
vulnerable uri,0.17225013415295132,0.17225013415295132
vulnerabil,0.1721336304785138,0.1721336304785138
server certificate,0.17211686383050964,0.17211686383050964
local auth,0.17184728738739904,0.17184728738739904
like pattern,0.17178317459747044,0.17178317459747044
point secret,0.171734698440985,0.171734698440985
hasn,0.17169258311288474,0.17169258311288474
xss https,0.1716587083164023,0.1716587083164023
vulnerable data,0.17155896613041322,0.17155896613041322
ve got,0.17150597340388843,0.17150597340388843
reveals,0.17140984216330932,0.17140984216330932
ahead remove,0.17140368701030237,0.17140368701030237
based ip,0.17131391076615504,0.17131391076615504
token added,0.1713033508621444,0.1713033508621444
documentation just,0.17126348687939136,0.17126348687939136
error addresssanitizer,0.17114895179499987,0.17114895179499987
addresssanitizer,0.17114895179499987,0.17114895179499987
addresssanitizer heap,0.17114895179499987,0.17114895179499987
discussion https,0.17108107522249438,0.17108107522249438
injection problem,0.17103025957088178,0.17103025957088178
sanitizesql,0.1708355026094059,0.1708355026094059
minimum,0.17073949936913604,0.17073949936913604
password null,0.17059361624898164,0.17059361624898164
inaccurate,0.17057134429852616,0.17057134429852616
event,0.1704489732180988,0.1704489732180988
potential security,0.17042656032229198,0.17042656032229198
assume,0.17042152752410744,0.17042152752410744
reasons comment,0.17035520794029171,0.17035520794029171
free similar,0.17035520794029171,0.17035520794029171
comment transition_service_state,0.17035520794029171,0.17035520794029171
transition_service_state,0.17035520794029171,0.17035520794029171
similar reasons,0.17035520794029171,0.17035520794029171
vulnerable attack,0.17012545272539753,0.17012545272539753
dangerouslysetinnerhtml,0.16981393314222423,0.16981393314222423
traversal attacks,0.16963179021000835,0.16963179021000835
password db,0.16956865969126866,0.16956865969126866
transport layer,0.16914940563639738,0.16914940563639738
exploit checkcode,0.16910813314054965,0.16910813314054965
post request,0.16899577138329241,0.16899577138329241
exe,0.1688442968486116,0.1688442968486116
account tokens,0.1687286903111954,0.1687286903111954
2018 1002105,0.16872537519695446,0.16872537519695446
1002105,0.16872537519695446,0.16872537519695446
python code,0.16870463672340633,0.16870463672340633
describing,0.1683253046166131,0.1683253046166131
script href,0.1682485011744522,0.1682485011744522
redundant context,0.16812421716769538,0.16812421716769538
ve,0.1679942068037839,0.1679942068037839
say like,0.1678932403781198,0.1678932403781198
linux http,0.16764268672899665,0.16764268672899665
methods public,0.16741468132740217,0.16741468132740217
reverse tcp,0.1673989216137708,0.1673989216137708
tcp handler,0.1673989216137708,0.1673989216137708
started reverse,0.1673989216137708,0.1673989216137708
add vulnerable,0.1673558103804239,0.1673558103804239
vulnerable url,0.1673558103804239,0.1673558103804239
successfully_triggered_shares,0.1673558103804239,0.1673558103804239
tweak,0.1669633585244896,0.1669633585244896
addresses,0.16667419539125725,0.16667419539125725
hmcts,0.1665839794205846,0.1665839794205846
opening,0.16657465844680183,0.16657465844680183
complains,0.1665739430543447,0.1665739430543447
code actually,0.16655856927942,0.16655856927942
script tag,0.16651881276723307,0.16651881276723307
tab vulnerabilities,0.16634773077576473,0.16634773077576473
repository helmpack,0.16634773077576473,0.16634773077576473
helmpack kubectl,0.16634773077576473,0.16634773077576473
f880d3797da1c914a7bedf2674741d6b2ad2b07c0c7c8caa16efcb15f3d49a96,0.16634773077576473,0.16634773077576473
helmpack,0.16634773077576473,0.16634773077576473
quay io,0.16634773077576473,0.16634773077576473
f880d3797da1c914a7bedf2674741d6b2ad2b07c0c7c8caa16efcb15f3d49a96 tab,0.16634773077576473,0.16634773077576473
manifest sha256,0.16634773077576473,0.16634773077576473
sha256 f880d3797da1c914a7bedf2674741d6b2ad2b07c0c7c8caa16efcb15f3d49a96,0.16634773077576473,0.16634773077576473
https quay,0.16634773077576473,0.16634773077576473
az manifest,0.16634773077576473,0.16634773077576473
io repository,0.16634773077576473,0.16634773077576473
instead user,0.16634419712590728,0.16634419712590728
customize,0.16622892688115024,0.16622892688115024
mitre org,0.16617053092971845,0.16617053092971845
ibm,0.16608399714697228,0.16608399714697228
disabled case,0.16602287829940912,0.16602287829940912
vulnerabilities time,0.16592903432641187,0.16592903432641187
accepts,0.16566952907459834,0.16566952907459834
iam,0.16566868118265254,0.16566868118265254
choosing,0.16564161361058144,0.16564161361058144
version changes,0.16564161361058144,0.16564161361058144
exploit db,0.16543661523569542,0.16543661523569542
conditional,0.16527634993998616,0.16527634993998616
catches,0.16526683760665078,0.16526683760665078
data user,0.16521073608114964,0.16521073608114964
link documentation,0.16500185204250858,0.16500185204250858
todo don,0.16500155200563527,0.16500155200563527
underestimated vulnerability,0.16491643472638148,0.16491643472638148
alexblog,0.16491643472638148,0.16491643472638148
targetblank underestimated,0.16491643472638148,0.16491643472638148
alexblog 256,0.16491643472638148,0.16491643472638148
jitbit com,0.16491643472638148,0.16491643472638148
targetblank,0.16491643472638148,0.16491643472638148
256 targetblank,0.16491643472638148,0.16491643472638148
com alexblog,0.16491643472638148,0.16491643472638148
underestimated,0.16491643472638148,0.16491643472638148
actually won,0.16489668552682815,0.16489668552682815
make configurable,0.16484995965308555,0.16484995965308555
yml file,0.1648367928981615,0.1648367928981615
check config,0.1648367928981615,0.1648367928981615
enabling,0.1647921132257645,0.1647921132257645
3rd party,0.16476049585937838,0.16476049585937838
ve mentioned,0.16469848938022105,0.16469848938022105
png,0.16469630200243557,0.16469630200243557
potential risks,0.16464927087791903,0.16464927087791903
different request,0.1646167122603617,0.1646167122603617
known vulnerabilities,0.1644808660905392,0.1644808660905392
download,0.164391842188752,0.164391842188752
bare minimum,0.16432701165087682,0.16432701165087682
risky,0.16431283342810626,0.16431283342810626
unauthenticated requests,0.1643045753633298,0.1643045753633298
change return,0.16412300037956412,0.16412300037956412
change email,0.1639947023277163,0.1639947023277163
latest version,0.1639864252633356,0.1639864252633356
lose,0.16396621398001038,0.16396621398001038
sap vulnerability,0.16381484274344402,0.16381484274344402
exploit redundant,0.16371670715051476,0.16371670715051476
version comparison,0.16365154784487113,0.16365154784487113
bsd,0.16362583613460613,0.16362583613460613
currently use,0.16360151535650938,0.16360151535650938
overflow checks,0.16350583495066276,0.16350583495066276
long,0.16335709286220176,0.16335709286220176
ecdsa,0.1631077297041087,0.1631077297041087
current understanding,0.16289391114219778,0.16289391114219778
cryptographically,0.1627214738645151,0.1627214738645151
cryptographically strong,0.1627214738645151,0.1627214738645151
prng,0.1627214738645151,0.1627214738645151
want expose,0.16263515923405408,0.16263515923405408
security review,0.16245009857418855,0.16245009857418855
tests test,0.16235699354500086,0.16235699354500086
attribute,0.16228635186463533,0.16228635186463533
refer https,0.1621588981378889,0.1621588981378889
follow steps,0.16214102061014493,0.16214102061014493
leaving,0.16193086437862483,0.16193086437862483
controller,0.16192897603084921,0.16192897603084921
severity vulnerability,0.16188180299928634,0.16188180299928634
direct access,0.16184217205461113,0.16184217205461113
sources,0.16170662422985402,0.16170662422985402
versions lower,0.1613317412399237,0.1613317412399237
iteration,0.16128338393436195,0.16128338393436195
leave,0.16120928976209165,0.16120928976209165
internet,0.16114178323658598,0.16114178323658598
ton,0.16108690780199317,0.16108690780199317
lgtm,0.1608985961916095,0.1608985961916095
single line,0.1606844592223981,0.1606844592223981
instance methods,0.16048170164707773,0.16048170164707773
l59,0.16045864749237812,0.16045864749237812
py l59,0.16045864749237812,0.16045864749237812
skip,0.16024977816079622,0.16024977816079622
definitely,0.16016162259154454,0.16016162259154454
probably ok,0.16008961773267477,0.16008961773267477
permissions endpoint,0.16007133606526963,0.16007133606526963
paths,0.15998892229816467,0.15998892229816467
maintained,0.15976842750161133,0.15976842750161133
actively maintained,0.15976842750161133,0.15976842750161133
image https,0.15975797592798288,0.15975797592798288
vulnerable don,0.15945116840127044,0.15945116840127044
sounds,0.15937715078208595,0.15937715078208595
window,0.1592970068750206,0.1592970068750206
word,0.15920271887454246,0.15920271887454246
password values,0.15918732464706756,0.15918732464706756
render,0.15908952627618775,0.15908952627618775
hard code,0.15906632558230938,0.15906632558230938
def exploit,0.15872828791711519,0.15872828791711519
surface,0.15866792163596663,0.15866792163596663
protects,0.158653444623342,0.158653444623342
assessment tool,0.15845923159892145,0.15845923159892145
ok confused,0.15836908167968777,0.15836908167968777
arm,0.15836869943123655,0.15836869943123655
token result,0.15836689088048114,0.15836689088048114
net,0.15826149860545372,0.15826149860545372
vars,0.15823881359842207,0.15823881359842207
component eliminate,0.1582352956755443,0.1582352956755443
used project,0.1582352956755443,0.1582352956755443
project component,0.1582352956755443,0.1582352956755443
update party,0.1582352956755443,0.1582352956755443
15 frequently,0.1582352956755443,0.1582352956755443
frequently update,0.1582352956755443,0.1582352956755443
eliminate known,0.1582352956755443,0.1582352956755443
2015 8559,0.15820245731947685,0.15820245731947685
8559,0.15820245731947685,0.15820245731947685
cve 2015,0.15820245731947685,0.15820245731947685
token expired,0.15815188744181147,0.15815188744181147
infinite loop,0.15796239554878255,0.15796239554878255
clicking,0.15792029506142055,0.15792029506142055
resource,0.15768880142081992,0.15768880142081992
introduce security,0.15767653404224527,0.15767653404224527
displayed,0.15766386757184994,0.15766386757184994
argv,0.1576604904680881,0.1576604904680881
variable,0.15743522866174578,0.15743522866174578
highly,0.15729479974682817,0.15729479974682817
change input,0.15697497948835024,0.15697497948835024
default behavior,0.15691138164047136,0.15691138164047136
doesn used,0.15658446576692747,0.15658446576692747
didn realize,0.15650168987838783,0.15650168987838783
server http,0.15633399436682122,0.15633399436682122
step optional,0.15624233555890393,0.15624233555890393
optional valid,0.15624233555890393,0.15624233555890393
run parallel,0.1562389536076269,0.1562389536076269
purchase,0.15620907662620928,0.15620907662620928
acl,0.15613407314037217,0.15613407314037217
test required,0.15608289460326663,0.15608289460326663
exploits remote,0.15606932976554563,0.15606932976554563
local exploits,0.15606932976554563,0.15606932976554563
let know,0.15605055169812537,0.15605055169812537
feeling,0.155942024543869,0.155942024543869
condition add,0.1559017901987458,0.1559017901987458
h2,0.1558544609577751,0.1558544609577751
location does,0.15584141728113335,0.15584141728113335
iirc,0.15582183052869975,0.15582183052869975
makes likely,0.15582140410739517,0.15582140410739517
revisions,0.1556179441500781,0.1556179441500781
true false,0.15542464937808553,0.15542464937808553
insights,0.1553370239270373,0.1553370239270373
erb,0.15528064182458834,0.15528064182458834
exploit work,0.155243394868778,0.155243394868778
level security,0.15508524078210462,0.15508524078210462
token just,0.15501941188874416,0.15501941188874416
xss script,0.15499533468413046,0.15499533468413046
alert xss,0.15499533468413046,0.15499533468413046
authorization server,0.15467101002552303,0.15467101002552303
actively,0.1545451061191251,0.1545451061191251
exitfunc,0.15433749259945076,0.15433749259945076
options module,0.15433749259945073,0.15433749259945073
targets,0.15428915170833585,0.15428915170833585
monkey,0.1542004468195175,0.1542004468195175
method instead,0.1541868196570703,0.1541868196570703
suggestion default,0.15412759218214483,0.15412759218214483
inconsistent,0.15399397731083994,0.15399397731083994
doesn need,0.15393895927391762,0.15393895927391762
user exists,0.15384394867555018,0.15384394867555018
just little,0.1538002005424193,0.1538002005424193
undesired,0.1533594114013875,0.1533594114013875
slf4j,0.15335941140138745,0.15335941140138745
refresh token,0.15332849710968047,0.15332849710968047
lost,0.15322673540122986,0.15322673540122986
ast,0.1532212899289802,0.1532212899289802
relatively simple,0.15317943688705837,0.15317943688705837
believe security,0.15317943688705837,0.15317943688705837
ranges,0.15313026259808943,0.15313026259808943
guess,0.15300193615385324,0.15300193615385324
org en,0.15272200646543202,0.15272200646543202
blind exploit,0.15262622640123616,0.15262622640123616
reloading,0.15234257246586141,0.15234257246586141
check just,0.15227104280879683,0.15227104280879683
webpack,0.1521314045150651,0.1521314045150651
node js,0.15203361092610576,0.15203361092610576
post merge,0.15202331108049702,0.15202331108049702
hooks post,0.15202331108049702,0.15202331108049702
msftidy,0.15202331108049702,0.15202331108049702
msftidy rb,0.15202331108049702,0.15202331108049702
git hooks,0.15202331108049702,0.15202331108049702
cut,0.151964765732824,0.151964765732824
went,0.1519503680162579,0.1519503680162579
unsafe,0.15185451550274454,0.15185451550274454
secure https,0.1518426271088621,0.1518426271088621
npm audit,0.15182219148415524,0.15182219148415524
send_payload,0.15181118287453613,0.15181118287453613
mutation,0.1515247511208697,0.1515247511208697
points,0.15150531398549932,0.15150531398549932
opened,0.15148424603916605,0.15148424603916605
reference,0.1514771338882815,0.1514771338882815
does match,0.15139202006419297,0.15139202006419297
auxiliary,0.15127796604911287,0.15127796604911287
config generator,0.15127439292971784,0.15127439292971784
tells,0.15125240223168288,0.15125240223168288
xss doesn,0.15114146949268814,0.15114146949268814
look like,0.1508849625491251,0.1508849625491251
cleaned,0.1508124294864031,0.1508124294864031
libs,0.15078872087607811,0.15078872087607811
possibilities,0.1507741208207851,0.1507741208207851
signers,0.15063671984731605,0.15063671984731605
framework wiki,0.15040526115095468,0.15040526115095468
request request,0.15038799479549028,0.15038799479549028
es changes,0.15038149684108462,0.15038149684108462
changes reflected,0.15038149684108462,0.15038149684108462
doc_type,0.15038149684108462,0.15038149684108462
prior moving,0.15038149684108462,0.15038149684108462
remove doc_type,0.15038149684108462,0.15038149684108462
code sends,0.15038149684108462,0.15038149684108462
arcrose,0.15038149684108462,0.15038149684108462
upstream arcrose,0.15038149684108462,0.15038149684108462
communicate change,0.15038149684108462,0.15038149684108462
mozdef remove,0.15038149684108462,0.15038149684108462
arcrose prior,0.15038149684108462,0.15038149684108462
doc_type event,0.15038149684108462,0.15038149684108462
reflected vulnerability,0.15038149684108462,0.15038149684108462
events mozdef,0.15038149684108462,0.15038149684108462
moving es,0.15038149684108462,0.15038149684108462
change upstream,0.15038149684108462,0.15038149684108462
mozdef,0.15038149684108462,0.15038149684108462
vulnerability imo,0.1501788378613184,0.1501788378613184
wasn able,0.15016801072318584,0.15016801072318584
inspect,0.15012311450032748,0.15012311450032748
origin,0.14991286366877568,0.14991286366877568
varnish,0.1498866743778004,0.1498866743778004
https,0.14984989915601465,0.14984989915601465
valgrind,0.14984389052247885,0.14984389052247885
site xss,0.14980595061696783,0.14980595061696783
smb,0.14947979320574867,0.14947979320574867
process,0.14936685007520467,0.14936685007520467
patches,0.14932997632611592,0.14932997632611592
vulnerability vulnerability,0.14930671847220678,0.14930671847220678
needs encrypted,0.1491719964304717,0.1491719964304717
directory,0.14914584557900526,0.14914584557900526
variety,0.1490436561178881,0.1490436561178881
powerful,0.148993929200254,0.148993929200254
lint comment,0.1489788347119721,0.1489788347119721
xss lint,0.1489788347119721,0.1489788347119721
lint,0.1489788347119721,0.1489788347119721
feel free,0.1489676672271225,0.1489676672271225
unsure,0.14893308189757737,0.14893308189757737
monaco,0.14892153133624814,0.14892153133624814
length check,0.14886528877524435,0.14886528877524435
id json,0.14883610174757445,0.14883610174757445
filename cve,0.14883610174757445,0.14883610174757445
does agree,0.14883610174757445,0.14883610174757445
agree filename,0.14883610174757445,0.14883610174757445
consider changing,0.14870322127530114,0.14870322127530114
add explanation,0.14853145616125282,0.14853145616125282
cryptic,0.1485022847797479,0.1485022847797479
unnecessary,0.14831090027030083,0.14831090027030083
py,0.1482550179563512,0.1482550179563512
xml etree,0.1481366526351853,0.1481366526351853
celementtree,0.1481366526351853,0.1481366526351853
etree,0.1481366526351853,0.1481366526351853
etree celementtree,0.1481366526351853,0.1481366526351853
exploit http,0.14811835620172928,0.14811835620172928
preferably,0.14783290333711827,0.14783290333711827
args,0.14777686639578408,0.14777686639578408
inter,0.1476813797097947,0.1476813797097947
blind,0.1476364055439096,0.1476364055439096
attacks instead,0.1475676249546338,0.1475676249546338
enabled default,0.14755914490507754,0.14755914490507754
box,0.14749729202777745,0.14749729202777745
think maybe,0.14742454936076935,0.14742454936076935
bit like,0.14734863546351545,0.14734863546351545
utility,0.1473268673446223,0.1473268673446223
need include,0.14729283399574034,0.14729283399574034
access aws,0.14718874268467955,0.14718874268467955
sql vulnerability,0.14713160588463547,0.14713160588463547
sql queries,0.14713160588463547,0.14713160588463547
sqli,0.1471248066853317,0.1471248066853317
hooks,0.14705320137972322,0.14705320137972322
cve 2013,0.14683902783808123,0.14683902783808123
scopes,0.14679305901071354,0.14679305901071354
reward,0.14672008548484378,0.14672008548484378
directives,0.1466889912220483,0.1466889912220483
script tags,0.1465538870667131,0.1465538870667131
session different,0.14641025345077063,0.14641025345077063
form submit,0.1464102534507706,0.1464102534507706
different types,0.14605854177950042,0.14605854177950042
configuration secret,0.1460565930490885,0.1460565930490885
istio istio,0.14593254555211646,0.14593254555211646
com istio,0.14593254555211646,0.14593254555211646
assumes,0.14589541600988304,0.14589541600988304
overkill,0.14589077347049978,0.14589077347049978
execution fails,0.14582580795402492,0.14582580795402492
brokers,0.14582266762884058,0.14582266762884058
comparing,0.14561393910169185,0.14561393910169185
issue running,0.14558854953956157,0.14558854953956157
quality,0.14554963430988718,0.14554963430988718
vulnerability code,0.14546506309842655,0.14546506309842655
need communicate,0.14546506309842655,0.14546506309842655
method use,0.14541964439631636,0.14541964439631636
insufficient,0.145343410689109,0.145343410689109
template,0.14532860081934715,0.14532860081934715
confirmation,0.14517884884559917,0.14517884884559917
wouldn better,0.14500425125430597,0.14500425125430597
master docs,0.1449756022074956,0.1449756022074956
know think,0.14490480105009726,0.14490480105009726
validator,0.14484468016485572,0.14484468016485572
performing,0.1448041609705151,0.1448041609705151
removal,0.14459444870005805,0.14459444870005805
inline,0.14455318707924522,0.14455318707924522
yes using,0.1445066165809329,0.1445066165809329
enabled,0.14419903039254017,0.14419903039254017
pointed,0.14413732440753638,0.14413732440753638
validation important,0.1441078481609765,0.1441078481609765
lazy,0.1439864096199749,0.1439864096199749
checkcode safe,0.14393127571965805,0.14393127571965805
wordpress xss,0.14392384476000242,0.14392384476000242
escapeoutput update,0.14392384476000242,0.14392384476000242
xss escapeoutput,0.14392384476000242,0.14392384476000242
escapeoutput sniff,0.14392384476000242,0.14392384476000242
security escapeoutput,0.14392384476000242,0.14392384476000242
exist,0.14384450825652473,0.14384450825652473
using user,0.14381226613306353,0.14381226613306353
whitespace,0.1438086879701944,0.1438086879701944
running pr,0.14376793294509058,0.14376793294509058
xss prevention,0.14376183854667426,0.14376183854667426
mean tls,0.14375112377581092,0.14375112377581092
ssl default,0.1437179201432844,0.1437179201432844
length 16,0.1436751859545683,0.1436751859545683
think really,0.14366324228248495,0.14366324228248495
wont,0.143662767552778,0.143662767552778
exploits linux,0.1436489589394519,0.1436489589394519
basic,0.14361919374393486,0.14361919374393486
students,0.14351503589970652,0.14351503589970652
replaced,0.1434389539303718,0.1434389539303718
renamed wordpress,0.14338468915352673,0.14338468915352673
ruleset https,0.14338468915352673,0.14338468915352673
sniff renamed,0.14338468915352673,0.14338468915352673
sniff,0.14338468915352673,0.14338468915352673
ruleset,0.14338468915352673,0.14338468915352673
custom ruleset,0.14338468915352673,0.14338468915352673
update custom,0.14338468915352673,0.14338468915352673
check buffer,0.14331780236920882,0.14331780236920882
express,0.1433139029782162,0.1433139029782162
studio,0.14329596319813181,0.14329596319813181
vulnerabilities like,0.14323905933311545,0.14323905933311545
tag,0.14318815263211188,0.14318815263211188
probably using,0.14312528005640013,0.14312528005640013
far know,0.1431121903223105,0.1431121903223105
double,0.14285078125413309,0.14285078125413309
tools,0.1428167795554607,0.1428167795554607
3rd,0.14277181338939735,0.14277181338939735
conditions better,0.142736973518442,0.142736973518442
logic vulnerable,0.142736973518442,0.142736973518442
try model,0.142736973518442,0.142736973518442
model model,0.142736973518442,0.142736973518442
model save,0.142736973518442,0.142736973518442
model objects,0.142736973518442,0.142736973518442
dup model,0.142736973518442,0.142736973518442
objects natural_key,0.142736973518442,0.142736973518442
pattern try,0.142736973518442,0.142736973518442
_query save_,0.142736973518442,0.142736973518442
save_ logic,0.142736973518442,0.142736973518442
save_,0.142736973518442,0.142736973518442
save integrityerror,0.142736973518442,0.142736973518442
natural_key,0.142736973518442,0.142736973518442
integrityerror dup,0.142736973518442,0.142736973518442
integrityerror,0.142736973518442,0.142736973518442
better design,0.142736973518442,0.142736973518442
design pattern,0.142736973518442,0.142736973518442
validator commons,0.1426594996161524,0.1426594996161524
root password,0.14261444865147915,0.14261444865147915
instead looking,0.1425852258142243,0.1425852258142243
raises,0.14256690215745285,0.14256690215745285
just true,0.14246035642341875,0.14246035642341875
use csrf,0.14238448626688685,0.14238448626688685
supported,0.14226811790887167,0.14226811790887167
shown,0.14198694748538862,0.14198694748538862
case think,0.14197944005361274,0.14197944005361274
com apps,0.14195710507356682,0.14195710507356682
db com,0.14195710507356682,0.14195710507356682
www exploit,0.14195710507356682,0.14195710507356682
discussions,0.14192335454283403,0.14192335454283403
seq,0.1417735481948468,0.1417735481948468
highlight,0.1417625896622599,0.1417625896622599
change ll,0.14168765178906992,0.14168765178906992
unless mistaken,0.1416132868113248,0.1416132868113248
el,0.14141190634184395,0.14141190634184395
resolved,0.14134159861942677,0.14134159861942677
ready,0.14130668165712051,0.14130668165712051
caught,0.14130388972251517,0.14130388972251517
package json,0.14115351986265753,0.14115351986265753
renaming,0.1410329248843521,0.1410329248843521
omit,0.14093726842989585,0.14093726842989585
similar 403,0.14072616140392089,0.14072616140392089
older,0.14060846021977172,0.14060846021977172
explained https,0.14032364801911956,0.14032364801911956
vulnerable rogue,0.1402801487553525,0.1402801487553525
returning,0.1398268991923377,0.1398268991923377
user just,0.13977733808603793,0.13977733808603793
authentication method,0.13942675692187956,0.13942675692187956
security rating,0.13938485408501447,0.13938485408501447
kodzie,0.13913105793733221,0.13913105793733221
java io,0.13901822396262653,0.13901822396262653
com settings,0.13893573102252244,0.13893573102252244
issue allowing,0.1387908313932517,0.1387908313932517
use form,0.13873627184118378,0.13873627184118378
considering,0.13869732285704656,0.13869732285704656
authentication authorization,0.138528180439416,0.138528180439416
race conditions,0.13851461927113473,0.13851461927113473
service sends,0.1384127570764052,0.1384127570764052
skeptical,0.13839551772753927,0.13839551772753927
don reason,0.13824241070539464,0.13824241070539464
android,0.1381936666674521,0.1381936666674521
shell,0.13806502148455127,0.13806502148455127
vague,0.13776381478177557,0.13776381478177557
yo,0.13775279586722977,0.13775279586722977
data storage,0.13775279586722977,0.13775279586722977
option instead,0.13771935123247966,0.13771935123247966
clicking button,0.13757927135874118,0.13757927135874118
_always_,0.13752526199615683,0.13752526199615683
balance_proof,0.1374907119081587,0.1374907119081587
non authenticated,0.13742301518356112,0.13742301518356112
add warning,0.13731167785871237,0.13731167785871237
layer security,0.13728945222750016,0.13728945222750016
group,0.1372685294508333,0.1372685294508333
basic authentication,0.13726696093119875,0.13726696093119875
attrs,0.13722430945463407,0.13722430945463407
split,0.13716046015970043,0.13716046015970043
2019 3795,0.13702760262381453,0.13702760262381453
3795,0.13702760262381453,0.13702760262381453
raise,0.13700583854944634,0.13700583854944634
relation,0.13696277937427145,0.13696277937427145
assets,0.13677987263927527,0.13677987263927527
http request,0.13672807934916512,0.13672807934916512
just use,0.13668095144032247,0.13668095144032247
contracts,0.1366222819945209,0.1366222819945209
suggestions,0.1366178625572844,0.1366178625572844
interactively,0.13649442793618966,0.13649442793618966
jars,0.13644387590266097,0.13644387590266097
don provide,0.13641540190227797,0.13641540190227797
csrf stuff,0.13627103579315725,0.13627103579315725
admin want,0.1361575218741629,0.1361575218741629
ve run,0.13594490013953817,0.13594490013953817
http 400,0.13586440949458553,0.13586440949458553
suggestion dangerouslysetinnerhtml,0.13585335062172813,0.13585335062172813
come,0.13579353004523437,0.13579353004523437
really using,0.13576226464957197,0.13576226464957197
protect sql,0.13573603629489836,0.13573603629489836
corrupted,0.13569395915587854,0.13569395915587854
pulsar,0.13538757976311735,0.13538757976311735
updates,0.13532783789246047,0.13532783789246047
doesn use,0.13518039463176607,0.13518039463176607
ik,0.13515357139184556,0.13515357139184556
routes,0.13508341445388247,0.13508341445388247
overflow waiting,0.13492376618449833,0.13492376618449833
input writing,0.13492376618449833,0.13492376618449833
2019 02,0.1347451639994709,0.1347451639994709
refactor,0.1347283404460063,0.1347283404460063
stable,0.13470508950516064,0.13470508950516064
js attribute,0.13455071880861605,0.13455071880861605
repos,0.13452003091597176,0.13452003091597176
relies,0.13451391048813766,0.13451391048813766
equally,0.13442033286052205,0.13442033286052205
reference https,0.13433498033085228,0.13433498033085228
failed,0.13426563804380912,0.13426563804380912
instead failing,0.13423770011861363,0.13423770011861363
open source,0.1342107109294948,0.1342107109294948
injections use,0.13408875079047344,0.13408875079047344
use let,0.13408875079047344,0.13408875079047344
sql injections,0.13408875079047344,0.13408875079047344
original code,0.13401845253874228,0.13401845253874228
case add,0.13401845253874228,0.13401845253874228
cases think,0.13399543806610834,0.13399543806610834
cve 2016,0.13380029313789815,0.13380029313789815
issu,0.13380029313789815,0.13380029313789815
vulnerability don,0.13377032707672648,0.13377032707672648
strip,0.13365229861997444,0.13365229861997444
vulnerable race,0.13359893503455,0.13359893503455
token https,0.133547586950903,0.133547586950903
community,0.13351016153447384,0.13351016153447384
snprintf,0.13345545238197676,0.13345545238197676
serialization,0.13344534112155443,0.13344534112155443
just change,0.13335052630345026,0.13335052630345026
innerhtml,0.1332699523484788,0.1332699523484788
macos,0.13326818545105543,0.13326818545105543
gets,0.13320166948970577,0.13320166948970577
cluster level,0.13319785411785778,0.13319785411785778
whoa,0.13308032908266404,0.13308032908266404
aes,0.13306478411205924,0.13306478411205924
nice add,0.1330147482992987,0.1330147482992987
vulnerability details,0.13273802464242315,0.13273802464242315
backwards compatible,0.13261297852982729,0.13261297852982729
know say,0.13261122236394685,0.13261122236394685
waf,0.13253156445197228,0.13253156445197228
context xss,0.13253156445197228,0.13253156445197228
user exploit,0.1324850447849192,0.1324850447849192
metric,0.13244062742741963,0.13244062742741963
older version,0.13235075597393217,0.13235075597393217
documentation make,0.13231509593117996,0.13231509593117996
don quite,0.13230190331863284,0.13230190331863284
concatenated,0.13223290099533835,0.13223290099533835
bad idea,0.13222208470758087,0.13222208470758087
04,0.1321724072708206,0.1321724072708206
page baseurl,0.1320244717426936,0.1320244717426936
github vulnerability,0.13199391302774788,0.13199391302774788
traditionally,0.13192909393530833,0.13192909393530833
instrumentation,0.1318706402206492,0.1318706402206492
versioning,0.13183688416788253,0.13183688416788253
attribute like,0.1317757837070848,0.1317757837070848
v3 public,0.1317018188796453,0.1317018188796453
organization id,0.1317018188796453,0.1317018188796453
suggestion post,0.1317018188796453,0.1317018188796453
id vulnerabilities,0.1317018188796453,0.1317018188796453
api v3,0.1317018188796453,0.1317018188796453
post api,0.1317018188796453,0.1317018188796453
version number,0.13160160473535967,0.13160160473535967
jquery,0.13147607187538807,0.13147607187538807
handled,0.13146939103465366,0.13146939103465366
vulnerability issue,0.13142201407160972,0.13142201407160972
dependencies doesn,0.13135152922158314,0.13135152922158314
secrets suggestion,0.13133737271767026,0.13133737271767026
pat,0.13125636559655887,0.13125636559655887
able use,0.13122059332146319,0.13122059332146319
works doesn,0.13119924417103118,0.13119924417103118
docs web,0.1310769779380691,0.1310769779380691
web http,0.1310769779380691,0.1310769779380691
developer mozilla,0.1310769779380691,0.1310769779380691
en docs,0.1310769779380691,0.1310769779380691
use csp,0.13107697793806908,0.13107697793806908
cache,0.13105588808821533,0.13105588808821533
vulnerability use,0.13097647744196111,0.13097647744196111
presence,0.13083601560915312,0.13083601560915312
ben,0.13078133878334244,0.13078133878334244
appears vulnerable,0.1307795578365985,0.1307795578365985
good idea,0.1307350089277464,0.1307350089277464
exhaustion,0.1306860414758599,0.1306860414758599
liquidity exhaustion,0.1306860414758599,0.1306860414758599
stupid,0.1306053827484227,0.1306053827484227
exit,0.13054170780086793,0.13054170780086793
waiting happen,0.13051269320883188,0.13051269320883188
application connector,0.13049090888489476,0.13049090888489476
theoretical,0.13042885184011957,0.13042885184011957
recursive,0.1301349004189427,0.1301349004189427
blocked,0.13008870484694252,0.13008870484694252
xmlhttprequest,0.13008870484694252,0.13008870484694252
ll address,0.13007613943939209,0.13007613943939209
hub docker,0.12998238779821927,0.12998238779821927
reach,0.1299695962852157,0.1299695962852157
ca cert,0.1299465716741683,0.1299465716741683
graduation,0.12993470778241623,0.12993470778241623
addressed graduation,0.12993470778241623,0.12993470778241623
need addressed,0.12993470778241623,0.12993470778241623
prevention,0.12991907767692726,0.12991907767692726
javascript,0.12982245730079367,0.12982245730079367
better function,0.1297877913909683,0.1297877913909683
attritionorg,0.12978779139096827,0.12978779139096827
escaping xss,0.12978779139096827,0.12978779139096827
json_encode,0.12978779139096827,0.12978779139096827
hi attritionorg,0.12978779139096827,0.12978779139096827
limitation,0.12970691677281007,0.12970691677281007
injections,0.129704977036753,0.129704977036753
didn add,0.12960489649967402,0.12960489649967402
stores,0.1293493873029351,0.1293493873029351
create exploit,0.12916937736670744,0.12916937736670744
way run,0.1290538335188471,0.1290538335188471
related security,0.12892412953797905,0.12892412953797905
traversal attack,0.1288551176969564,0.1288551176969564
dup,0.12881674718825056,0.12881674718825056
exploit attempt,0.12870771854694768,0.12870771854694768
drupal_drupalgeddon2,0.12870771854694768,0.12870771854694768
csrftoken,0.12855049140514946,0.12855049140514946
clarification,0.12851835214419036,0.12851835214419036
total,0.12844077576089138,0.12844077576089138
mhh,0.12828357757373696,0.12828357757373696
csrf scenario,0.12828357757373696,0.12828357757373696
se,0.12822655433764102,0.12822655433764102
notepad,0.12806516963475256,0.12806516963475256
notepad exe,0.12806516963475256,0.12806516963475256
scanner,0.12802380261726906,0.12802380261726906
running docker,0.12781692811296594,0.12781692811296594
doing wrong,0.12775980588211053,0.12775980588211053
avoid sql,0.127741288154059,0.127741288154059
peer,0.12773262809804561,0.12773262809804561
diff,0.12773169693049644,0.12773169693049644
queries like,0.1276596233439089,0.1276596233439089
wise,0.12755111627386442,0.12755111627386442
xs,0.1274757389905533,0.1274757389905533
prone,0.1274676279625829,0.1274676279625829
suggestion order,0.1274376822511592,0.1274376822511592
elasticsearch,0.12738820082095328,0.12738820082095328
don password,0.12737420184878595,0.12737420184878595
digging,0.12726454242202997,0.12726454242202997
better description,0.12719560087613857,0.12719560087613857
issues 26,0.12717203442815433,0.12717203442815433
26 issuecomment,0.12717203442815433,0.12717203442815433
table,0.12716410986894247,0.12716410986894247
camera,0.12715980538217758,0.12715980538217758
regarding,0.12708124217432187,0.12708124217432187
vulnerable dependencies,0.1270572436613246,0.1270572436613246
user id,0.12701493415809134,0.12701493415809134
figure way,0.12699762352825109,0.12699762352825109
garbage collection,0.12698156108523784,0.12698156108523784
make explicit,0.12697147478904072,0.12697147478904072
https api,0.12696495782207037,0.12696495782207037
errors case,0.1269216864193066,0.1269216864193066
use version,0.12669163550456203,0.12669163550456203
digit,0.12662362518994866,0.12662362518994866
bar,0.12661987918241777,0.12661987918241777
foo bar,0.12661987918241777,0.12661987918241777
challenger,0.1266134978161449,0.1266134978161449
security advisory,0.1265708927432994,0.1265708927432994
built,0.12649943098672045,0.12649943098672045
moderate,0.1264736036371171,0.1264736036371171
error instead,0.12644496049621454,0.12644496049621454
token protection,0.12637509805065356,0.12637509805065356
really secure,0.12629198147393975,0.12629198147393975
earliest,0.12622237639507985,0.12622237639507985
api returning,0.126095258739481,0.126095258739481
cvename,0.126078597699615,0.126078597699615
cve mitre,0.126078597699615,0.126078597699615
https cve,0.126078597699615,0.126078597699615
cgi bin,0.126078597699615,0.126078597699615
bin cvename,0.126078597699615,0.126078597699615
cvename cgi,0.126078597699615,0.126078597699615
cgi cve,0.126078597699615,0.126078597699615
refreshed,0.12603284397131792,0.12603284397131792
reflected xss,0.12600758260829154,0.12600758260829154
seconds,0.12600226183382182,0.12600226183382182
prot,0.12599091988214495,0.12599091988214495
authenticated client,0.1258348638622981,0.1258348638622981
handler 172,0.12570500856904682,0.12570500856904682
critical vulnerabilities,0.12568674247349954,0.12568674247349954
verbose error,0.12565292010241497,0.12565292010241497
xsrf,0.12550835943443803,0.12550835943443803
johnston,0.12534125074778046,0.12534125074778046
oom,0.12534125074778046,0.12534125074778046
vulnerable oom,0.12534125074778046,0.12534125074778046
time time,0.12519590915182513,0.12519590915182513
srv,0.12509186701281855,0.12509186701281855
response header,0.12463573066993247,0.12463573066993247
packages,0.1245587171439856,0.1245587171439856
0xxx,0.12444359846052876,0.12444359846052876
0xxx cve,0.12444359846052876,0.12444359846052876
2019 0xxx,0.12444359846052876,0.12444359846052876
match actual,0.12444359846052876,0.12444359846052876
actual location,0.12444359846052876,0.12444359846052876
2019 1xxx,0.12444359846052876,0.12444359846052876
leveraged,0.1242812045385806,0.1242812045385806
like module,0.12424472493253848,0.12424472493253848
31,0.12420845639732535,0.12420845639732535
association,0.12417340663287203,0.12417340663287203
continued,0.12410750146629333,0.12410750146629333
jsonp,0.12408959279062955,0.12408959279062955
want update,0.12397863657959299,0.12397863657959299
indication,0.12393749792334215,0.12393749792334215
org cgi,0.12368107691635662,0.12368107691635662
anonymous,0.12362695112485819,0.12362695112485819
signature checks,0.1235390490942136,0.1235390490942136
jpg,0.12343371462539128,0.12343371462539128
fedora,0.12340371166804842,0.12340371166804842
polymorphism,0.12337841674308793,0.12337841674308793
check vulnerabilities,0.12337350423095643,0.12337350423095643
status project,0.12337350423095643,0.12337350423095643
plane,0.12335961835258381,0.12335961835258381
displaying,0.12329662481489968,0.12329662481489968
api https,0.12326065950650093,0.12326065950650093
temporary,0.1230984805623778,0.1230984805623778
necessary,0.12303791868198367,0.12303791868198367
suggestion throw,0.1229102987838903,0.1229102987838903
don throw,0.1229102987838903,0.1229102987838903
trigger,0.12283513989591498,0.12283513989591498
validate csrf,0.12281151752135984,0.12281151752135984
32 v4,0.12265228718767757,0.12265228718767757
mercury,0.12265228718767757,0.12265228718767757
mercury 32,0.12265228718767757,0.12265228718767757
ref,0.12251000489332668,0.12251000489332668
godoc,0.12238886120189457,0.12238886120189457
godoc org,0.12238886120189457,0.12238886120189457
https godoc,0.12238886120189457,0.12238886120189457
way user,0.12237757370740372,0.12237757370740372
issue fix,0.12237757370740372,0.12237757370740372
print token,0.12221641451062273,0.12221641451062273
issue print,0.12221641451062273,0.12221641451062273
repository just,0.12211198766590003,0.12211198766590003
yes security,0.12211198766590002,0.12211198766590002
password non,0.12200242853866053,0.12200242853866053
like gets,0.12187242547890714,0.12187242547890714
instead html,0.12163190867401066,0.12163190867401066
connection fails,0.12137887515499578,0.12137887515499578
don expect,0.12127050675407518,0.12127050675407518
vulnerable sql,0.12117740706198465,0.12117740706198465
commonly used,0.12116920710530436,0.12116920710530436
commonly,0.12116920710530436,0.12116920710530436
metadata service,0.12110059718965516,0.12110059718965516
forum,0.12104940525068088,0.12104940525068088
vulnerability check,0.12097928802105554,0.12097928802105554
topic,0.12094192466971995,0.12094192466971995
regards,0.12091733592426378,0.12091733592426378
style javascript,0.12087990498153689,0.12087990498153689
suggestion style,0.12087990498153686,0.12087990498153686
value request,0.120875741233484,0.120875741233484
pain,0.12083027562992302,0.12083027562992302
security md,0.12081471898635775,0.12081471898635775
cs,0.12077044934984847,0.12077044934984847
better separate,0.12075135372591726,0.12075135372591726
stated,0.12071695877607082,0.12071695877607082
classic,0.12071508712003703,0.12071508712003703
day,0.12067978006169329,0.12067978006169329
implies,0.12058238272076634,0.12058238272076634
svg,0.12044165077741813,0.12044165077741813
confuse user,0.12044165077741811,0.12044165077741811
windows,0.1204271171091071,0.1204271171091071
fw,0.1204262953032758,0.1204262953032758
think actually,0.12040610780695922,0.12040610780695922
saros,0.12025851850692393,0.12025851850692393
organizations saros,0.12025851850692393,0.12025851850692393
virtio,0.12014078922939395,0.12014078922939395
website,0.1201230321266615,0.1201230321266615
jannyhou,0.12002861314817827,0.12002861314817827
cloud vulnerability,0.12002861314817825,0.12002861314817825
configuration issues,0.12002861314817825,0.12002861314817825
fyi,0.11998188675633417,0.11998188675633417
develop src,0.11978613571606594,0.11978613571606594
exploitation,0.11977016147501686,0.11977016147501686
issue add,0.11958026734257407,0.11958026734257407
yeah didn,0.11921981456912038,0.11921981456912038
properly escaped,0.11911076438633407,0.11911076438633407
html make,0.11911076438633404,0.11911076438633404
parameters properly,0.11911076438633404,0.11911076438633404
short,0.1190500819678194,0.1190500819678194
way set,0.11900566831033213,0.11900566831033213
audited,0.11899586652806496,0.11899586652806496
rfc2616,0.11891614133062206,0.11891614133062206
transform,0.1189017775317755,0.1189017775317755
link react,0.11881272807331564,0.11881272807331564
link link,0.11881272807331564,0.11881272807331564
use link,0.11881272807331564,0.11881272807331564
suggestion use,0.11869677894263704,0.11869677894263704
block,0.11867631815450179,0.11867631815450179
invoking,0.11862564962348987,0.11862564962348987
aqua,0.11842867579463617,0.11842867579463617
user pass,0.11838815282769848,0.11838815282769848
eliminate,0.11838758191672688,0.11838758191672688
compat,0.11832658663179016,0.11832658663179016
contained token,0.11822078395215252,0.11822078395215252
make setup,0.11820714890322313,0.11820714890322313
set token,0.11820387136029228,0.11820387136029228
vulnerabilities apply,0.11802800074906744,0.11802800074906744
code quality,0.11793678920143366,0.11793678920143366
forgotten,0.1178897886614338,0.1178897886614338
ones,0.11760327702435869,0.11760327702435869
authentication permissions,0.11754045958344382,0.11754045958344382
select,0.11741655046991985,0.11741655046991985
happens,0.11738718936844023,0.11738718936844023
raw json,0.11732606811345334,0.11732606811345334
omitting,0.11732606811345334,0.11732606811345334
domains,0.11726418220462909,0.11726418220462909
added additional,0.11718760677684131,0.11718760677684131
gracefully,0.11712476049855962,0.11712476049855962
avoids,0.11687838359076948,0.11687838359076948
actually security,0.11683890471921564,0.11683890471921564
couldn,0.1168220014911874,0.1168220014911874
68,0.11672449591842542,0.11672449591842542
registration,0.1166708044797885,0.1166708044797885
minor point,0.11665572814265764,0.11665572814265764
payloads,0.1166407363062691,0.1166407363062691
slight,0.11660036583030026,0.11660036583030026
think logic,0.11659932969503724,0.11659932969503724
check think,0.11648486515042453,0.11648486515042453
hood,0.11642485341341174,0.11642485341341174
koalaman,0.11637997433425507,0.11637997433425507
aes gcm,0.11626392653190089,0.11626392653190089
wdyt,0.11625006272819761,0.11625006272819761
ansible awx,0.11618071528822146,0.11618071528822146
yes right,0.11611277904226279,0.11611277904226279
scripts,0.11609359197411348,0.11609359197411348
builder uses,0.1159921817635649,0.1159921817635649
ensure use,0.1159282687971525,0.1159282687971525
ah,0.11590993793255616,0.11590993793255616
need fix,0.11581378369258041,0.11581378369258041
known security,0.1158137836925804,0.1158137836925804
premature,0.11581290390556505,0.11581290390556505
l1,0.11579042575224124,0.11579042575224124
patch,0.11568744009387738,0.11568744009387738
mappings,0.11564042859275245,0.11564042859275245
value set,0.11561113573773539,0.11561113573773539
stored reflected,0.11552534132393263,0.11552534132393263
strict csp,0.11552534132393263,0.11552534132393263
classical stored,0.11552534132393263,0.11552534132393263
classical,0.11552534132393263,0.11552534132393263
happening,0.11547373374530488,0.11547373374530488
reactjs,0.11547001915605203,0.11547001915605203
postgres_copy_from_program_cmd_exec rcheck,0.11544860345239669,0.11544860345239669
rcheck reloading,0.11544860345239669,0.11544860345239669
rcheck,0.11544860345239669,0.11544860345239669
quick look,0.11544860345239669,0.11544860345239669
journalist interface,0.115413917527539,0.115413917527539
column,0.11539604537666857,0.11539604537666857
framework blob,0.11524305294296625,0.11524305294296625
meaningful,0.11523227884393653,0.11523227884393653
docker com,0.1151985253480587,0.1151985253480587
test cases,0.11518453136728676,0.11518453136728676
shorten,0.11517200629546197,0.11517200629546197
tracked,0.11511757380758947,0.11511757380758947
hold,0.11507475941157873,0.11507475941157873
mentions,0.11501801064279088,0.11501801064279088
method doesn,0.11491876263211193,0.11491876263211193
ux,0.11479605852310773,0.11479605852310773
password changed,0.11474069897765429,0.11474069897765429
wiki cross,0.1146684189438853,0.1146684189438853
email security,0.11456049225580613,0.11456049225580613
login email,0.11451187994256339,0.11451187994256339
guaranteed,0.11435823334863525,0.11435823334863525
logical,0.11423126152016021,0.11423126152016021
good use,0.11408613520729928,0.11408613520729928
strcpy,0.11396686719951707,0.11396686719951707
passwords tokens,0.11388667313944058,0.11388667313944058
think extra,0.11375245584675008,0.11375245584675008
exploit module,0.11372220764461966,0.11372220764461966
stash,0.1136878868834791,0.1136878868834791
www pivotaltracker,0.11367965063883674,0.11367965063883674
com story,0.11367965063883674,0.11367965063883674
pivotaltracker,0.11367965063883674,0.11367965063883674
pivotaltracker com,0.11367965063883674,0.11367965063883674
codacy,0.11363248056346302,0.11363248056346302
situations,0.11359047909655068,0.11359047909655068
attempting,0.11357924569532564,0.11357924569532564
latest security,0.1134603701310582,0.1134603701310582
iterable,0.11326486997041832,0.11326486997041832
function like,0.11323535388408676,0.11323535388408676
escalate,0.11321894859567988,0.11321894859567988
just pushed,0.11306433499220392,0.11306433499220392
sure fully,0.11305950014578753,0.11305950014578753
invocations,0.11285393419335651,0.11285393419335651
doubt,0.11277477673188349,0.11277477673188349
variable doesn,0.11274191868260242,0.11274191868260242
developer guide,0.11274191868260242,0.11274191868260242
need form,0.11271460803433232,0.11271460803433232
redirection,0.11271460803433228,0.11271460803433228
sense create,0.11271460803433227,0.11271460803433227
pop,0.11266101520388588,0.11266101520388588
provided,0.11263330264476243,0.11263330264476243
mismatch,0.1125934680894749,0.1125934680894749
free address,0.11256089590707265,0.11256089590707265
randomness,0.11234271905163606,0.11234271905163606
tests run,0.11228445003108155,0.11228445003108155
08,0.1121996498667873,0.1121996498667873
ml,0.11218156548559814,0.11218156548559814
ml agents,0.11218156548559814,0.11218156548559814
languages,0.1118290291388453,0.1118290291388453
8e0bf8aec964af66a5d440ef705d548f,0.11173633677823189,0.11173633677823189
8e0bf8aec964af66a5d440ef705d548f m32,0.11173633677823189,0.11173633677823189
apps 8e0bf8aec964af66a5d440ef705d548f,0.11173633677823189,0.11173633677823189
401a exe,0.11173633677823189,0.11173633677823189
401a,0.11173633677823189,0.11173633677823189
m32,0.11173633677823189,0.11173633677823189
m32 401a,0.11173633677823189,0.11173633677823189
kind code,0.11163487668654665,0.11163487668654665
puppeteer,0.1115739191154189,0.1115739191154189
data used,0.11148506938282618,0.11148506938282618
anyways fail,0.11136170766141636,0.11136170766141636
notebook,0.11130852526323903,0.11130852526323903
eliminated,0.11126580665199372,0.11126580665199372
opcode_push,0.11119331601256649,0.11119331601256649
current opcode_push,0.11119331601256649,0.11119331601256649
enter,0.11107549797452221,0.11107549797452221
use single,0.11092028419865288,0.11092028419865288
email password,0.11091254376210012,0.11091254376210012
anymore,0.11079856311845669,0.11079856311845669
feel fine,0.11066960337320536,0.11066960337320536
case result,0.11066960337320536,0.11066960337320536
modal shown,0.11066960337320536,0.11066960337320536
expired 401,0.11066960337320536,0.11066960337320536
continue registration,0.11066960337320536,0.11066960337320536
fine th,0.11066960337320536,0.11066960337320536
registration modal,0.11066960337320536,0.11066960337320536
raised case,0.11066960337320536,0.11066960337320536
result continue,0.11066960337320536,0.11066960337320536
check status,0.11066960337320536,0.11066960337320536
401 valid,0.11066960337320536,0.11066960337320536
valid case,0.11066960337320536,0.11066960337320536
shown case,0.11066960337320536,0.11066960337320536
401 raised,0.11066960337320536,0.11066960337320536
exploit order,0.1106644689441152,0.1106644689441152
script src,0.11064444829733008,0.11064444829733008
later want,0.11064444829733008,0.11064444829733008
export,0.11061393336005837,0.11061393336005837
problem long,0.11052371352863992,0.11052371352863992
generated form,0.11049145655093837,0.11049145655093837
form tag,0.11049145655093835,0.11049145655093835
concat,0.11046548431692167,0.11046548431692167
isn security,0.11044825254544899,0.11044825254544899
contains,0.1103526052593003,0.1103526052593003
permi,0.11034257977959808,0.11034257977959808
application registry,0.11014949763392416,0.11014949763392416
userhaspermissions,0.11000052711011023,0.11000052711011023
response error,0.1099460126384142,0.1099460126384142
envoy blob,0.10993326052404245,0.10993326052404245
token default,0.10987208288313882,0.10987208288313882
abusing,0.10981148135821658,0.10981148135821658
app need,0.10967577802355163,0.10967577802355163
describing exploit,0.10961020952201699,0.10961020952201699
use base,0.10952294404123027,0.10952294404123027
quite,0.10948751306924691,0.10948751306924691
head,0.10946489993121165,0.10946489993121165
inherit,0.10944995203469002,0.10944995203469002
article https,0.10937561665726672,0.10937561665726672
high,0.10935682458973892,0.10935682458973892
untrusted data,0.1093360270634643,0.1093360270634643
won token,0.1092894544725967,0.1092894544725967
critical vulnerability,0.10926591844191531,0.10926591844191531
better needs,0.1092162798667104,0.1092162798667104
example com,0.10920144590734222,0.10920144590734222
text huge,0.10919533180970085,0.10919533180970085
improved,0.10910150904836378,0.10910150904836378
rotation,0.10905257678430516,0.10905257678430516
book,0.10894668820583517,0.10894668820583517
heap use,0.1088809339545316,0.1088809339545316
implicit,0.1087324755817311,0.1087324755817311
right just,0.10872070765720875,0.10872070765720875
add checks,0.10853652543113329,0.10853652543113329
agents,0.10851400501144999,0.10851400501144999
exec,0.10837173160959997,0.10837173160959997
delivered,0.1083666968224859,0.1083666968224859
redirected,0.1083108479231564,0.1083108479231564
sure user,0.108207821688844,0.108207821688844
desirable,0.10819967898630099,0.10819967898630099
possible sql,0.10818278228645402,0.10818278228645402
better use,0.10816629390573584,0.10816629390573584
apikey,0.10811630984217775,0.10811630984217775
implicitly use,0.10811483697507263,0.10811483697507263
business,0.10810485935635397,0.10810485935635397
think just,0.10809239891000404,0.10809239891000404
moment,0.10798752036287626,0.10798752036287626
user tries,0.10784755054862545,0.10784755054862545
stating,0.10773663598568393,0.10773663598568393
new behavior,0.10762071487663691,0.10762071487663691
mo,0.10761264880580194,0.10761264880580194
punctuation,0.10756731520407237,0.10756731520407237
new sentence,0.1075294376923436,0.1075294376923436
gcc,0.10740375557452163,0.10740375557452163
metasm,0.10740375557452163,0.10740375557452163
payload length,0.1072780798095055,0.1072780798095055
apologies,0.1072780798095055,0.1072780798095055
additional information,0.10724381181679774,0.10724381181679774
problems,0.1072114608401776,0.1072114608401776
requires using,0.1071254820730289,0.1071254820730289
using way,0.10709342069014086,0.10709342069014086
1000,0.10701159860278822,0.10701159860278822
accessing,0.10697640825324599,0.10697640825324599
spanner,0.10696525763970138,0.10696525763970138
blob develop,0.1068992053940898,0.1068992053940898
number vulnerabilities,0.10682516073466809,0.10682516073466809
ci com,0.10668933516889638,0.10668933516889638
docs travis,0.10668933516889638,0.10668933516889638
area,0.10668554605483047,0.10668554605483047
works want,0.10660872191321667,0.10660872191321667
ubuntu,0.10656390855198329,0.10656390855198329
check correctness,0.10651321278630163,0.10651321278630163
correctness,0.10651321278630163,0.10651321278630163
silent,0.10649229431029829,0.10649229431029829
png vulnerability,0.10643016790154419,0.10643016790154419
vulnerability png,0.10643016790154419,0.10643016790154419
periodic,0.10628518262494523,0.10628518262494523
unavailable,0.1062343582465811,0.1062343582465811
malicious code,0.1061946395598057,0.1061946395598057
readability,0.10609544101713206,0.10609544101713206
yes clear,0.10575624861796266,0.10575624861796266
leader,0.10569042444627041,0.10569042444627041
https developer,0.10564150159458588,0.10564150159458588
191,0.10551186950713391,0.10551186950713391
pwd,0.10545727062106985,0.10545727062106985
data sent,0.10542763811927841,0.10542763811927841
makes use,0.10533670400430295,0.10533670400430295
props,0.10532361511624332,0.10532361511624332
enter password,0.10512136518014978,0.10512136518014978
cve cve,0.10511484597328115,0.10511484597328115
larger,0.1049866694173844,0.1049866694173844
site_base_path,0.10497213352381327,0.10497213352381327
quay,0.10488543029408887,0.10488543029408887
indentation,0.10487166015229714,0.10487166015229714
het,0.10481350397191837,0.10481350397191837
xss attacks,0.1048085748230859,0.1048085748230859
common security,0.10475477281272029,0.10475477281272029
bad,0.10470147896020666,0.10470147896020666
csrf attacks,0.10464244554376928,0.10464244554376928
injecting,0.10450719480239706,0.10450719480239706
note time,0.10438741189190336,0.10438741189190336
alias,0.104076330723408,0.104076330723408
storage layer,0.1040630619976965,0.1040630619976965
backwards,0.1038928204377666,0.1038928204377666
motivation,0.10387920247928975,0.10387920247928975
particular,0.10387073141466889,0.10387073141466889
content secret,0.10384578899715187,0.10384578899715187
worth switching,0.10377405733682946,0.10377405733682946
allocated,0.10377082936645149,0.10377082936645149
password validation,0.10373791458763458,0.10373791458763458
probably just,0.10364610019979247,0.10364610019979247
files diff,0.10358927316922337,0.10358927316922337
600,0.10354100485901217,0.10354100485901217
target api,0.10345907017842437,0.10345907017842437
option think,0.1033333426652093,0.1033333426652093
use variable,0.10333334266520929,0.10333334266520929
exist security,0.10316991327868211,0.10316991327868211
page https,0.10313295067634046,0.10313295067634046
peers,0.10307832434635616,0.10307832434635616
wi,0.10297510823815771,0.10297510823815771
identified security,0.10274615997347425,0.10274615997347425
shell true,0.10274615997347425,0.10274615997347425
subprocess shell,0.10274615997347425,0.10274615997347425
true identified,0.10274615997347425,0.10274615997347425
issue subprocess,0.10274615997347425,0.10274615997347425
accidental,0.10270696211831996,0.10270696211831996
scanning,0.10268375437440604,0.10268375437440604
regular,0.10229631512258351,0.10229631512258351
spent,0.10226886557128743,0.10226886557128743
length,0.10221635458141648,0.10221635458141648
offline,0.10213003258124563,0.10213003258124563
time sleep,0.1019402904571152,0.1019402904571152
sleep,0.1019402904571152,0.1019402904571152
encrypt data,0.10193990905419016,0.10193990905419016
concat xss,0.10184826578917464,0.10184826578917464
view concat,0.10184826578917464,0.10184826578917464
view new,0.10184826578917464,0.10184826578917464
new view,0.10184826578917464,0.10184826578917464
2016,0.10166366118117885,0.10166366118117885
safer use,0.10165636910909985,0.10165636910909985
2015,0.1016057525888136,0.1016057525888136
manifest,0.10157070348023105,0.10157070348023105
future,0.10155575236845762,0.10155575236845762
janitor,0.10147710580673162,0.10147710580673162
initial testing,0.10145745765567152,0.10145745765567152
module using,0.10139385326563634,0.10139385326563634
leaves vulnerable,0.10137247771392537,0.10137247771392537
machines use,0.10137247771392535,0.10137247771392535
wiki,0.10115304101225532,0.10115304101225532
jwt token,0.1008954587915721,0.1008954587915721
inbound,0.10077332842412529,0.10077332842412529
2018 1000xxx,0.10059302876446043,0.10059302876446043
com distributedweaknessfiling,0.10059302876446043,0.10059302876446043
distributedweaknessfiling,0.10059302876446043,0.10059302876446043
distributedweaknessfiling cvelist,0.10059302876446043,0.10059302876446043
1000xxx cve,0.10059302876446043,0.10059302876446043
master 2018,0.10059302876446043,0.10059302876446043
1000xxx,0.10059302876446043,0.10059302876446043
used requests,0.10049617313867862,0.10049617313867862
reject,0.10045730182656411,0.10045730182656411
like vulnerable,0.10037004734042462,0.10037004734042462
based linux,0.10027517224997831,0.10027517224997831
write code,0.09998515137793851,0.09998515137793851
push build,0.0999741107143272,0.0999741107143272
modify,0.09994970655685549,0.09994970655685549
devops,0.09985481895478746,0.09985481895478746
sa,0.09977610759528986,0.09977610759528986
noopener noreferrer,0.09971808880215716,0.09971808880215716
rel noopener,0.09971808880215716,0.09971808880215716
rooms,0.09966496066147579,0.09966496066147579
logged,0.09959520062263698,0.09959520062263698
2018 11914,0.09958971121629386,0.09958971121629386
11914,0.09958971121629386,0.09958971121629386
attackers,0.09934730192049647,0.09934730192049647
right does,0.0993273677333331,0.0993273677333331
stack instead,0.09927509890328441,0.09927509890328441
exploit example,0.09926949627226203,0.09926949627226203
api registered,0.09923976648448857,0.09923976648448857
registered csrf,0.09923976648448857,0.09923976648448857
token turned,0.09923976648448857,0.09923976648448857
deserialization,0.09907849193207659,0.09907849193207659
great,0.09892650370880136,0.09892650370880136
surface area,0.09881873667946493,0.09881873667946493
come better,0.09881873667946492,0.09881873667946492
printing,0.09877819546433485,0.09877819546433485
injection attack,0.09877808240105562,0.09877808240105562
successful lead,0.09854555718482495,0.09854555718482495
resulting denial,0.09854555718482495,0.09854555718482495
lead application,0.09854555718482495,0.09854555718482495
application crash,0.09854555718482495,0.09854555718482495
crash resulting,0.09854555718482495,0.09854555718482495
roles bindings,0.09837401135827294,0.09837401135827294
vulnerable packages,0.09834229916593054,0.09834229916593054
privilege database,0.09823779825676802,0.09823779825676802
granted,0.09820175128414509,0.09820175128414509
55,0.09805822043153946,0.09805822043153946
oss,0.09773408913549446,0.09773408913549446
compilation,0.09761021254541477,0.09761021254541477
method just,0.09758201121549968,0.09758201121549968
ints,0.09758123500907394,0.09758123500907394
noreferrer,0.09752463782195639,0.09752463782195639
noopener,0.09752463782195639,0.09752463782195639
add rel,0.09752463782195639,0.09752463782195639
valid api,0.09751182650279763,0.09751182650279763
complicated,0.0973882245338335,0.0973882245338335
replacement,0.0973684936176487,0.0973684936176487
verify peer,0.09711149793382341,0.09711149793382341
separate reporting,0.09710563915653106,0.09710563915653106
saving,0.09679886546289132,0.09679886546289132
required description,0.09638745633100945,0.09638745633100945
setting required,0.09638745633100945,0.09638745633100945
module options,0.09638745633100945,0.09638745633100945
current setting,0.09638745633100945,0.09638745633100945
options exploit,0.09638745633100945,0.09638745633100945
reference cve,0.09633381719388784,0.09633381719388784
finished,0.0963303682789457,0.0963303682789457
eb117ac2e4922022be613c63244cca378b8d532f,0.09624714848319554,0.09624714848319554
eb117ac2e4922022be613c63244cca378b8d532f 2019,0.09624714848319554,0.09624714848319554
1003xxx cve,0.09624714848319554,0.09624714848319554
2019 1003xxx,0.09624714848319554,0.09624714848319554
blob eb117ac2e4922022be613c63244cca378b8d532f,0.09624714848319554,0.09624714848319554
1003xxx,0.09624714848319554,0.09624714848319554
cveproject,0.09624714848319554,0.09624714848319554
com cveproject,0.09624714848319554,0.09624714848319554
cveproject cvelist,0.09624714848319554,0.09624714848319554
thoughts,0.09619511139595587,0.09619511139595587
websites,0.09618865555162383,0.09618865555162383
max,0.09610074127916367,0.09610074127916367
issuecomment,0.09600280823624605,0.09600280823624605
states,0.09596132052679082,0.09596132052679082
reflect user,0.09568755413631361,0.09568755413631361
need admin,0.09563560721542518,0.09563560721542518
req,0.09557726784351007,0.09557726784351007
scala xss,0.09543395135523645,0.09543395135523645
presume,0.09539602778962732,0.09539602778962732
according,0.09537575015015679,0.09537575015015679
thought process,0.0948048071164161,0.0948048071164161
log encryption,0.09466266431281951,0.09466266431281951
redo log,0.09466266431281951,0.09466266431281951
redo,0.09466266431281951,0.09466266431281951
post modules,0.09455471648107354,0.09455471648107354
puts,0.0944644221210813,0.0944644221210813
32 bit,0.09438804077649456,0.09438804077649456
lead xss,0.09428298149137351,0.09428298149137351
far remember,0.09425823364286198,0.09425823364286198
consideration,0.09419734850453974,0.09419734850453974
26,0.09418090988154124,0.09418090988154124
despite,0.09412848775725527,0.09412848775725527
afaik,0.09412020300876917,0.09412020300876917
citizen,0.09394761817545853,0.09394761817545853
desktop,0.09389655012246871,0.09389655012246871
function added,0.09382810247863763,0.09382810247863763
access security,0.09374863535755133,0.09374863535755133
relatively,0.09368379947589353,0.09368379947589353
want log,0.09361877344460393,0.09361877344460393
maste,0.09358777130095411,0.09358777130095411
supported way,0.09354671106557663,0.09354671106557663
case,0.09354046397254126,0.09354046397254126
pr merged,0.0935242172560866,0.0935242172560866
enums,0.09352420320861896,0.09352420320861896
8559 knife,0.09343691979994158,0.09343691979994158
addresses cve,0.09343691979994158,0.09343691979994158
change addresses,0.09343691979994158,0.09343691979994158
pem private,0.09343691979994158,0.09343691979994158
suggestion change,0.09343691979994158,0.09343691979994158
log messages,0.09343691979994158,0.09343691979994158
validator pem,0.09343691979994158,0.09343691979994158
chef leaks,0.09343691979994158,0.09343691979994158
command chef,0.09343691979994158,0.09343691979994158
8559 https,0.09343691979994158,0.09343691979994158
knife bootstrap,0.09343691979994158,0.09343691979994158
leaks validator,0.09343691979994158,0.09343691979994158
knife,0.09343691979994158,0.09343691979994158
private rsa,0.09343691979994158,0.09343691979994158
bootstrap command,0.09343691979994158,0.09343691979994158
key var,0.09343691979994158,0.09343691979994158
json parse,0.09343338392057102,0.09343338392057102
fear,0.0934187336329718,0.0934187336329718
possible security,0.09341627226242764,0.09341627226242764
ok,0.09340364256059126,0.09340364256059126
shadow,0.09326769011323452,0.09326769011323452
192 168,0.09325769993784244,0.09325769993784244
168,0.09325769993784244,0.09325769993784244
platform,0.09317772197524041,0.09317772197524041
bel,0.093127798288499,0.093127798288499
does allow,0.09304522529006967,0.09304522529006967
currently,0.0930137741953031,0.0930137741953031
cve 2014,0.09298536131127672,0.09298536131127672
computer,0.09296095856498467,0.09296095856498467
class names,0.092891230439992,0.092891230439992
authorization bearer,0.09287650495711673,0.09287650495711673
service secure,0.09282610242847339,0.09282610242847339
post exploit,0.0927458086403018,0.0927458086403018
responsibility,0.09264903272205768,0.09264903272205768
image use,0.09257846823477917,0.09257846823477917
runtime error,0.09237999304896943,0.09237999304896943
disclosure date,0.09232806259332103,0.09232806259332103
patching,0.09231444923794171,0.09231444923794171
just didn,0.0921178949104431,0.0921178949104431
precaution,0.0921178949104431,0.0921178949104431
master modules,0.0920857878997898,0.0920857878997898
written,0.09204254707964134,0.09204254707964134
prospect,0.09203442174034053,0.09203442174034053
libraries used,0.09201146430129623,0.09201146430129623
party libraries,0.09201146430129623,0.09201146430129623
suggest suggestion,0.09193617509629066,0.09193617509629066
rust,0.09187499206598695,0.09187499206598695
md5,0.09183305765114816,0.09183305765114816
http netgear_unauth_exec,0.09182409791871565,0.09182409791871565
netgear_unauth_exec,0.09182409791871565,0.09182409791871565
date,0.0916963286516719,0.0916963286516719
set session,0.09162939935112643,0.09162939935112643
fixes,0.09159929070475871,0.09159929070475871
malicious nodes,0.09158877182992477,0.09158877182992477
use public,0.09158877182992477,0.09158877182992477
stackoverflow,0.09157999252100321,0.09157999252100321
stackoverflow com,0.09157999252100321,0.09157999252100321
security people,0.09156125404515326,0.09156125404515326
baseurl,0.09145919664979392,0.09145919664979392
pa,0.09138425347688821,0.09138425347688821
fix buffer,0.0913584738491096,0.0913584738491096
www authenticate,0.0913359487208075,0.0913359487208075
getting rid,0.09113838757736525,0.09113838757736525
agree 100,0.09111304810776054,0.09111304810776054
statistics,0.0911005664568006,0.0911005664568006
probably future,0.09098795501333337,0.09098795501333337
vulnerable like,0.09095385629299926,0.09095385629299926
password length,0.09087868911664788,0.09087868911664788
io projects,0.0907176084485738,0.0907176084485738
thing consider,0.09071327778037759,0.09071327778037759
explicit,0.09070657981205191,0.09070657981205191
security headers,0.09037904310090483,0.09037904310090483
dangers,0.09033302828962479,0.09033302828962479
stopped,0.09030426287625455,0.09030426287625455
rendering,0.09025831007155814,0.09025831007155814
option,0.09007603824628446,0.09007603824628446
running msftidy,0.0897874164904086,0.0897874164904086
tools dev,0.0897874164904086,0.0897874164904086
module syntax,0.0897874164904086,0.0897874164904086
new changed,0.0897874164904086,0.0897874164904086
rb git,0.0897874164904086,0.0897874164904086
syntax tools,0.0897874164904086,0.0897874164904086
merge running,0.0897874164904086,0.0897874164904086
changed module,0.0897874164904086,0.0897874164904086
merge mode,0.0897874164904086,0.0897874164904086
dev msftidy,0.0897874164904086,0.0897874164904086
mode checking,0.0897874164904086,0.0897874164904086
use placeholder,0.08975814171335193,0.08975814171335193
56,0.08973290934321763,0.08973290934321763
collection,0.08969943500949479,0.08969943500949479
purely,0.08962103103536427,0.08962103103536427
substitution,0.08952724278846874,0.08952724278846874
wait,0.08932559336013525,0.08932559336013525
admin login,0.08928540160229571,0.08928540160229571
issue user,0.0892316390372806,0.0892316390372806
validated,0.0891698352472194,0.0891698352472194
overwritten,0.08898873255879229,0.08898873255879229
repositories,0.08887924377239985,0.08887924377239985
mon,0.08887521127072695,0.08887521127072695
feb,0.08887521127072695,0.08887521127072695
exploit linux,0.08868900394512796,0.08868900394512796
quickly checking,0.08868251973623907,0.08868251973623907
looking changes,0.08868251973623907,0.08868251973623907
changes quickly,0.08868251973623907,0.08868251973623907
checking existing,0.08868251973623907,0.08868251973623907
crash looking,0.08868251973623907,0.08868251973623907
messages,0.08847551794060948,0.08847551794060948
trait,0.08831809845343001,0.08831809845343001
control html,0.08822737956561852,0.08822737956561852
like buffer,0.08808546702852636,0.08808546702852636
need reviewed,0.08804613245498247,0.08804613245498247
authentication like,0.08802946450199065,0.08802946450199065
sure,0.08798113779026509,0.08798113779026509
suppose,0.0879415853130479,0.0879415853130479
v3,0.08788728697887749,0.08788728697887749
like new,0.08787328172768556,0.08787328172768556
provide token,0.08784924489743581,0.08784924489743581
temp,0.08776370684194353,0.08776370684194353
long does,0.08773109984513836,0.08773109984513836
check performed,0.08772254152247323,0.08772254152247323
consumes,0.08770034452402937,0.08770034452402937
docs ansible,0.08759308257265554,0.08759308257265554
ansible com,0.08759308257265554,0.08759308257265554
data known,0.08749189340184524,0.08749189340184524
replace xml,0.08749189340184524,0.08749189340184524
vulnerable xml,0.08749189340184524,0.08749189340184524
xml attacks,0.08749189340184524,0.08749189340184524
untrusted xml,0.08749189340184524,0.08749189340184524
xml data,0.08749189340184524,0.08749189340184524
defusedxml,0.08749189340184524,0.08749189340184524
attacks replace,0.08749189340184524,0.08749189340184524
issue using,0.08749189340184524,0.08749189340184524
parse untrusted,0.08749189340184524,0.08749189340184524
using xml,0.08749189340184524,0.08749189340184524
allow authorization,0.0874679726507908,0.0874679726507908
strncat,0.08745995612764612,0.08745995612764612
strlen,0.08745995612764612,0.08745995612764612
charset,0.08739828950584365,0.08739828950584365
ssl true,0.0873853186925353,0.0873853186925353
dual,0.08736573180803814,0.08736573180803814
charge,0.08716876434065207,0.08716876434065207
property value,0.08716142589839478,0.08716142589839478
injection reason,0.08716142589839478,0.08716142589839478
operands,0.08712914434060003,0.08712914434060003
io security,0.08711799602745851,0.08711799602745851
handler,0.08689230015061149,0.08689230015061149
rb modules,0.08685198963689074,0.08685198963689074
using regex,0.08679255605845677,0.08679255605845677
safe,0.0866569552616244,0.0866569552616244
error just,0.08657784010170404,0.08657784010170404
connecting,0.08648102449330228,0.08648102449330228
networks,0.08646983390065151,0.08646983390065151
frontend,0.086386667281975,0.086386667281975
shouldn use,0.08638047641261883,0.08638047641261883
releasing,0.08635763697591431,0.08635763697591431
usually indicates,0.08635763697591431,0.08635763697591431
releasing lock,0.08635763697591431,0.08635763697591431
indicates lock,0.08635763697591431,0.08635763697591431
immediately releasing,0.08635763697591431,0.08635763697591431
lock usually,0.08635763697591431,0.08635763697591431
lock isn,0.08635763697591431,0.08635763697591431
lock immediately,0.08635763697591431,0.08635763697591431
needed going,0.08635763697591431,0.08635763697591431
cmap lock,0.08635763697591431,0.08635763697591431
free crash,0.08635763697591431,0.08635763697591431
free cmap,0.08635763697591431,0.08635763697591431
cmap,0.08635763697591431,0.08635763697591431
consistent,0.08630103610144399,0.08630103610144399
reasons use,0.08616022517941428,0.08616022517941428
data store,0.08610298309595694,0.08610298309595694
saw did,0.08603465805574761,0.08603465805574761
specific client,0.08597689749017183,0.08597689749017183
ditto,0.08597189616472692,0.08597189616472692
listing,0.08587600239606932,0.08587600239606932
bar baz,0.08580744965492604,0.08580744965492604
really needs,0.08577547280014437,0.08577547280014437
collections,0.0857750579262762,0.0857750579262762
parsing,0.0855357246709683,0.0855357246709683
authenticated request,0.08540622466060427,0.08540622466060427
w3c,0.08536988424613141,0.08536988424613141
time ago,0.08527861081666785,0.08527861081666785
knows,0.08522973847788187,0.08522973847788187
resolves,0.08516021092233804,0.08516021092233804
migration,0.08502414313811849,0.08502414313811849
prod,0.08496469934122725,0.08496469934122725
future don,0.08480113037368309,0.08480113037368309
create able,0.08469419040498963,0.08469419040498963
html escape,0.08466036208060922,0.08466036208060922
escape prevent,0.08466036208060922,0.08466036208060922
content length,0.08459128990885574,0.08459128990885574
tainted,0.08440360532047657,0.08440360532047657
previous pr,0.08432671398858309,0.08432671398858309
pipeline,0.08418295553850458,0.08418295553850458
depending type,0.0840331865362992,0.0840331865362992
thorough,0.08388053045494967,0.08388053045494967
set https,0.08377473587300097,0.08377473587300097
overflow issue,0.08374733727030427,0.08374733727030427
destination buffer,0.08374733727030427,0.08374733727030427
reactjs org,0.08374139864819845,0.08374139864819845
aside,0.08371211506634241,0.08371211506634241
used exploit,0.08365935158848992,0.08365935158848992
trigger use,0.08359387544267924,0.08359387544267924
add link,0.08339662890992255,0.08339662890992255
known vulnerable,0.08332415938354054,0.08332415938354054
determined,0.08332265511876899,0.08332265511876899
unusual,0.08321138650463861,0.08321138650463861
legible,0.08314105232914887,0.08314105232914887
expect,0.08305871892786065,0.08305871892786065
set accordingly,0.08302453690387973,0.08302453690387973
based number,0.08302453690387973,0.08302453690387973
shall refer,0.08302453690387973,0.08302453690387973
handle sql,0.08302453690387973,0.08302453690387973
values clause,0.08302453690387973,0.08302453690387973
number values,0.08302453690387973,0.08302453690387973
compactiontxnhandler markcleaned,0.08302453690387973,0.08302453690387973
markcleaned usage,0.08302453690387973,0.08302453690387973
clause set,0.08302453690387973,0.08302453690387973
accordingly based,0.08302453690387973,0.08302453690387973
returned counts,0.08302453690387973,0.08302453690387973
append based,0.08302453690387973,0.08302453690387973
refer compactiontxnhandler,0.08302453690387973,0.08302453690387973
txnutils,0.08302453690387973,0.08302453690387973
based returned,0.08302453690387973,0.08302453690387973
case append,0.08302453690387973,0.08302453690387973
buildquerywithinclausestrings,0.08302453690387973,0.08302453690387973
usage txnutils,0.08302453690387973,0.08302453690387973
buildquerywithinclausestrings handle,0.08302453690387973,0.08302453690387973
txnutils buildquerywithinclausestrings,0.08302453690387973,0.08302453690387973
compactiontxnhandler,0.08302453690387973,0.08302453690387973
markcleaned,0.08302453690387973,0.08302453690387973
baz,0.08300214016062903,0.08300214016062903
source,0.08299325231485415,0.08299325231485415
don create,0.08286293674548097,0.08286293674548097
clause,0.08281106631345836,0.08281106631345836
authorization required,0.08281043567066967,0.08281043567066967
vulnerability fix,0.08269777622695478,0.08269777622695478
33,0.08268865633335808,0.08268865633335808
identical,0.08257063036692308,0.08257063036692308
assertorfailfast,0.08250867753286101,0.08250867753286101
start length,0.08250867753286101,0.08250867753286101
access data,0.0821861241655913,0.0821861241655913
person,0.08213534016119371,0.08213534016119371
parameter,0.08213159039184306,0.08213159039184306
true user,0.08202216316679742,0.08202216316679742
com questions,0.08194553594196646,0.08194553594196646
doesn really,0.08180755011753442,0.08180755011753442
regardless,0.08180520456761171,0.08180520456761171
returned,0.08171285382462853,0.08171285382462853
calling api,0.08166544593693999,0.08166544593693999
slip,0.08164419181604725,0.08164419181604725
zip slip,0.08164419181604725,0.08164419181604725
lot think,0.08161088362142688,0.08161088362142688
looks little,0.08156790359947226,0.08156790359947226
party,0.0813915582079182,0.0813915582079182
assigning,0.08138228335177887,0.08138228335177887
like test,0.08137108616112006,0.08137108616112006
configured,0.08124790167512241,0.08124790167512241
participant2 exploit,0.08120422931141098,0.08120422931141098
balance_proof verification,0.08120422931141098,0.08120422931141098
participant2,0.08120422931141098,0.08120422931141098
balance_proof bypass,0.08120422931141098,0.08120422931141098
verification channel_settle,0.08120422931141098,0.08120422931141098
closing channel,0.08120422931141098,0.08120422931141098
think participant2,0.08120422931141098,0.08120422931141098
immediately closing,0.08120422931141098,0.08120422931141098
channel submitting,0.08120422931141098,0.08120422931141098
channel_settle,0.08120422931141098,0.08120422931141098
depositing immediately,0.08120422931141098,0.08120422931141098
depositing,0.08120422931141098,0.08120422931141098
submitting balance_proof,0.08120422931141098,0.08120422931141098
opening depositing,0.08120422931141098,0.08120422931141098
right opening,0.08120422931141098,0.08120422931141098
bypass balance_proof,0.08120422931141098,0.08120422931141098
arch,0.08119307070708921,0.08119307070708921
admin password,0.08118688846183535,0.08118688846183535
crea,0.08107740317556467,0.08107740317556467
type contains,0.08102574360350967,0.08102574360350967
code used,0.08101574513745494,0.08101574513745494
don security,0.08096776542643408,0.08096776542643408
bob,0.08095047653451966,0.08095047653451966
jar,0.08093150076409485,0.08093150076409485
border,0.08079108545544353,0.08079108545544353
able detect,0.08078094595205537,0.08078094595205537
enters,0.08077665344487481,0.08077665344487481
aspnet aspnetcore,0.08075581652453719,0.08075581652453719
aspnetcore blob,0.08075581652453719,0.08075581652453719
thumbnail,0.08073721770177181,0.08073721770177181
uh,0.08072795153566072,0.08072795153566072
human,0.08069021607163208,0.08069021607163208
bare,0.08067775466188766,0.08067775466188766
way request,0.0805554273763742,0.0805554273763742
request fails,0.08055542737637417,0.08055542737637417
use local,0.08049862211320856,0.08049862211320856
write,0.08032903267964608,0.08032903267964608
like following,0.08029560016502009,0.08029560016502009
dedicated describing,0.0802017520560592,0.0802017520560592
steps needed,0.0802017520560592,0.0802017520560592
describing steps,0.0802017520560592,0.0802017520560592
nodes ip,0.08014759846637148,0.08014759846637148
real problem,0.0801467475105234,0.0801467475105234
modified default,0.08010651424701014,0.08010651424701014
clean,0.08004465817076205,0.08004465817076205
oh interesting,0.07995414633979668,0.07995414633979668
hitting,0.07993593533759293,0.07993593533759293
mistaken,0.07984313684162382,0.07984313684162382
admission,0.07982566520321668,0.07982566520321668
disable default,0.07980299222351472,0.07980299222351472
learn,0.07977076929138038,0.07977076929138038
cves,0.07971969507674778,0.07971969507674778
workaround,0.07968753488430019,0.07968753488430019
terminate,0.07960144887437284,0.07960144887437284
autoescape,0.0794776785378342,0.0794776785378342
steps,0.07936354453525013,0.07936354453525013
isn needed,0.07933135590938241,0.07933135590938241
password used,0.07932710608708288,0.07932710608708288
invalid authorization,0.07928275037501821,0.07928275037501821
developers,0.07925521031513458,0.07925521031513458
subsequent authentication,0.07902628974533005,0.07902628974533005
think use,0.07897166343289413,0.07897166343289413
try use,0.07895452992042014,0.07895452992042014
use cases,0.07887114337364161,0.07887114337364161
token yes,0.07863836760887942,0.07863836760887942
deeper,0.07842688478832925,0.07842688478832925
change just,0.07836670141079863,0.07836670141079863
proc,0.07833289484159577,0.07833289484159577
matching,0.07830592982760555,0.07830592982760555
make possible,0.07818512287701905,0.07818512287701905
vulns,0.07817443762132074,0.07817443762132074
com ansible,0.07785747977046019,0.07785747977046019
vulnerability lower,0.07777589577347357,0.07777589577347357
assertion,0.07776007332168855,0.07776007332168855
package patched,0.07771316630618441,0.07771316630618441
effectively,0.07766352002078404,0.07766352002078404
reveal,0.07764189044182815,0.07764189044182815
need make,0.07757779201523904,0.07757779201523904
removing check,0.07756025132471932,0.07756025132471932
drafts,0.07754083091344474,0.07754083091344474
cc,0.0774269592103024,0.0774269592103024
suggestion information,0.07740115167439449,0.07740115167439449
traffic,0.07719964702442715,0.07719964702442715
ciphers,0.07712899742723033,0.07712899742723033
submissions,0.0771260717831052,0.0771260717831052
check check,0.07703694502301917,0.07703694502301917
cases like,0.07700166568984634,0.07700166568984634
vulnerability way,0.07700069993764937,0.07700069993764937
codes,0.07698675776911322,0.07698675776911322
need handle,0.07698626659353282,0.07698626659353282
dom style,0.07678559485539112,0.07678559485539112
javascript object,0.0767855948553911,0.0767855948553911
distinct,0.0767072917634415,0.0767072917634415
think support,0.07655994484856225,0.07655994484856225
child,0.07648461560835089,0.07648461560835089
parameter execute,0.07648328832776106,0.07648328832776106
albeit,0.07639663689097269,0.07639663689097269
json cve,0.07628330871399808,0.07628330871399808
cn,0.07611583766026137,0.07611583766026137
secret make,0.0760357083874089,0.0760357083874089
using https,0.07589800582945443,0.07589800582945443
injection https,0.07588879812717907,0.07588879812717907
atlassian net,0.07576853308342324,0.07576853308342324
net browse,0.07576853308342324,0.07576853308342324
hint,0.07568210703973399,0.07568210703973399
exceed,0.07563080924883395,0.07563080924883395
complete,0.07556330048593718,0.07556330048593718
happen,0.07547672190033401,0.07547672190033401
docker daemon,0.07529705567708063,0.07529705567708063
com django,0.07524714783433836,0.07524714783433836
static,0.07518347724663862,0.07518347724663862
point,0.07516566899929251,0.07516566899929251
cpu,0.07510478196925946,0.07510478196925946
tip,0.0750654102912152,0.0750654102912152
suggestion provide,0.07503867593184045,0.07503867593184045
abuse,0.07499353174276704,0.07499353174276704
currently working,0.07499095477070673,0.07499095477070673
silently,0.07498137370796247,0.07498137370796247
zou,0.07473546989950187,0.07473546989950187
pr remove,0.07467823847934882,0.07467823847934882
comments,0.07454444762934047,0.07454444762934047
api csrf,0.07446934870966779,0.07446934870966779
perfect,0.0744660473396055,0.0744660473396055
customer,0.07436987786149406,0.07436987786149406
authorization authentication,0.07434655396910035,0.07434655396910035
player,0.07433057118236167,0.07433057118236167
restart,0.07430372045606272,0.07430372045606272
reduces,0.07423828806399797,0.07423828806399797
verification,0.07423762301500242,0.07423762301500242
__optional nit,0.07421117086172792,0.07421117086172792
__optional,0.07421117086172792,0.07421117086172792
nit __,0.07421117086172792,0.07421117086172792
persistent,0.07411161482677775,0.07411161482677775
codacy com,0.07407898346601774,0.07407898346601774
app codacy,0.07407898346601774,0.07407898346601774
https app,0.07399361128117149,0.07399361128117149
error caused,0.07389820141693505,0.07389820141693505
https www,0.073885458116623,0.073885458116623
panic,0.073847395824772,0.073847395824772
2018 1000420,0.07381484728868494,0.07381484728868494
1000420,0.07381484728868494,0.07381484728868494
1000421,0.07380881925361818,0.07380881925361818
2018 1000421,0.07380881925361818,0.07380881925361818
does open,0.0737490288032889,0.0737490288032889
user machine,0.07374902880328887,0.07374902880328887
2019 9948,0.07372024424436997,0.07372024424436997
9948,0.07372024424436997,0.07372024424436997
notvulnerable,0.0735504606025158,0.0735504606025158
fail_with failure,0.0735504606025158,0.0735504606025158
failure notvulnerable,0.0735504606025158,0.0735504606025158
strange effects,0.07352677352829325,0.07352677352829325
does want,0.07345900706117822,0.07345900706117822
12 13,0.07342701650857675,0.07342701650857675
exploit modules,0.0734111898841193,0.0734111898841193
flask,0.07322693100489158,0.07322693100489158
guards,0.0731582054352913,0.0731582054352913
project add,0.07309602871946362,0.07309602871946362
searching,0.07290384643434276,0.07290384643434276
expired just,0.07275911478052546,0.07275911478052546
default add,0.07275709647146557,0.07275709647146557
think adding,0.0726325975930759,0.0726325975930759
possible maybe,0.07255148429098172,0.07255148429098172
effect,0.07254717963591635,0.07254717963591635
valid session,0.07253446063722853,0.07253446063722853
immediately,0.07247040847992534,0.07247040847992534
refsource,0.07242008489498544,0.07242008489498544
authentication read,0.07242008489498544,0.07242008489498544
legit,0.07240602300646834,0.07240602300646834
código,0.07232690005675486,0.07232690005675486
git,0.07231769377196888,0.07231769377196888
nist gov,0.07216903587844035,0.07216903587844035
new version,0.07213059228777698,0.07213059228777698
flake,0.07208214605164028,0.07208214605164028
24,0.07207977176546027,0.07207977176546027
ranking,0.0719898258267682,0.0719898258267682
exploit ranking,0.0719898258267682,0.0719898258267682
wiki exploit,0.0719898258267682,0.0719898258267682
io organizations,0.07174159945678832,0.07174159945678832
privilege user,0.07173874454523733,0.07173874454523733
correctly user,0.07173506722022419,0.07173506722022419
cross domain,0.0716408534506001,0.0716408534506001
definitely security,0.0716171914484849,0.0716171914484849
decrease,0.07153367116741174,0.07153367116741174
furthermore,0.07152113260477384,0.07152113260477384
store data,0.07149877741259605,0.07149877741259605
terminated,0.07145899043344343,0.07145899043344343
returned server,0.07117707323583272,0.07117707323583272
encoders,0.07114981054765425,0.07114981054765425
handle situation,0.07099627131719936,0.07099627131719936
pq,0.07098682537380398,0.07098682537380398
managers,0.07098537940696138,0.07098537940696138
server needs,0.07087544721409544,0.07087544721409544
triggering,0.07087201620600164,0.07087201620600164
token contract,0.07084432082251539,0.07084432082251539
flexible,0.07071524558974243,0.07071524558974243
che,0.0705908047651683,0.0705908047651683
security html,0.0705483426070358,0.0705483426070358
add secret,0.07051847225846333,0.07051847225846333
change password,0.07048986136619674,0.07048986136619674
tracking,0.07048874909410727,0.07048874909410727
ruby return,0.0702693127215267,0.0702693127215267
key security,0.07009449066214098,0.07009449066214098
affected,0.07003876604455771,0.07003876604455771
para,0.06996231119834861,0.06996231119834861
conditionally,0.06971083408677609,0.06971083408677609
enabled config,0.06958595706402027,0.06958595706402027
exploit use,0.06958595706402025,0.06958595706402025
non interactive,0.06952170204941627,0.06952170204941627
specifics,0.06941385480801192,0.06941385480801192
okular,0.06928981298753513,0.06928981298753513
fun,0.0692799272033547,0.0692799272033547
bp,0.06924286934309937,0.06924286934309937
fine use,0.06921494407240661,0.06921494407240661
overwrite,0.0690992114715476,0.0690992114715476
construct,0.06897794160194143,0.06897794160194143
sonarcloud io,0.06886506164755327,0.06886506164755327
nit xss,0.06879561341228407,0.06879561341228407
slice,0.06875223829119335,0.06875223829119335
list section,0.06871067086554607,0.06871067086554607
reverse,0.0686948465533267,0.0686948465533267
vulnerability app,0.06860533488019328,0.06860533488019328
think depends,0.06860533488019328,0.06860533488019328
submit,0.06853597108137503,0.06853597108137503
check fail,0.06846475891340191,0.06846475891340191
related change,0.068431636667434,0.068431636667434
sonarcloud,0.06840779031987637,0.06840779031987637
https sonarcloud,0.06840779031987637,0.06840779031987637
check csrf,0.06820229686566294,0.06820229686566294
reason prefer,0.06816127071393316,0.06816127071393316
separate function,0.06811400038474359,0.06811400038474359
master branch,0.06806750326345955,0.06806750326345955
like need,0.06805937653298073,0.06805937653298073
token csrf,0.06803241718548325,0.06803241718548325
nullable,0.0678400851474882,0.0678400851474882
io en,0.06781657653605613,0.06781657653605613
html javascript,0.06781657653605612,0.06781657653605612
__init__,0.06737397262986139,0.06737397262986139
garbage,0.06733333384629557,0.06733333384629557
unsecure,0.06733287555792443,0.06733287555792443
unsecure sql,0.06733287555792443,0.06733287555792443
string format,0.06733287555792443,0.06733287555792443
format unsecure,0.06733287555792443,0.06733287555792443
generates,0.06732277687669704,0.06732277687669704
article,0.06728326023753942,0.06728326023753942
com blog,0.06717652379584357,0.06717652379584357
invite,0.06711834554631127,0.06711834554631127
planning,0.06709524708565374,0.06709524708565374
questions,0.06694128022351169,0.06694128022351169
decides,0.06683177376880105,0.06683177376880105
qa,0.06678517306568993,0.06678517306568993
configures,0.06674076446422579,0.06674076446422579
stack overflow,0.06670379405687979,0.06670379405687979
thanks pointing,0.06661970852198038,0.06661970852198038
checking new,0.06660938936688937,0.06660938936688937
include,0.06660771399217794,0.06660771399217794
na,0.06655001846610555,0.06655001846610555
127,0.0665275472054538,0.0665275472054538
team,0.06645077804761587,0.06645077804761587
grunt,0.06630359738153757,0.06630359738153757
app ml,0.06625623972541968,0.06625623972541968
3431019,0.06625623972541968,0.06625623972541968
agents ml,0.06625623972541968,0.06625623972541968
prid 3431019,0.06625623972541968,0.06625623972541968
agents pullrequest,0.06625623972541968,0.06625623972541968
classification,0.06618272990686173,0.06618272990686173
batch,0.06610880762392808,0.06610880762392808
superuser,0.06605206465824641,0.06605206465824641
secret data,0.0660371479709607,0.0660371479709607
blowfish,0.06602369358976407,0.06602369358976407
prepared,0.06602268943518382,0.06602268943518382
extra security,0.06600059398388222,0.06600059398388222
ftp,0.06597800267477107,0.06597800267477107
kbuild msap,0.06594696217665237,0.06594696217665237
sonarqube kbuild,0.06594696217665237,0.06594696217665237
kbuild,0.06594696217665237,0.06594696217665237
msap io,0.06594696217665237,0.06594696217665237
msap,0.06594696217665237,0.06594696217665237
good behavior,0.06593228418205546,0.06593228418205546
finding,0.0659296649397082,0.0659296649397082
tool,0.06588215616727133,0.06588215616727133
various,0.0658812303582022,0.0658812303582022
va,0.06587707282303411,0.06587707282303411
csrf issue,0.06576013137636304,0.06576013137636304
use mix,0.06576013137636304,0.06576013137636304
matter kind,0.06576013137636304,0.06576013137636304
forge,0.06576013137636302,0.06576013137636302
mainly,0.06574867813505934,0.06574867813505934
visiting,0.06557635419642893,0.06557635419642893
oep https,0.06556377832357961,0.06556377832357961
edx open,0.06556377832357961,0.06556377832357961
edx proposals,0.06556377832357961,0.06556377832357961
session session,0.06555015100702555,0.06555015100702555
use login,0.0655323198651248,0.0655323198651248
windows local,0.06547314730726334,0.06547314730726334
r7,0.06544678845204528,0.06544678845204528
browse,0.06538950968103546,0.06538950968103546
schedule,0.06533526538757298,0.06533526538757298
suggestion user,0.06530487199644097,0.06530487199644097
worth noting,0.06527814804629983,0.06527814804629983
using module,0.0652595542820027,0.0652595542820027
chain,0.06504439803310216,0.06504439803310216
security attacks,0.06495914692800248,0.06495914692800248
string concatenation,0.06495914692800246,0.06495914692800246
gcm,0.06476899205176281,0.06476899205176281
report,0.0645861401208611,0.0645861401208611
worried,0.06457493383528728,0.06457493383528728
repeating,0.06447463625399615,0.06447463625399615
embed,0.06433062016867591,0.06433062016867591
parameter passed,0.06428902744299171,0.06428902744299171
javascript code,0.06428368516357187,0.06428368516357187
az,0.06428215506919913,0.06428215506919913
update commit,0.06422304896330545,0.06422304896330545
jq,0.06422117571282032,0.06422117571282032
think add,0.06421641507742445,0.06421641507742445
https sonarqube,0.06418309145381537,0.06418309145381537
sonarqube,0.06418309145381537,0.06418309145381537
instead https,0.0641359288167627,0.0641359288167627
tricky,0.06398764217995345,0.06398764217995345
potential buffer,0.06389007661849234,0.06389007661849234
constructor,0.06387468935770609,0.06387468935770609
reliable,0.06382296356368108,0.06382296356368108
engines,0.06367080610278611,0.06367080610278611
sdk,0.06348505277299386,0.06348505277299386
com assets,0.06343622540832025,0.06343622540832025
png issue,0.06343622540832025,0.06343622540832025
favicon,0.06343622540832025,0.06343622540832025
assets images,0.06343622540832025,0.06343622540832025
favicon png,0.06343622540832025,0.06343622540832025
codacy https,0.06343622540832025,0.06343622540832025
images favicon,0.06343622540832025,0.06343622540832025
central,0.0633085545076388,0.0633085545076388
virtual,0.06310244906803525,0.06310244906803525
listed,0.06298565379064883,0.06298565379064883
security fixes,0.06296879006047777,0.06296879006047777
uri,0.06286038674066806,0.06286038674066806
spot,0.06267555458436985,0.06267555458436985
tho,0.06264311616623922,0.06264311616623922
datetime,0.06264122988228273,0.06264122988228273
approach wrap,0.06263816814916519,0.06263816814916519
ready release,0.06257482482429827,0.06257482482429827
zero,0.0625339377816453,0.0625339377816453
mini,0.06250849263206808,0.06250849263206808
sends events,0.0623799450441392,0.0623799450441392
effective,0.062263410554086344,0.062263410554086344
game,0.06223253532547995,0.06223253532547995
necessary able,0.06222176270031503,0.06222176270031503
rating,0.062197709196797034,0.062197709196797034
indicates,0.06208649308970529,0.06208649308970529
vulnerable change,0.062080827860063977,0.062080827860063977
compatibility,0.06199942817887786,0.06199942817887786
cookie sent,0.06195134181553212,0.06195134181553212
token authenticate,0.06188152838164195,0.06188152838164195
introduce,0.0618097077353886,0.0618097077353886
bail,0.0614931292597134,0.0614931292597134
means user,0.061479199464326596,0.061479199464326596
minor,0.061371986057528756,0.061371986057528756
enhancement,0.061370676735798387,0.061370676735798387
differences,0.061348084125526794,0.061348084125526794
don test,0.06130864592229802,0.06130864592229802
following example,0.061155096856638176,0.061155096856638176
check really,0.061146198923894765,0.061146198923894765
scenarios,0.06113305486669106,0.06113305486669106
local,0.06112457101990958,0.06112457101990958
twitter,0.06086974767082236,0.06086974767082236
csrf param,0.06077425680458434,0.06077425680458434
cheatsheets,0.060747740546803916,0.060747740546803916
master cheatsheets,0.060747740546803916,0.060747740546803916
api data,0.060601990397958355,0.060601990397958355
interpolation,0.060599841643922195,0.060599841643922195
benefit,0.06055015317329809,0.06055015317329809
build,0.06044025952670233,0.06044025952670233
discovered,0.060436855745112615,0.060436855745112615
inheritance,0.06043221543763128,0.06043221543763128
squid,0.06039254576766447,0.06039254576766447
400,0.060349863179241514,0.060349863179241514
future just,0.06025256858916761,0.06025256858916761
frequently,0.05979512692990987,0.05979512692990987
shorter,0.05957248765722403,0.05957248765722403
assignment,0.05956042962803512,0.05956042962803512
disable,0.059440941496936704,0.059440941496936704
right,0.05909592000843802,0.05909592000843802
storing password,0.05905479317252556,0.05905479317252556
recent,0.058925453652023126,0.058925453652023126
version package,0.05883163949789537,0.05883163949789537
openapi authentication,0.058779804691275424,0.058779804691275424
authentication yaml,0.058779804691275424,0.058779804691275424
approaches,0.058761710033155334,0.058761710033155334
reflects,0.058691392992400754,0.058691392992400754
version string,0.05866900108382066,0.05866900108382066
precedent,0.05857430928733888,0.05857430928733888
thing add,0.05852459011872966,0.05852459011872966
code node,0.05851846699765449,0.05851846699765449
react dom,0.058509927901672046,0.058509927901672046
like going,0.05842125233359046,0.05842125233359046
passwords stored,0.05825873200160791,0.05825873200160791
think need,0.05813192812626867,0.05813192812626867
defined exploit,0.05812986791364257,0.05812986791364257
surfaced,0.05810938880582138,0.05810938880582138
stateless reset,0.05795699802393576,0.05795699802393576
want users,0.05792144129532161,0.05792144129532161
compilers,0.057894284053502935,0.057894284053502935
test ensure,0.05788505119740699,0.05788505119740699
promote,0.05773843698308196,0.05773843698308196
mytardis pullrequest,0.05759056434210524,0.05759056434210524
defusedxml package,0.057577744841757345,0.057577744841757345
package make,0.057577744841757345,0.057577744841757345
make su,0.057577744841757345,0.057577744841757345
celementtree equivalent,0.057577744841757345,0.057577744841757345
equivalent defusedxml,0.057577744841757345,0.057577744841757345
celementtree parse,0.057577744841757345,0.057577744841757345
maybe real,0.057383401840995364,0.057383401840995364
instances,0.05724865833974963,0.05724865833974963
need default,0.05723074464603677,0.05723074464603677
sent request,0.05719221560840261,0.05719221560840261
add following,0.057159957873581475,0.057159957873581475
control use,0.057130595587437175,0.057130595587437175
concepts configuration,0.05712474027934935,0.05712474027934935
use tls,0.05706619634765628,0.05706619634765628
containers,0.056856266449740886,0.056856266449740886
just makes,0.05670037514273745,0.05670037514273745
minimal permissions,0.05657521240108324,0.05657521240108324
apm server,0.05655761614659188,0.05655761614659188
apm,0.05655761614659188,0.05655761614659188
doesn run,0.05654082782446489,0.05654082782446489
stateless,0.05643760924307136,0.05643760924307136
gauge,0.05643189856178596,0.05643189856178596
gauge occurrence,0.05643189856178596,0.05643189856178596
number categories,0.05643189856178596,0.05643189856178596
vulnerabilities gauge,0.05643189856178596,0.05643189856178596
categories vulnerabilities,0.05643189856178596,0.05643189856178596
occurrence number,0.05643189856178596,0.05643189856178596
detected aqua,0.05643189856178596,0.05643189856178596
vulnerabilities detected,0.05643189856178596,0.05643189856178596
aqua vulns,0.05643189856178596,0.05643189856178596
suggestion aqua,0.05643189856178596,0.05643189856178596
aqua vulnerabilities,0.05643189856178596,0.05643189856178596
aqua aqua,0.05643189856178596,0.05643189856178596
images githubusercontent,0.056284704717562764,0.056284704717562764
user images,0.056284704717562764,0.056284704717562764
https user,0.056284704717562764,0.056284704717562764
en latest,0.0562719419384691,0.0562719419384691
cloud hosting,0.0562367260776467,0.0562367260776467
403,0.05607126645967894,0.05607126645967894
vulnerable case,0.05604050330215583,0.05604050330215583
npmjs,0.055995827634162484,0.055995827634162484
versioned,0.055973577357355545,0.055973577357355545
belongs,0.05586274074710302,0.05586274074710302
questions 7381974,0.05577229815169999,0.05577229815169999
escaped html,0.05577229815169999,0.05577229815169999
7381974 characters,0.05577229815169999,0.05577229815169999
need escaped,0.05577229815169999,0.05577229815169999
suggestion react,0.05577229815169999,0.05577229815169999
characters need,0.05577229815169999,0.05577229815169999
7381974,0.05577229815169999,0.05577229815169999
http stackoverflow,0.05577229815169999,0.05577229815169999
mb,0.05572258692118332,0.05572258692118332
imports,0.055686877600421236,0.055686877600421236
optionally,0.05564337040418045,0.05564337040418045
currently don,0.05557146795021636,0.05557146795021636
blocking,0.05547611456444668,0.05547611456444668
owned,0.055392426659435196,0.055392426659435196
githubusercontent,0.05521439023277268,0.05521439023277268
githubusercontent com,0.05521439023277268,0.05521439023277268
strings subject,0.05519443242297161,0.05519443242297161
concatenating strings,0.055194432422971604,0.055194432422971604
subject sql,0.055194432422971604,0.055194432422971604
like potential,0.05519254975158748,0.05519254975158748
hook,0.05516349032174012,0.05516349032174012
prs,0.05511256789070427,0.05511256789070427
extracted,0.0551078965800117,0.0551078965800117
server blob,0.05501894450599592,0.05501894450599592
date vulnerable,0.05498471113408246,0.05498471113408246
2014 0593,0.05491865230553984,0.05491865230553984
0593,0.05491865230553984,0.05491865230553984
site,0.05486996712525258,0.05486996712525258
item,0.05475364235213586,0.05475364235213586
misconfigured,0.05474758357238701,0.05474758357238701
dates,0.05473521069623316,0.05473521069623316
attacker exploit,0.05468954529680989,0.05468954529680989
aws account,0.05468954529680989,0.05468954529680989
echo,0.05456707974097756,0.05456707974097756
40,0.05447900689134032,0.05447900689134032
imagine situation,0.05447188518685192,0.05447188518685192
develop,0.05446786909775813,0.05446786909775813
applications,0.05436248704965225,0.05436248704965225
doesn make,0.05426061238887857,0.05426061238887857
classes interfaces,0.05425030257903874,0.05425030257903874
version checking,0.05419825045540257,0.05419825045540257
blockchain,0.05414029637696258,0.05414029637696258
checkcode appears,0.05404756295060053,0.05404756295060053
esc_sql,0.05398288608397995,0.05398288608397995
devel,0.05392864608658015,0.05392864608658015
operators,0.053915836175226876,0.053915836175226876
avoid using,0.05389303298396721,0.05389303298396721
defense,0.05385303129655692,0.05385303129655692
_validation_,0.0538242749169107,0.0538242749169107
fields just,0.0538242749169107,0.0538242749169107
facebook instagram,0.0538242749169107,0.0538242749169107
protect xss,0.0538242749169107,0.0538242749169107
just free,0.0538242749169107,0.0538242749169107
instagram,0.0538242749169107,0.0538242749169107
_sanitisation_ applied,0.0538242749169107,0.0538242749169107
text protect,0.0538242749169107,0.0538242749169107
_sanitisation_,0.0538242749169107,0.0538242749169107
free text,0.0538242749169107,0.0538242749169107
_validation_ _sanitisation_,0.0538242749169107,0.0538242749169107
instagram fields,0.0538242749169107,0.0538242749169107
applied facebook,0.0538242749169107,0.0538242749169107
ripe,0.05381926370787896,0.05381926370787896
publish,0.05365085303766718,0.05365085303766718
makes things,0.05350519743657835,0.05350519743657835
security anti,0.053492144594459966,0.053492144594459966
forgery token,0.053492144594459966,0.053492144594459966
lead buffer,0.053459427529209784,0.053459427529209784
concatenating,0.053389956635249404,0.053389956635249404
vulnerable functionality,0.05318709178044892,0.05318709178044892
reporter,0.053105663031561605,0.053105663031561605
sap,0.052951694487189435,0.052951694487189435
com sap,0.052951694487189435,0.052951694487189435
ram,0.052937268829058526,0.052937268829058526
possible xss,0.05284947013418091,0.05284947013418091
insert text,0.05284947013418091,0.05284947013418091
add add,0.05276354024626301,0.05276354024626301
fairly,0.05270366397193882,0.05270366397193882
2019 03,0.05266643261147538,0.05266643261147538
container images,0.05262156671464347,0.05262156671464347
web server,0.05260146010689616,0.05260146010689616
wing ftp,0.052459542199657344,0.052459542199657344
ftp server,0.052459542199657344,0.052459542199657344
wing,0.052459542199657344,0.052459542199657344
security profiles,0.05245370375765421,0.05245370375765421
bit scary,0.05244361245839526,0.05244361245839526
pixelcollective,0.052427500688214376,0.052427500688214376
ndn,0.052427500688214376,0.052427500688214376
pixelcollective ndn,0.052427500688214376,0.052427500688214376
app pixelcollective,0.052427500688214376,0.052427500688214376
copying,0.05239656726973334,0.05239656726973334
machine running,0.05237600335334876,0.05237600335334876
hashed,0.052325919716475114,0.052325919716475114
hive security,0.05209160569956588,0.05209160569956588
validation user,0.05206606815466889,0.05206606815466889
exploit issue,0.052020339033549017,0.052020339033549017
alternatively,0.051949008082096515,0.051949008082096515
org show_bug,0.05185823595001776,0.05185823595001776
bugzilla mozilla,0.05185823595001776,0.05185823595001776
refactored,0.05182228801958224,0.05182228801958224
module exploits,0.051725436576688044,0.051725436576688044
generate_phar,0.051688576073018876,0.051688576073018876
phar,0.051688576073018876,0.051688576073018876
check application,0.05162696065319655,0.05162696065319655
additional layer,0.05158908106786796,0.05158908106786796
tokens additional,0.05158908106786796,0.05158908106786796
api protection,0.05158908106786796,0.05158908106786796
layer api,0.05158908106786796,0.05158908106786796
vulnerable timing,0.05158595295677281,0.05158595295677281
camelcase css,0.051544078162806144,0.051544078162806144
javascript camelcase,0.051544078162806144,0.051544078162806144
css xss,0.051544078162806144,0.051544078162806144
super important,0.05145924715076155,0.05145924715076155
talk,0.05143613147836984,0.05143613147836984
special,0.05139448074060438,0.05139448074060438
unix domain,0.05125041922278824,0.05125041922278824
shiftleft,0.051222983482806766,0.051222983482806766
need https,0.051211754605089,0.051211754605089
application versions,0.051174165566659956,0.051174165566659956
versions affected,0.051174165566659956,0.051174165566659956
list vulnerable,0.051174165566659956,0.051174165566659956
concepts policy,0.05116817117343817,0.05116817117343817
policy pod,0.05116817117343817,0.05116817117343817
functions like,0.05102211362120654,0.05102211362120654
trust client,0.050999746013815794,0.050999746013815794
destroy,0.050994476093084294,0.050994476093084294
case feel,0.050966579867309486,0.050966579867309486
sockets,0.05093330395889946,0.05093330395889946
way running,0.05088819502842937,0.05088819502842937
create secure,0.05088819502842937,0.05088819502842937
running queries,0.05088819502842937,0.05088819502842937
potential sql,0.050844956484621555,0.050844956484621555
424,0.05083448698985983,0.05083448698985983
pro,0.050834445846116086,0.050834445846116086
optional feature,0.050789018576251226,0.050789018576251226
productco,0.05072789286966548,0.05072789286966548
styopchik productco,0.05072789286966548,0.05072789286966548
app styopchik,0.05072789286966548,0.05072789286966548
styopchik,0.05072789286966548,0.05072789286966548
app rechenmann,0.05072653927363047,0.05072653927363047
rechenmann,0.05072653927363047,0.05072653927363047
expenses,0.05072653927363047,0.05072653927363047
rechenmann expenses,0.05072653927363047,0.05072653927363047
speculative,0.050618906356853184,0.050618906356853184
view,0.05059380587475459,0.05059380587475459
incoming requests,0.05050698778944971,0.05050698778944971
modified version,0.05044820136840415,0.05044820136840415
need happen,0.050393985020394334,0.050393985020394334
pr worth,0.05028302964138735,0.05028302964138735
encrypted decrypted,0.05024550882882395,0.05024550882882395
slightly different,0.05022563021067007,0.05022563021067007
connect probably,0.050215682124767465,0.050215682124767465
show_bug,0.050162830687967376,0.050162830687967376
show_bug cgi,0.050162830687967376,0.050162830687967376
https bugzilla,0.050162830687967376,0.050162830687967376
cgi id,0.050162830687967376,0.050162830687967376
bugzilla,0.050162830687967376,0.050162830687967376
integration tests,0.05010916744174472,0.05010916744174472
path don,0.050080561231997466,0.050080561231997466
protected api,0.049902475306902436,0.049902475306902436
btw,0.04984362935626286,0.04984362935626286
discussed offline,0.049769247974559665,0.049769247974559665
hidden,0.0495915848389859,0.0495915848389859
golfed,0.049504479485987685,0.049504479485987685
external,0.04946846426545143,0.04946846426545143
stripe,0.049437265770342444,0.049437265770342444
dps,0.04941125605012274,0.04941125605012274
use db,0.04940664034219532,0.04940664034219532
use sprintf,0.049406640342195315,0.049406640342195315
addons,0.049353314260701664,0.049353314260701664
blob 11,0.049353314260701664,0.049353314260701664
nie,0.04935267679526476,0.04935267679526476
vulnerability warnings,0.04933467006020306,0.04933467006020306
possible values,0.04930852136108526,0.04930852136108526
memo,0.04925526804192831,0.04925526804192831
httpclient,0.04925345735591759,0.04925345735591759
csrf csrf_exempt,0.049150839034765394,0.049150839034765394
f401 django,0.049150839034765394,0.049150839034765394
django views,0.049150839034765394,0.049150839034765394
f401,0.049150839034765394,0.049150839034765394
imported unused,0.049150839034765394,0.049150839034765394
views decorators,0.049150839034765394,0.049150839034765394
decorators,0.049150839034765394,0.049150839034765394
csrf_exempt,0.049150839034765394,0.049150839034765394
csrf_exempt imported,0.049150839034765394,0.049150839034765394
decorators csrf,0.049150839034765394,0.049150839034765394
2018 17144,0.04907176980862112,0.04907176980862112
17144,0.04907176980862112,0.04907176980862112
security measures,0.0490512988836285,0.0490512988836285
likewise,0.04903895153981326,0.04903895153981326
consumers,0.04902533667176515,0.04902533667176515
taken,0.04897269010817558,0.04897269010817558
02,0.048970690367636266,0.048970690367636266
smart contract,0.048921023294498295,0.048921023294498295
concatenation,0.048920463216738555,0.048920463216738555
linux local,0.04891523605809873,0.04891523605809873
injection input,0.04889871696593763,0.04889871696593763
respectively,0.048687961384047795,0.048687961384047795
owner,0.048454802141612664,0.048454802141612664
need password,0.048445164618284554,0.048445164618284554
permitted,0.048389038371423256,0.048389038371423256
set defaults,0.048367623465007434,0.048367623465007434
infer,0.04834037639204551,0.04834037639204551
vulnerable application,0.04820341333161599,0.04820341333161599
implode needs,0.0481761693322141,0.0481761693322141
esc_sql avoid,0.0481761693322141,0.0481761693322141
needs surrounded,0.0481761693322141,0.0481761693322141
surrounded esc_sql,0.0481761693322141,0.0481761693322141
permission pod,0.04780367279275406,0.04780367279275406
field permission,0.04780367279275406,0.04780367279275406
secret directly,0.04780367279275406,0.04780367279275406
directly environment,0.04780367279275406,0.04780367279275406
variable field,0.04780367279275406,0.04780367279275406
file changed,0.047777225180002776,0.047777225180002776
package lock,0.047721767930207624,0.047721767930207624
change request,0.04736953313130451,0.04736953313130451
4444,0.047351668172837556,0.047351668172837556
scripting https,0.04732181930779747,0.04732181930779747
really means,0.0472547573382932,0.0472547573382932
overflow check,0.047250661967255615,0.047250661967255615
guess prefer,0.04719306313774791,0.04719306313774791
problem generator,0.04699204858946398,0.04699204858946398
false consider,0.04694079726226153,0.04694079726226153
default jinja2,0.04694079726226153,0.04694079726226153
jinja2,0.04694079726226153,0.04694079726226153
true mitigate,0.04694079726226153,0.04694079726226153
prid 201,0.04694079726226153,0.04694079726226153
jinja2 sets,0.04694079726226153,0.04694079726226153
using autoescape,0.04694079726226153,0.04694079726226153
issue default,0.04694079726226153,0.04694079726226153
sets autoescape,0.04694079726226153,0.04694079726226153
autoescape false,0.04694079726226153,0.04694079726226153
autoescape true,0.04694079726226153,0.04694079726226153
201,0.04694079726226153,0.04694079726226153
model fields,0.04675462862798723,0.04675462862798723
vulnerabilities https,0.046703887102262365,0.046703887102262365
mitigate xss,0.04670388710226234,0.04670388710226234
dat,0.04664861339804982,0.04664861339804982
prior vulnerable,0.04663065552717554,0.04663065552717554
way detect,0.046597532143165095,0.046597532143165095
use instance,0.046577437245869296,0.046577437245869296
prid 2248393,0.04651260800101074,0.04651260800101074
2248393,0.04651260800101074,0.04651260800101074
xss vulnerabilities,0.04647449918400266,0.04647449918400266
nodes,0.04646684723113027,0.04646684723113027
remote tcp,0.04644852529548088,0.04644852529548088
just let,0.04644852529548088,0.04644852529548088
06,0.04641978197264651,0.04641978197264651
accurate,0.046275909464745316,0.046275909464745316
knowledge,0.04620716641126608,0.04620716641126608
segfault,0.04615551119857757,0.04615551119857757
thinking,0.046116215090205824,0.046116215090205824
verification server,0.04608588412007296,0.04608588412007296
user authorization,0.04599546463670909,0.04599546463670909
noticing,0.04593105354329798,0.04593105354329798
67,0.045866973760843435,0.045866973760843435
specially,0.04577164971016534,0.04577164971016534
token present,0.04539630305717251,0.04539630305717251
info need,0.045347516118528476,0.045347516118528476
reproduce,0.04521151343357405,0.04521151343357405
right wouldn,0.045197342203855295,0.045197342203855295
easier understand,0.04512750477705764,0.04512750477705764
avoid possible,0.04491978441978289,0.04491978441978289
network,0.04488952264205037,0.04488952264205037
sha1,0.04472370149071737,0.04472370149071737
thanks,0.04468968751930107,0.04468968751930107
list supported,0.044667156370006796,0.044667156370006796
injection vulnerability,0.04453482005118131,0.04453482005118131
wa,0.044472429745878006,0.044472429745878006
ip,0.044343972931589024,0.044343972931589024
double check,0.044197092210316334,0.044197092210316334
struct,0.04418243642963856,0.04418243642963856
html dangerouslysetinnerhtml,0.044102851776185455,0.044102851776185455
service used,0.044083673542735236,0.044083673542735236
wants,0.04404826349413244,0.04404826349413244
needs updated,0.04401168434903698,0.04401168434903698
frappe,0.04387513593090731,0.04387513593090731
vjfalk frappe,0.04387513593090731,0.04387513593090731
frappe pullrequest,0.04387513593090731,0.04387513593090731
app vjfalk,0.04387513593090731,0.04387513593090731
vjfalk,0.04387513593090731,0.04387513593090731
throws,0.043865346002075964,0.043865346002075964
extra checks,0.043815307256796616,0.043815307256796616
dramatic,0.04360385035986327,0.04360385035986327
bit dramatic,0.04360385035986327,0.04360385035986327
https stackoverflow,0.0435705803233113,0.0435705803233113
application,0.04356230865545106,0.04356230865545106
documentation modules,0.04345454007931145,0.04345454007931145
modules exploit,0.04345454007931145,0.04345454007931145
buffer size,0.04343237892839096,0.04343237892839096
285,0.043422264615941814,0.043422264615941814
know code,0.04339015886616854,0.04339015886616854
zdi,0.04336297376298796,0.04336297376298796
public disclosure,0.04336297376298795,0.04336297376298795
date public,0.04336297376298795,0.04336297376298795
installing,0.04328149067365468,0.04328149067365468
blog,0.043274975700792154,0.043274975700792154
guidance,0.043190831353024296,0.043190831353024296
reading,0.04316682795629077,0.04316682795629077
viable,0.043065897524415094,0.043065897524415094
predicate,0.04300360468696854,0.04300360468696854
following,0.04276804088140004,0.04276804088140004
semantics,0.04275462298859303,0.04275462298859303
differently,0.04266085728446266,0.04266085728446266
throw new,0.042591900954292355,0.042591900954292355
strictly,0.04257721034774321,0.04257721034774321
_a,0.042437522276658694,0.042437522276658694
need account,0.04223257063504872,0.04223257063504872
entire,0.04217792688467359,0.04217792688467359
function way,0.04213057857993705,0.04213057857993705
implemented new,0.04213014057386378,0.04213014057386378
signer,0.04213010664717522,0.04213010664717522
unsupported,0.04208210391312249,0.04208210391312249
test code,0.04208101694615747,0.04208101694615747
partial,0.041984371143919695,0.041984371143919695
wouldn work,0.04166375005675803,0.04166375005675803
scalability,0.04156939556345171,0.04156939556345171
getter,0.041559631868411884,0.041559631868411884
need careful,0.041448960446082796,0.041448960446082796
issued,0.04130142684822086,0.04130142684822086
strict rule,0.041240400107402826,0.041240400107402826
contents,0.04123071290856164,0.04123071290856164
doesn mean,0.04122844839533979,0.04122844839533979
turning,0.04122640943274562,0.04122640943274562
need way,0.04117700104465829,0.04117700104465829
rce exploits,0.0411468992302111,0.0411468992302111
webrce,0.04114689923021109,0.04114689923021109
1st,0.04102392934229574,0.04102392934229574
really work,0.041023929342295734,0.041023929342295734
set correct,0.04101582042442315,0.04101582042442315
prevent denial,0.04093726574482462,0.04093726574482462
use authentication,0.04081368632763762,0.04081368632763762
encoder,0.04072208361779619,0.04072208361779619
exploit failed,0.04072208361779619,0.04072208361779619
like make,0.0406693717249633,0.0406693717249633
bit confusing,0.04062108615012182,0.04062108615012182
span,0.04058186660561829,0.04058186660561829
org library,0.04051379549208848,0.04051379549208848
docs python,0.04051379549208848,0.04051379549208848
python org,0.04051379549208848,0.04051379549208848
able set,0.0404683939063566,0.0404683939063566
just wanted,0.04032097309516037,0.04032097309516037
smells,0.040312001790357405,0.040312001790357405
smells like,0.040312001790357405,0.040312001790357405
operation requires,0.04028980757968773,0.04028980757968773
code works,0.040263374067496714,0.040263374067496714
gatsby,0.04025805439752469,0.04025805439752469
request header,0.040252314977824985,0.040252314977824985
allow credentials,0.040244372941487375,0.040244372941487375
open security,0.04016608398260367,0.04016608398260367
certain,0.039915416716228905,0.039915416716228905
object model,0.03984674887346307,0.03984674887346307
option settings,0.039796900973268844,0.039796900973268844
folks,0.03979203127130424,0.03979203127130424
fetch,0.03973899832927359,0.03973899832927359
vendor,0.03969221873448346,0.03969221873448346
reports,0.03946056180427417,0.03946056180427417
registry,0.039449622045888075,0.039449622045888075
downloaded,0.03943277210127153,0.03943277210127153
resolving,0.03934932240904909,0.03934932240904909
suffix,0.03934286264770483,0.03934286264770483
https reactjs,0.03924987432121572,0.03924987432121572
elements html,0.03924987432121572,0.03924987432121572
docs dom,0.03924987432121572,0.03924987432121572
dom elements,0.03924987432121572,0.03924987432121572
recently,0.03901780472952454,0.03901780472952454
like xss,0.0389940784420771,0.0389940784420771
ve created,0.03892913026104212,0.03892913026104212
xss think,0.03891572678835997,0.03891572678835997
filename,0.03868928771586858,0.03868928771586858
kunnen,0.0386665712837442,0.0386665712837442
fix vulnerability,0.03864199999821331,0.03864199999821331
en blog,0.038541605982906894,0.038541605982906894
propose,0.0382060099774856,0.0382060099774856
references,0.038089849382406865,0.038089849382406865
generally don,0.03799617954704821,0.03799617954704821
ll leave,0.03796599546435511,0.03796599546435511
api public,0.037929936213684026,0.037929936213684026
scenario implemented,0.037859498288152146,0.037859498288152146
consider adding,0.03764356216454792,0.03764356216454792
just thinking,0.037607424739466336,0.037607424739466336
key auth,0.03760208629789253,0.03760208629789253
users able,0.037492277382704005,0.037492277382704005
going forward,0.037385748702927664,0.037385748702927664
hackers,0.03719305093943915,0.03719305093943915
count,0.037183379438549484,0.037183379438549484
oep,0.03716016406873272,0.03716016406873272
hurt,0.03705435674454787,0.03705435674454787
18 19,0.03705190904889975,0.03705190904889975
time,0.037039488079348426,0.037039488079348426
em,0.0369480505243058,0.0369480505243058
commit secret,0.03692811164090508,0.03692811164090508
jvm,0.036898979102241075,0.036898979102241075
got security,0.036869021196605865,0.036869021196605865
columns,0.036798582968136984,0.036798582968136984
sonar github,0.03674513020848378,0.03674513020848378
https sonarsource,0.03674513020848378,0.03674513020848378
sonarsource github,0.03674513020848378,0.03674513020848378
io sonar,0.03674513020848378,0.03674513020848378
need better,0.03670807440300254,0.03670807440300254
sonarsource,0.03670589784362367,0.03670589784362367
write permission,0.03665331510145948,0.03665331510145948
tbh,0.03661153062242822,0.03661153062242822
12345,0.03648276421137754,0.03648276421137754
surrounded,0.036453160941030335,0.036453160941030335
fetch api,0.03642242291071323,0.03642242291071323
query,0.036218094557484086,0.036218094557484086
locations,0.0361533372110135,0.0361533372110135
admin doesn,0.03610660851703632,0.03610660851703632
user token,0.03601244155618228,0.03601244155618228
html strings,0.03598249676721763,0.03598249676721763
xss potential,0.03598249676721762,0.03598249676721762
rocket,0.0359608281000721,0.0359608281000721
string contains,0.035621900322536544,0.035621900322536544
poor,0.03556082880495061,0.03556082880495061
certificate verify,0.035523530570292235,0.035523530570292235
class check,0.03548999750706288,0.03548999750706288
complaining,0.03544934105530969,0.03544934105530969
maybe like,0.035448499709492494,0.035448499709492494
hub,0.03541754354821224,0.03541754354821224
encounter,0.035308899826562094,0.035308899826562094
18 18,0.03527544662030369,0.03527544662030369
19 19,0.03527544662030369,0.03527544662030369
prid 2853123,0.035202991851264936,0.035202991851264936
codechecker codechecker,0.035202991851264936,0.035202991851264936
2853123,0.035202991851264936,0.035202991851264936
app codechecker,0.035202991851264936,0.035202991851264936
fips,0.03519187386242939,0.03519187386242939
https access,0.03508984142152357,0.03508984142152357
access redhat,0.03508984142152357,0.03508984142152357
api add,0.03508259106302033,0.03508259106302033
plug,0.03501863993906777,0.03501863993906777
turns,0.03481597587213058,0.03481597587213058
ve removed,0.0347122946324961,0.0347122946324961
ok thanks,0.03456805592056713,0.03456805592056713
constructing,0.03450744030660776,0.03450744030660776
linux,0.034463784923579086,0.034463784923579086
looks,0.034442954531516766,0.034442954531516766
similarly,0.03440798073025152,0.03440798073025152
occurences,0.03432941716851455,0.03432941716851455
vulnerability affects,0.03426702998499298,0.03426702998499298
framework api,0.034267029984992974,0.034267029984992974
atlassian,0.03408671771604906,0.03408671771604906
effort,0.033948518846034864,0.033948518846034864
google com,0.03393090661396628,0.03393090661396628
shouldn need,0.03382972447342687,0.03382972447342687
issues,0.03382178667804461,0.03382178667804461
check null,0.03380231532168983,0.03380231532168983
switching,0.03371256611155955,0.03371256611155955
fields field,0.03364678323806057,0.03364678323806057
choices,0.03350867677229775,0.03350867677229775
separate pr,0.033469428148288,0.033469428148288
prior,0.03343469667078904,0.03343469667078904
type options,0.033235220247481434,0.033235220247481434
laravel,0.033154495683793264,0.033154495683793264
vulnerability exists,0.03314673536086824,0.03314673536086824
market,0.03284947705672698,0.03284947705672698
systemd,0.03275224629987401,0.03275224629987401
ve changed,0.03260708578898728,0.03260708578898728
security hazard,0.032605322691750434,0.032605322691750434
hazard,0.032605322691750434,0.032605322691750434
fiware,0.03251573617994531,0.03251573617994531
feedback,0.03249169389909875,0.03249169389909875
entering,0.03244933163210211,0.03244933163210211
ukcloud,0.03242340395276823,0.03242340395276823
rendered,0.03239229025660903,0.03239229025660903
intend,0.032334778201273395,0.032334778201273395
drafted,0.0322568401032211,0.0322568401032211
passing value,0.0321645574075601,0.0321645574075601
fr,0.03204244038345114,0.03204244038345114
validation input,0.032030639008783834,0.032030639008783834
nodes vulnerable,0.03196978457495799,0.03196978457495799
ot,0.03196978457495797,0.03196978457495797
worth using,0.03189941998306493,0.03189941998306493
ht,0.03181224249713422,0.03181224249713422
function use,0.03159879462276042,0.03159879462276042
wrong user,0.0314508525345702,0.0314508525345702
isn public,0.03125443226942793,0.03125443226942793
app valeaf,0.031223362784620904,0.031223362784620904
valeaf,0.031223362784620904,0.031223362784620904
wordpress,0.031222055432997227,0.031222055432997227
storing access,0.03116195035530193,0.03116195035530193
prefixed,0.03101856240277301,0.03101856240277301
notes,0.031005944982535047,0.031005944982535047
commands don,0.03100067937361575,0.03100067937361575
guru,0.03099704950310461,0.03099704950310461
think time,0.03092056216346287,0.03092056216346287
path like,0.030913965584856592,0.030913965584856592
cacert,0.030857068443375164,0.030857068443375164
wayland,0.030759575823348775,0.030759575823348775
order make,0.03074804870320601,0.03074804870320601
script vulnerable,0.03074804870320599,0.03074804870320599
annoying,0.03067100761826691,0.03067100761826691
conversion,0.030625809740946433,0.030625809740946433
translation,0.030596177986439294,0.030596177986439294
won,0.030524703851071373,0.030524703851071373
v5,0.030427726929858106,0.030427726929858106
allows,0.030385083056760753,0.030385083056760753
token allow,0.03035367549897906,0.03035367549897906
frame,0.030213094303025278,0.030213094303025278
inject arbitrary,0.03020007139791609,0.03020007139791609
open edx,0.0301388173431769,0.0301388173431769
optimizations,0.030078846917558764,0.030078846917558764
ap,0.030039760772399178,0.030039760772399178
handles,0.02997404844801441,0.02997404844801441
value input,0.029818595109196957,0.029818595109196957
trying cover,0.029697109436712915,0.029697109436712915
password user,0.029350083381772998,0.029350083381772998
excessive,0.02916476610109673,0.02916476610109673
applicable,0.029113313493290622,0.029113313493290622
www,0.029034428986224717,0.029034428986224717
work new,0.02885426095011103,0.02885426095011103
add sentence,0.02884384437350897,0.02884384437350897
proper validation,0.02882367470086902,0.02882367470086902
bundle,0.028694992356881825,0.028694992356881825
master security,0.028467425836120417,0.028467425836120417
information specific,0.0283755238580649,0.0283755238580649
password directly,0.028279831457377665,0.028279831457377665
crypto,0.02823832503938683,0.02823832503938683
using party,0.027786580553360966,0.027786580553360966
symfony component,0.027729648225101794,0.027729648225101794
doesn return,0.02769456451499157,0.02769456451499157
vulnerable xss,0.027688500527391444,0.027688500527391444
suspect,0.027616230858874807,0.027616230858874807
todo,0.027466035438496263,0.027466035438496263
impacts,0.027449090868356316,0.027449090868356316
sync,0.02736333009551377,0.02736333009551377
ll remove,0.027249745916955056,0.027249745916955056
plan,0.027236794806539934,0.027236794806539934
injection vector,0.02723282727413957,0.02723282727413957
based query,0.02723282727413957,0.02723282727413957
construction https,0.02723282727413957,0.02723282727413957
construction,0.02723282727413957,0.02723282727413957
vector string,0.02723282727413957,0.02723282727413957
string based,0.02723282727413957,0.02723282727413957
query construction,0.02723282727413957,0.02723282727413957
usually don,0.02720332262074919,0.02720332262074919
wrong case,0.027130118200169386,0.027130118200169386
deleting,0.027085883216642587,0.027085883216642587
reword like,0.026991716082776767,0.026991716082776767
server vulnerable,0.026645247444912503,0.026645247444912503
version check,0.026645247444912503,0.026645247444912503
severity,0.026577463874746094,0.026577463874746094
new test,0.026515631517313124,0.026515631517313124
pick,0.02647582781697003,0.02647582781697003
wordpress security,0.026356729459690396,0.026356729459690396
injection string,0.02631615487251146,0.02631615487251146
500,0.026055777002578204,0.026055777002578204
like ruby,0.025814294754744848,0.025814294754744848
service vulnerable,0.02581429475474484,0.02581429475474484
make easier,0.02579138626642604,0.02579138626642604
listen,0.02568795987680679,0.02568795987680679
correction,0.025672156882920308,0.025672156882920308
16,0.025666574235464108,0.025666574235464108
exploits vulnerability,0.02566291313230042,0.02566291313230042
quite sure,0.02564625718812546,0.02564625718812546
free bug,0.025532236731720632,0.025532236731720632
sequence,0.025439161936366937,0.025439161936366937
github com,0.025386769414633126,0.025386769414633126
token security,0.025230505543812013,0.025230505543812013
impossible condition,0.025064438359942733,0.025064438359942733
want include,0.025051001301683768,0.025051001301683768
behaves,0.024975121555577236,0.024975121555577236
nitpick,0.0249703460480149,0.0249703460480149
isn true,0.02492454916361476,0.02492454916361476
reply,0.02485706187617809,0.02485706187617809
cs https,0.024854703523894836,0.024854703523894836
thinks,0.02475593687009427,0.02475593687009427
whitelisted,0.024614893419083274,0.024614893419083274
duplication,0.02451700404639766,0.02451700404639766
mozilla blurts,0.024466607841876344,0.024466607841876344
blurts,0.024466607841876344,0.024466607841876344
blurts server,0.024466607841876344,0.024466607841876344
understood,0.02441012657898931,0.02441012657898931
case just,0.0243706692025803,0.0243706692025803
checkout,0.02436016905074361,0.02436016905074361
let start,0.024137904325267,0.024137904325267
x86_64,0.02409437659031648,0.02409437659031648
spectre meltdown,0.02407938952535796,0.02407938952535796
meltdown,0.02407938952535796,0.02407938952535796
endpoint,0.02387082148575599,0.02387082148575599
intentional suggestion,0.023841674251714642,0.023841674251714642
sure intentional,0.023841674251714642,0.023841674251714642
avoid running,0.023840437793228534,0.023840437793228534
client send,0.023785291726234472,0.023785291726234472
tokens authentication,0.02376930655517146,0.02376930655517146
linear,0.023706794037294886,0.023706794037294886
issue change,0.023706794037294886,0.023706794037294886
related stuff,0.023688949628314193,0.023688949628314193
require user,0.023608678050134356,0.023608678050134356
want handle,0.023527848940527302,0.023527848940527302
checkcode vulnerable,0.023455896435143748,0.023455896435143748
letting,0.023440350389776106,0.023440350389776106
filesystem,0.02337300877800429,0.02337300877800429
issue maybe,0.023354545775025208,0.023354545775025208
doesn check,0.023237319142817098,0.023237319142817098
user aws,0.023087817351554733,0.023087817351554733
portfolio,0.022892720249582603,0.022892720249582603
need know,0.022827202165713184,0.022827202165713184
indicates versions,0.022802288994858907,0.022802288994858907
comment needs,0.022802288994858907,0.022802288994858907
vulnerable cve,0.022802288994858907,0.022802288994858907
road rest,0.022751431368764424,0.022751431368764424
com nordic,0.022751431368764424,0.022751431368764424
nordic,0.022751431368764424,0.022751431368764424
nordic institute,0.022751431368764424,0.022751431368764424
rest ui,0.022751431368764424,0.022751431368764424
institute road,0.022751431368764424,0.022751431368764424
api users,0.022751431368764424,0.022751431368764424
institute,0.022751431368764424,0.022751431368764424
belkin_wemo_upnp_exec,0.022745140409823644,0.022745140409823644
upnp belkin_wemo_upnp_exec,0.022745140409823644,0.022745140409823644
belkin_wemo_upnp_exec rb,0.022745140409823644,0.022745140409823644
token used,0.022687280470422094,0.022687280470422094
load,0.02234408833441224,0.02234408833441224
null check,0.022304518513135908,0.022304518513135908
learning,0.02223764211073343,0.02223764211073343
drawbacks,0.022226358864215878,0.022226358864215878
modified,0.022073560921666485,0.022073560921666485
r0,0.02205681202209922,0.02205681202209922
road,0.022007617088252468,0.022007617088252468
upnp,0.02200153180011203,0.02200153180011203
linux upnp,0.022001531800112016,0.022001531800112016
based implementation,0.021797364625235797,0.021797364625235797
eventually,0.021599192564557893,0.021599192564557893
reset password,0.021559157893284088,0.021559157893284088
def,0.021392703481385705,0.021392703481385705
problem security,0.02135979013748974,0.02135979013748974
terms security,0.02128610585049117,0.02128610585049117
added support,0.021237775193146173,0.021237775193146173
thats,0.02107905027267633,0.02107905027267633
bullet,0.021046714896370663,0.021046714896370663
bullet list,0.021046714896370663,0.021046714896370663
early,0.020998417364593337,0.020998417364593337
suggest using,0.020953474329038897,0.020953474329038897
lxd,0.020881594249845436,0.020881594249845436
section need,0.02082998046289033,0.02082998046289033
user does,0.020771352148036343,0.020771352148036343
descriptions,0.020625517793038246,0.020625517793038246
probably implement,0.020549929027378993,0.020549929027378993
code https,0.020535080737028474,0.020535080737028474
writes,0.020516468508642968,0.020516468508642968
signatures,0.020422141810807204,0.020422141810807204
token particular,0.02011825390912638,0.02011825390912638
42,0.020002720500978028,0.020002720500978028
rest api,0.019933720562503938,0.019933720562503938
issue just,0.019932100279712865,0.019932100279712865
don send,0.019844363182560474,0.019844363182560474
issue case,0.019696498363747143,0.019696498363747143
pass value,0.019654671457520468,0.019654671457520468
read secret,0.019622380652615273,0.019622380652615273
comment line,0.019558447508814074,0.019558447508814074
just looked,0.01954705347576995,0.01954705347576995
organizations,0.01949843876411273,0.01949843876411273
statement,0.019347199047254734,0.019347199047254734
hello,0.019301736706264543,0.019301736706264543
swap,0.019164974328589223,0.019164974328589223
don need,0.019112194569037753,0.019112194569037753
com security,0.019029712938982635,0.019029712938982635
think stay,0.018867064463809886,0.018867064463809886
jackson,0.018749410148980638,0.018749410148980638
quick,0.018749239501235103,0.018749239501235103
statically,0.018735899033092727,0.018735899033092727
regarded,0.018673610387979985,0.018673610387979985
value,0.018550488848920438,0.018550488848920438
case want,0.018377364850603956,0.018377364850603956
add todo,0.018361536430800605,0.018361536430800605
like supposed,0.018198642163444606,0.018198642163444606
auth token,0.018186310310797486,0.018186310310797486
use code,0.01810869806232281,0.01810869806232281
inlined,0.018076745661783748,0.018076745661783748
heavy,0.018023439021287103,0.018023439021287103
reading writing,0.017973250301829658,0.017973250301829658
birthday,0.01788686741279378,0.01788686741279378
generator,0.017702565862678838,0.017702565862678838
including,0.017555868438115282,0.017555868438115282
__,0.01748718991540252,0.01748718991540252
theo,0.017378798432686377,0.017378798432686377
protecting legit,0.01733676904117308,0.01733676904117308
reason _not_,0.01733676904117308,0.01733676904117308
legit security,0.01733676904117308,0.01733676904117308
_not_ turned,0.01733676904117308,0.01733676904117308
turned protecting,0.01733676904117308,0.01733676904117308
follow pr,0.01733676904117308,0.01733676904117308
method similar,0.017196505810356037,0.017196505810356037
probably come,0.01715317649288084,0.01715317649288084
70,0.017145646803764198,0.017145646803764198
html xss,0.017099675266454385,0.017099675266454385
changes separate,0.017023008439110535,0.017023008439110535
isn really,0.016971260639155963,0.016971260639155963
add future,0.016935519539716042,0.016935519539716042
initialize,0.016932042180470248,0.016932042180470248
usually used,0.016867074435895163,0.016867074435895163
yes avoid,0.016838072387277244,0.016838072387277244
self contained,0.016818197571076516,0.016818197571076516
using msf,0.016804840890449098,0.016804840890449098
site_scripting,0.016774506462340858,0.016774506462340858
cross site_scripting,0.016774506462340858,0.016774506462340858
lot security,0.016692140750560414,0.016692140750560414
orgs,0.016667117595432056,0.016667117595432056
client code,0.0166263692864215,0.0166263692864215
think users,0.016399263754642946,0.016399263754642946
test,0.01638271180996197,0.01638271180996197
sql query,0.01636578343140142,0.01636578343140142
occurrence,0.016363561361743197,0.016363561361743197
just wondering,0.016298709461752454,0.016298709461752454
static method,0.016273686008607787,0.016273686008607787
exceptions,0.016269080771143765,0.016269080771143765
authentication server,0.016089374988768057,0.016089374988768057
revisit,0.01597297108363871,0.01597297108363871
think security,0.015944719628840028,0.015944719628840028
theoretically,0.0159229930304438,0.0159229930304438
strings,0.01588346269934773,0.01588346269934773
injection possible,0.015842372871541832,0.015842372871541832
clearer,0.015799646299744705,0.015799646299744705
correct,0.015717973490905045,0.015717973490905045
explicitly using,0.015625020105824665,0.015625020105824665
msf core,0.015538431719061767,0.015538431719061767
lib msf,0.015538431719061767,0.015538431719061767
jsx,0.015436327253046396,0.015436327253046396
com app,0.015407918863250743,0.015407918863250743
smaller,0.015376371423134352,0.015376371423134352
use new,0.015330625080326015,0.015330625080326015
error token,0.01532361128997941,0.01532361128997941
explain token,0.015166700225125434,0.015166700225125434
ownership,0.015121425857741398,0.015121425857741398
content type,0.015111847605067697,0.015111847605067697
way template,0.014997492971983243,0.014997492971983243
passport,0.014846298499072862,0.014846298499072862
webhooks,0.014732601609967831,0.014732601609967831
grep,0.014528459510834287,0.014528459510834287
ll want,0.01447426196692385,0.01447426196692385
json file,0.014463809854392811,0.014463809854392811
don remove,0.0144444028152339,0.0144444028152339
response code,0.01436862052871631,0.01436862052871631
clobber,0.014288991675322972,0.014288991675322972
fs,0.014259954036352359,0.014259954036352359
case user,0.014228548233860728,0.014228548233860728
requested,0.014170909373822538,0.014170909373822538
cycles,0.013983759604199557,0.013983759604199557
https nodejs,0.013945397626990466,0.013945397626990466
nodejs org,0.013945397626990466,0.013945397626990466
obviously,0.013941522590746042,0.013941522590746042
preferred,0.013925970248724648,0.013925970248724648
try finally,0.013801877660719618,0.013801877660719618
introduces,0.013704246893147578,0.013704246893147578
wvu,0.013685056338830737,0.013685056338830737
just security,0.013316855582278221,0.013316855582278221
guides rubyonrails,0.01327485338559085,0.01327485338559085
https guides,0.01327485338559085,0.01327485338559085
need bump,0.013215344267335833,0.013215344267335833
work main,0.013012072754057219,0.013012072754057219
access credentials,0.012936971740314232,0.012936971740314232
published,0.012853659533859845,0.012853659533859845
shouldn happen,0.012794258032512237,0.012794258032512237
exploits unix,0.01272710984731267,0.01272710984731267
webapp drupal_restws_unserialize,0.01272710984731267,0.01272710984731267
drupal_restws_unserialize,0.01272710984731267,0.01272710984731267
clients,0.012693830264872868,0.012693830264872868
make csrf,0.012586668067351828,0.012586668067351828
allocation,0.012538861880674455,0.012538861880674455
communicate,0.012481978499805663,0.012481978499805663
extra comment,0.012449262974573168,0.012449262974573168
post requests,0.01228549838113746,0.01228549838113746
good thing,0.012208154412859211,0.012208154412859211
src security,0.0121794106796014,0.0121794106796014
csrf cross,0.012085055483058165,0.012085055483058165
ch ng,0.012085055483058165,0.012085055483058165
hàm protect_from_forgery,0.012085055483058165,0.012085055483058165
hàm,0.012085055483058164,0.012085055483058164
ng,0.012085055483058164,0.012085055483058164
các,0.012085055483058143,0.012085055483058143
does check,0.011994034336247506,0.011994034336247506
unix webapp,0.011988278259031971,0.011988278259031971
webapp,0.011988278259031971,0.011988278259031971
folders,0.011977790685829687,0.011977790685829687
salesforce,0.011872927466483062,0.011872927466483062
concerned security,0.011864526368537182,0.011864526368537182
programatically,0.011797312367023418,0.011797312367023418
block code,0.011721480493854613,0.011721480493854613
protect_from_forgery,0.011689957842677666,0.011689957842677666
ki,0.011689957842677652,0.011689957842677652
công,0.011689957842677652,0.011689957842677652
modal,0.011685787244564457,0.011685787244564457
sudo,0.01160289123885145,0.01160289123885145
suggest use,0.011481089148763538,0.011481089148763538
com apache,0.011470424578615267,0.011470424578615267
super,0.01143631572306297,0.01143631572306297
net core,0.01141101165298281,0.01141101165298281
ajax,0.011401702023728175,0.011401702023728175
apps,0.011394360654710096,0.011394360654710096
async await,0.011393658375658892,0.011393658375658892
assume use,0.011391236813258748,0.011391236813258748
request need,0.011269176450021304,0.011269176450021304
05 22,0.011266817975153385,0.011266817975153385
org apache,0.011218115149729193,0.011218115149729193
reque,0.010965491653737619,0.010965491653737619
remove field,0.010932829281804193,0.010932829281804193
angular,0.010927198264863906,0.010927198264863906
layers,0.010796600027683687,0.010796600027683687
pr title,0.010722222749773415,0.010722222749773415
device,0.010676462989321968,0.010676462989321968
checking,0.010654373615219816,0.010654373615219816
codechecker,0.010624340187770961,0.010624340187770961
righettod,0.010443163645841943,0.010443163645841943
create custom,0.010443163645841943,0.010443163645841943
js context,0.010443163645841922,0.010443163645841922
access js,0.010443163645841922,0.010443163645841922
attacker having,0.010443163645841922,0.010443163645841922
smart contracts,0.010441353038974243,0.010441353038974243
byte string,0.010434226755745015,0.010434226755745015
queue,0.010386445440101704,0.010386445440101704
expanded,0.010320369582688504,0.010320369582688504
previously,0.010242893022379233,0.010242893022379233
pull,0.010212912743421764,0.010212912743421764
demonstrate,0.01013326688558213,0.01013326688558213
protected cross,0.010087940281415877,0.010087940281415877
extra check,0.010068114072515594,0.010068114072515594
isn vulnerable,0.010067597279175102,0.010067597279175102
rsa key,0.010058723394400807,0.010058723394400807
suggestion end,0.009925875875385829,0.009925875875385829
becau,0.009520591528147104,0.009520591528147104
add check,0.00946514446966576,0.00946514446966576
prevent buffer,0.00946514446966576,0.00946514446966576
just start,0.009458084390944255,0.009458084390944255
err nil,0.00943967133862077,0.00943967133862077
need support,0.009438587191853427,0.009438587191853427
string used,0.009350279617678307,0.009350279617678307
mode support,0.009305294168637164,0.009305294168637164
theres,0.009170790111909377,0.009170790111909377
forgery csrf,0.009116577182587737,0.009116577182587737
legrego,0.009027254741004643,0.009027254741004643
markdown rendering,0.009027254741004605,0.009027254741004605
just having,0.00894969998897268,0.00894969998897268
bypasses,0.008749727181842124,0.008749727181842124
kobelb,0.008732126013438212,0.008732126013438212
libc,0.008602130136186412,0.008602130136186412
deserialization vulnerability,0.008530600453346538,0.008530600453346538
error https,0.0085211532812993,0.0085211532812993
var token,0.008474608080923214,0.008474608080923214
service need,0.008262881647589725,0.008262881647589725
88,0.008256355646029287,0.008256355646029287
feasible,0.008139203746215837,0.008139203746215837
additional test,0.00810468842928723,0.00810468842928723
generated,0.008085097537215823,0.008085097537215823
layout,0.008047557158582564,0.008047557158582564
dont,0.007944529273337341,0.007944529273337341
securely,0.007646729110630425,0.007646729110630425
gets set,0.007612968285454066,0.007612968285454066
user provided,0.00760060885360275,0.00760060885360275
prompted,0.007560180069035581,0.007560180069035581
know vulnerable,0.007484473315989111,0.007484473315989111
kinds,0.007453164610980596,0.007453164610980596
value passed,0.007314929839366261,0.007314929839366261
pr just,0.007288044105252846,0.007288044105252846
ed,0.007178858758408541,0.007178858758408541
details,0.007124984458912033,0.007124984458912033
verbs,0.007110059496353241,0.007110059496353241
passed function,0.007066478178914782,0.007066478178914782
64,0.006902122414356313,0.006902122414356313
parse url,0.006898207693567728,0.006898207693567728
like secure,0.006705767457937363,0.006705767457937363
user think,0.0066950895250275505,0.0066950895250275505
likely use,0.006683901023936521,0.006683901023936521
badly,0.006623145624559989,0.006623145624559989
platforms,0.0065385701785805606,0.0065385701785805606
tomorrow,0.006526657195340262,0.006526657195340262
index user,0.006524066922035483,0.006524066922035483
comfortable,0.006432852194287276,0.006432852194287276
innerhtml html,0.006343567318964612,0.006343567318964612
dangerouslysetinnerhtml react,0.006343567318964612,0.006343567318964612
initially,0.006257100556887101,0.006257100556887101
dom innerhtml,0.006136176588915301,0.006136176588915301
site_scripting react,0.006136176588915301,0.006136176588915301
react html,0.006136176588915294,0.006136176588915294
case say,0.006128534636720872,0.006128534636720872
suggestion ensure,0.006124048267012218,0.006124048267012218
like https,0.0061233332498159595,0.0061233332498159595
specific values,0.006064731645738755,0.006064731645738755
compliance,0.005926883044036176,0.005926883044036176
line length,0.00586194285539013,0.00586194285539013
beginning,0.0058258274843222945,0.0058258274843222945
secure way,0.00582560826991454,0.00582560826991454
maybe don,0.005810240676782998,0.005810240676782998
delimited,0.00575520998808187,0.00575520998808187
consume,0.005713379967085416,0.005713379967085416
purposes use,0.005669109482960187,0.005669109482960187
try make,0.005635673484927756,0.005635673484927756
pointer,0.005439260135580636,0.005439260135580636
authenticity_token,0.00528571928847067,0.00528571928847067
capability,0.00521856969871995,0.00521856969871995
reporting security,0.004770391725890451,0.004770391725890451
newest,0.004731792239346951,0.004731792239346951
assumptions,0.004698534179980986,0.004698534179980986
semi,0.004630832860070602,0.004630832860070602
st,0.004629891053834778,0.004629891053834778
segments,0.004551357838850312,0.004551357838850312
reasons don,0.004518993815807076,0.004518993815807076
vulnerable versions,0.00438129543842808,0.00438129543842808
stuck,0.004300806663667494,0.004300806663667494
000,0.0041755211345606055,0.0041755211345606055
returns true,0.004139720683190892,0.004139720683190892
follows,0.004041683899068282,0.004041683899068282
header set,0.0039328351202522205,0.0039328351202522205
iframe,0.00383893525743936,0.00383893525743936
com aspnet,0.003823353033281108,0.003823353033281108
convert,0.003790728375730001,0.003790728375730001
fall,0.0037297730816334656,0.0037297730816334656
99,0.003650133742559592,0.003650133742559592
header value,0.0036319009325977017,0.0036319009325977017
caller,0.0036070309496449974,0.0036070309496449974
id cve,0.003552586739961388,0.003552586739961388
reference different,0.003552586739961388,0.003552586739961388
code quite,0.0034503408500025094,0.0034503408500025094
different cve,0.0034364417507907995,0.0034364417507907995
root user,0.003431916533183644,0.003431916533183644
reviewer,0.0031184181967880142,0.0031184181967880142
preview,0.0028462587535366814,0.0028462587535366814
size,0.0028027469805247964,0.0028027469805247964
6446,0.002798422976849373,0.002798422976849373
2019 6446,0.002798422976849373,0.002798422976849373
symlink attacks,0.002780490617065692,0.002780490617065692
symlink,0.002780490617065692,0.002780490617065692
422,0.0025368622090320625,0.0025368622090320625
skipped,0.0023913617706361207,0.0023913617706361207
considerations,0.002367331142105502,0.002367331142105502
semantic,0.002336702720005624,0.002336702720005624
just noticed,0.002329515820183134,0.002329515820183134
versions,0.002273176391334516,0.002273176391334516
inadvertently,0.0022143671291577505,0.0022143671291577505
propagate,0.002205966744976834,0.002205966744976834
room,0.0021865699732373355,0.0021865699732373355
policy,0.0021018729016251667,0.0021018729016251667
point use,0.0020991773765467333,0.0020991773765467333
mutual,0.002062698634896108,0.002062698634896108
router,0.002008456035984548,0.002008456035984548
audits,0.0019676187568407814,0.0019676187568407814
sense use,0.0018686994906814039,0.0018686994906814039
shares,0.0017772957892089778,0.0017772957892089778
highest,0.0017397716276857265,0.0017397716276857265
button,0.0017314362046399938,0.0017314362046399938
pem,0.0017161073563673605,0.0017161073563673605
values yaml,0.0015594676387304912,0.0015594676387304912
information,0.0013922171033790732,0.0013922171033790732
escape user,0.0010765419315672685,0.0010765419315672685
versions prior,0.0010561634361516141,0.0010561634361516141
string bytes,0.001014608757889552,0.001014608757889552
injection attacks,0.0010140467386528648,0.0010140467386528648
sure don,0.0009324910538049135,0.0009324910538049135
code checks,0.0007208089640550667,0.0007208089640550667
sure supposed,0.0006988329863450212,0.0006988329863450212
code 200,0.0006988329863450169,0.0006988329863450169
requests token,0.000598116700284961,0.000598116700284961
1728035,0.0005769363980774313,0.0005769363980774313
prid 1728035,0.0005769363980774313,0.0005769363980774313
namespace,0.0005296128933830316,0.0005296128933830316
tokens stored,0.0005045326064944174,0.0005045326064944174
text security,0.0004691997405173489,0.0004691997405173489
strongloop loopback4,0.00046919974051731723,0.00046919974051731723
example shopping,0.00046919974051731723,0.00046919974051731723
loopback4,0.00046919974051731723,0.00046919974051731723
loopback4 example,0.00046919974051731723,0.00046919974051731723
orbitdeterminator,0.0004559150882496174,0.0004559150882496174
201452004 orbitdeterminator,0.0004559150882496174,0.0004559150882496174
app 201452004,0.0004559150882496174,0.0004559150882496174
201452004,0.0004559150882496174,0.0004559150882496174
orbitdeterminator pullrequest,0.0004559150882496174,0.0004559150882496174
shopping,0.0004538601576245941,0.0004538601576245941
landing,0.0004538601576245828,0.0004538601576245828
alignment,0.00040828941608876375,0.00040828941608876375
kiali,0.0003851918870749179,0.0003851918870749179
tied,0.00037331532085257117,0.00037331532085257117
owasp https,0.00036659512923726775,0.00036659512923726775
practices,0.0003581993619519743,0.0003581993619519743
best practices,0.0003581993619519743,0.0003581993619519743
site_request_forgery_,0.0003546100067246147,0.0003546100067246147
cross site_request_forgery_,0.0003546100067246147,0.0003546100067246147
site_request_forgery_ csrf,0.0003546100067246147,0.0003546100067246147
php cross,0.0003546100067246147,0.0003546100067246147
w3,0.0003535623430377815,0.0003535623430377815
w3 org,0.0003535623430377815,0.0003535623430377815
www w3,0.0003535623430377815,0.0003535623430377815
bother,0.0003190605592240173,0.0003190605592240173
hosts,0.0001177137445090776,0.0001177137445090776
token timeout,1.2888158946213736e-05,1.2888158946213736e-05
aug,9.969796077290292e-06,9.969796077290292e-06
typo vulnerability,4.514798957263288e-17,4.514798957263288e-17
htmlspecialchars xss,4.5116795973249824e-17,4.5116795973249824e-17
achieve,2.4593401388305858e-17,2.4593401388305858e-17
type need,2.4504495157783492e-17,2.4504495157783492e-17
hopefully won,2.3342361492231377e-17,2.3342361492231377e-17
vulnerable csrf,2.0055736688368338e-17,2.0055736688368338e-17
need csrf,1.880258201007584e-17,1.880258201007584e-17
encrypt retrieve,1.7565601253876263e-17,1.7565601253876263e-17
know encryption,1.7565601253876263e-17,1.7565601253876263e-17
restructuring,1.7565601253876263e-17,1.7565601253876263e-17
execution exploit,1.704976274029362e-17,1.704976274029362e-17
totp,1.6353809695699628e-17,1.6353809695699628e-17
zhaohong rules,1.6332451148462414e-17,1.6332451148462414e-17
tron zhaohong,1.6332451148462414e-17,1.6332451148462414e-17
zhaohong,1.6332451148462414e-17,1.6332451148462414e-17
organizations tron,1.437280036446451e-17,1.437280036446451e-17
tron,1.437280036446451e-17,1.437280036446451e-17
classvariablevisibilitycheck https,1.3697050419155644e-17,1.3697050419155644e-17
rule_key,1.3191792721276375e-17,1.3191792721276375e-17
discrete,1.2897138349221579e-17,1.2897138349221579e-17
attack possible,1.269087616066098e-17,1.269087616066098e-17
potential vulnerabilities,1.2371509346769079e-17,1.2371509346769079e-17
think validation,1.227278502883462e-17,1.227278502883462e-17
db select,1.2092989871046985e-17,1.2092989871046985e-17
select fix,1.2092989871046985e-17,1.2092989871046985e-17
use list,1.164644414861129e-17,1.164644414861129e-17
role metadata,1.1595532751934464e-17,1.1595532751934464e-17
kind role,1.1595532751934464e-17,1.1595532751934464e-17
remove imports,1.1107775507594244e-17,1.1107775507594244e-17
imports security,1.1107775507594244e-17,1.1107775507594244e-17
bug use,1.0866525210048654e-17,1.0866525210048654e-17
cardano,1.0557955794787328e-17,1.0557955794787328e-17
propagated,9.38750406109831e-18,9.38750406109831e-18
rule_key squid,9.193313228202402e-18,9.193313228202402e-18
fix sql,8.953467647460784e-18,8.953467647460784e-18
orga,8.557828975839826e-18,8.557828975839826e-18
key authorization,8.52299396637818e-18,8.52299396637818e-18
suggestion vulnerability,8.388988980352669e-18,8.388988980352669e-18
absence,8.388988980352669e-18,8.388988980352669e-18
rules rule_key,8.212515837118698e-18,8.212515837118698e-18
context need,8.195469915940185e-18,8.195469915940185e-18
credential types,7.730867339053155e-18,7.730867339053155e-18
yes agree,7.719866584451132e-18,7.719866584451132e-18
session user,7.22330631402714e-18,7.22330631402714e-18
opportunity,7.1395091167324e-18,7.1395091167324e-18
security breaches,7.11915777582461e-18,7.11915777582461e-18
breaches,7.11915777582461e-18,7.11915777582461e-18
vulnerable security,7.11915777582461e-18,7.11915777582461e-18
vulnerable vulnerable,7.11915777582461e-18,7.11915777582461e-18
using exploits,6.706939306263541e-18,6.706939306263541e-18
secret application,6.661798016258203e-18,6.661798016258203e-18
accessors needed,6.4319626386676554e-18,6.4319626386676554e-18
provide accessors,6.4319626386676554e-18,6.4319626386676554e-18
final constant,6.4319626386676554e-18,6.4319626386676554e-18
accessors,6.4319626386676554e-18,6.4319626386676554e-18
static final,6.4319626386676554e-18,6.4319626386676554e-18
squid classvariablevisibilitycheck,6.4319626386676554e-18,6.4319626386676554e-18
needed squid,6.4319626386676554e-18,6.4319626386676554e-18
public provide,6.4319626386676554e-18,6.4319626386676554e-18
constant non,6.4319626386676554e-18,6.4319626386676554e-18
classvariablevisibilitycheck,6.4319626386676554e-18,6.4319626386676554e-18
csrf cookie,6.359491127593939e-18,6.359491127593939e-18
oauth2 key,6.331061504266377e-18,6.331061504266377e-18
authorized request,6.102113532474513e-18,6.102113532474513e-18
connected tls,5.8978581295584e-18,5.8978581295584e-18
set values,5.831619693122002e-18,5.831619693122002e-18
token validating,5.828919123760332e-18,5.828919123760332e-18
provider used,5.828919123760332e-18,5.828919123760332e-18
module provides,5.828919123760332e-18,5.828919123760332e-18
comment csrf,5.7659858203282636e-18,5.7659858203282636e-18
think csrf,5.702660538317166e-18,5.702660538317166e-18
needs bit,5.657945441440795e-18,5.657945441440795e-18
sum,5.5685170805409376e-18,5.5685170805409376e-18
needs different,5.48791173261835e-18,5.48791173261835e-18
l7,5.365229570202969e-18,5.365229570202969e-18
spa,5.296876528768639e-18,5.296876528768639e-18
actually register,5.229473805288516e-18,5.229473805288516e-18
right think,5.191155095509241e-18,5.191155095509241e-18
huh,5.18482440534213e-18,5.18482440534213e-18
far understand,5.069869783019387e-18,5.069869783019387e-18
does new,5.001559999767992e-18,5.001559999767992e-18
knownsize,4.7461253254873674e-18,4.7461253254873674e-18
ansible vault,4.647428549471208e-18,4.647428549471208e-18
rbr,4.623769163241616e-18,4.623769163241616e-18
client certs,4.5257018242256105e-18,4.5257018242256105e-18
provided tls,4.444209647580148e-18,4.444209647580148e-18
configure tls,4.439755102603974e-18,4.439755102603974e-18
vault password,4.3784392822333044e-18,4.3784392822333044e-18
authorization object,4.312557164672066e-18,4.312557164672066e-18
prid 1643284,4.2496042998290754e-18,4.2496042998290754e-18
1643284,4.2496042998290754e-18,4.2496042998290754e-18
app fossasia,4.2496042998290754e-18,4.2496042998290754e-18
event orga,4.2496042998290754e-18,4.2496042998290754e-18
orga server,4.2496042998290754e-18,4.2496042998290754e-18
server pullrequest,4.2496042998290754e-18,4.2496042998290754e-18
configure method,4.227663422738117e-18,4.227663422738117e-18
server plugins,4.189108474195728e-18,4.189108474195728e-18
xss vulnerability,4.114092921997844e-18,4.114092921997844e-18
request csrf,4.1085742431474555e-18,4.1085742431474555e-18
current code,4.026786076048733e-18,4.026786076048733e-18
okta authorization,4.02282367527506e-18,4.02282367527506e-18
null values,3.9831415405407766e-18,3.9831415405407766e-18
servicebus,3.746274128965415e-18,3.746274128965415e-18
previous step,3.743941642301618e-18,3.743941642301618e-18
scenario user,3.69712846746639e-18,3.69712846746639e-18
filters csrf,3.685041479363166e-18,3.685041479363166e-18
payments,3.628268476381557e-18,3.628268476381557e-18
password certificate,3.47257222112992e-18,3.47257222112992e-18
add context,3.4334170774918e-18,3.4334170774918e-18
think make,3.280432045695418e-18,3.280432045695418e-18
authorization step,3.2589948875670763e-18,3.2589948875670763e-18
tok,3.2583153802872e-18,3.2583153802872e-18
derived,3.20905775561729e-18,3.20905775561729e-18
problem using,3.205166311040084e-18,3.205166311040084e-18
session expiry,3.1888567837935385e-18,3.1888567837935385e-18
javascript injection,3.067080336742503e-18,3.067080336742503e-18
splunk_upload_app_exec,3.0331664382795512e-18,3.0331664382795512e-18
http splunk_upload_app_exec,3.0331664382795512e-18,3.0331664382795512e-18
suggestion authenticate,2.9073242306616735e-18,2.9073242306616735e-18
xref api,2.8511903419854733e-18,2.8511903419854733e-18
secret specified,2.8399943779483597e-18,2.8399943779483597e-18
injected,2.7715646311494905e-18,2.7715646311494905e-18
fixture,2.7439234405822106e-18,2.7439234405822106e-18
generated certificate,2.7394740561095457e-18,2.7394740561095457e-18
fine just,2.684851534361526e-18,2.684851534361526e-18
use aws,2.681121574438236e-18,2.681121574438236e-18
question thought,2.6675470429570948e-18,2.6675470429570948e-18
specific validation,2.6526691527031036e-18,2.6526691527031036e-18
rng,2.6369749761598714e-18,2.6369749761598714e-18
perf,2.6339381617272625e-18,2.6339381617272625e-18
install istio,2.631422604601638e-18,2.631422604601638e-18
secrets ingress,2.6053631247787292e-18,2.6053631247787292e-18
token okta,2.600251144020991e-18,2.600251144020991e-18
2019 5010,2.5077765594867484e-18,2.5077765594867484e-18
5010,2.5077765594867484e-18,2.5077765594867484e-18
synchronized,2.4645156841368535e-18,2.4645156841368535e-18
poc,2.3669256119626153e-18,2.3669256119626153e-18
client private,2.350528572246933e-18,2.350528572246933e-18
password optional,2.350528572246933e-18,2.350528572246933e-18
pem formatted,2.350528572246933e-18,2.350528572246933e-18
server ca,2.3332271633328954e-18,2.3332271633328954e-18
pkg server,2.3332271633328954e-18,2.3332271633328954e-18
authentication result,2.3332271633328954e-18,2.3332271633328954e-18
s899 https,2.325731633630952e-18,2.325731633630952e-18
squid s899,2.325731633630952e-18,2.325731633630952e-18
s899,2.325731633630952e-18,2.325731633630952e-18
boolean value,2.325731633630952e-18,2.325731633630952e-18
value returned,2.325731633630952e-18,2.325731633630952e-18
vulnerability boolean,2.325731633630952e-18,2.325731633630952e-18
api particular,2.3097048141862797e-18,2.3097048141862797e-18
cleared user,2.3049501089392726e-18,2.3049501089392726e-18
wrong username,2.304128302805901e-18,2.304128302805901e-18
vulnerable servers,2.2298359275978712e-18,2.2298359275978712e-18
need shared,2.2004018167500924e-18,2.2004018167500924e-18
certificates come,2.1884984894871807e-18,2.1884984894871807e-18
vms,2.1727423366950914e-18,2.1727423366950914e-18
model authentication,2.077216406589238e-18,2.077216406589238e-18
certificate user,2.073218263478532e-18,2.073218263478532e-18
credential need,2.0139144307585514e-18,2.0139144307585514e-18
need disable,2.0139144307585514e-18,2.0139144307585514e-18
app credentials,1.9321155541221494e-18,1.9321155541221494e-18
tls protocol,1.8839933912340234e-18,1.8839933912340234e-18
won match,1.8479734447965103e-18,1.8479734447965103e-18
key won,1.8479734447965103e-18,1.8479734447965103e-18
user log,1.7784626334090286e-18,1.7784626334090286e-18
token inside,1.7548700651213827e-18,1.7548700651213827e-18
rex,1.731410321809178e-18,1.731410321809178e-18
proto,1.731410321809178e-18,1.731410321809178e-18
authorization add,1.7289900144157604e-18,1.7289900144157604e-18
importantly,1.698840650700949e-18,1.698840650700949e-18
certificate configured,1.6946849617272618e-18,1.6946849617272618e-18
aligned,1.66836167380819e-18,1.66836167380819e-18
stolen,1.6587473591575168e-18,1.6587473591575168e-18
instances exploit,1.6362416095492938e-18,1.6362416095492938e-18
com tls,1.6358645888614238e-18,1.6358645888614238e-18
like possible,1.6112576520010249e-18,1.6112576520010249e-18
invalid password,1.6053849433424424e-18,1.6053849433424424e-18
sure buffer,1.5760838555415975e-18,1.5760838555415975e-18
linked previous,1.4988866899565275e-18,1.4988866899565275e-18
authorization validation,1.4840409697966337e-18,1.4840409697966337e-18
authentication separate,1.4561887235163346e-18,1.4561887235163346e-18
authorization domain,1.4474578867156666e-18,1.4474578867156666e-18
lot secure,1.4022288405764926e-18,1.4022288405764926e-18
secrets used,1.3885887633024085e-18,1.3885887633024085e-18
brndnmtthws github,1.3492025748879987e-18,1.3492025748879987e-18
rule_key cpp,1.3492025748879987e-18,1.3492025748879987e-18
organizations brndnmtthws,1.3492025748879987e-18,1.3492025748879987e-18
brndnmtthws,1.3492025748879987e-18,1.3492025748879987e-18
actually cve,1.2396769498433424e-18,1.2396769498433424e-18
cve https,1.2396769498433424e-18,1.2396769498433424e-18
test fail,1.2084166132146808e-18,1.2084166132146808e-18
alekseydidilov,1.2084166132146808e-18,1.2084166132146808e-18
reuse tests,1.2084166132146808e-18,1.2084166132146808e-18
suggestion backend,1.1703583207854954e-18,1.1703583207854954e-18
description cve,1.1371016709569271e-18,1.1371016709569271e-18
client doesn,1.1017400632241253e-18,1.1017400632241253e-18
index_create_timestamp,1.101734440246617e-18,1.101734440246617e-18
changed use,1.0969602758939725e-18,1.0969602758939725e-18
invokes,1.0941761637417458e-18,1.0941761637417458e-18
vulnerability make,1.087460711637819e-18,1.087460711637819e-18
developer need,1.0626397742823987e-18,1.0626397742823987e-18
redirect browser,1.0587199520761806e-18,1.0587199520761806e-18
14851,1.0436657974527932e-18,1.0436657974527932e-18
quoting,1.0101068342139846e-18,1.0101068342139846e-18
tokenurl token,9.930208684963072e-19,9.930208684963072e-19
tokenurl,9.930208684963072e-19,9.930208684963072e-19
url authorization,9.930208684963072e-19,9.930208684963072e-19
suggestion tokenurl,9.930208684963072e-19,9.930208684963072e-19
configure ark,9.92576288745228e-19,9.92576288745228e-19
containing json,9.92576288745228e-19,9.92576288745228e-19
server write,9.92576288745228e-19,9.92576288745228e-19
ark velero,9.92576288745228e-19,9.92576288745228e-19
velero use,9.92576288745228e-19,9.92576288745228e-19
grant ark,9.92576288745228e-19,9.92576288745228e-19
ark server,9.92576288745228e-19,9.92576288745228e-19
kyma_backup_credentials,9.92576288745228e-19,9.92576288745228e-19
file gcp,9.92576288745228e-19,9.92576288745228e-19
suggestion kyma_backup_credentials,9.92576288745228e-19,9.92576288745228e-19
kyma_backup_credentials secret,9.92576288745228e-19,9.92576288745228e-19
squid 3as1,9.79849832975584e-19,9.79849832975584e-19
like case,9.755097148869211e-19,9.755097148869211e-19
api manager,9.715704631773774e-19,9.715704631773774e-19
used determine,9.663787367600976e-19,9.663787367600976e-19
bug fix,9.499024007986621e-19,9.499024007986621e-19
override secret,9.34709058076578e-19,9.34709058076578e-19
certificate type,9.331292506671876e-19,9.331292506671876e-19
session plugin,9.28475680591645e-19,9.28475680591645e-19
tls uses,9.267868213805201e-19,9.267868213805201e-19
add csrf,8.827654759492768e-19,8.827654759492768e-19
certificate cluster,8.805816536943467e-19,8.805816536943467e-19
com 2018,8.388173344456257e-19,8.388173344456257e-19
const username,8.382686276989209e-19,8.382686276989209e-19
suggestion secret,8.358772998459276e-19,8.358772998459276e-19
static test_input_house_resolver,8.244900275588519e-19,8.244900275588519e-19
test_input_house_resolver field,8.244900275588519e-19,8.244900275588519e-19
apigroup rbac,8.199332020528494e-19,8.199332020528494e-19
thought removed,8.135707398503701e-19,8.135707398503701e-19
app operator,8.106118474485633e-19,8.106118474485633e-19
s1444 https,7.999225744424281e-19,7.999225744424281e-19
make public,7.999225744424281e-19,7.999225744424281e-19
squid s1444,7.999225744424281e-19,7.999225744424281e-19
final squid,7.999225744424281e-19,7.999225744424281e-19
field final,7.999225744424281e-19,7.999225744424281e-19
s1444,7.999225744424281e-19,7.999225744424281e-19
test_input_house_resolver,7.790051020850171e-19,7.790051020850171e-19
csrf check,7.669559777401423e-19,7.669559777401423e-19
jwt authorization,7.652048138349672e-19,7.652048138349672e-19
requires csrf,7.577207987357776e-19,7.577207987357776e-19
using password,7.461636305925115e-19,7.461636305925115e-19
account able,7.461636305925115e-19,7.461636305925115e-19
permission access,7.3546343284018e-19,7.3546343284018e-19
create certs,6.99460740249844e-19,6.99460740249844e-19
tls bootstrap,6.807745364635442e-19,6.807745364635442e-19
bit misleading,6.756072080754044e-19,6.756072080754044e-19
sentence maybe,6.722177061892518e-19,6.722177061892518e-19
api bearer,6.722177061892518e-19,6.722177061892518e-19
session resumption,6.470281298291438e-19,6.470281298291438e-19
order access,6.386460514454964e-19,6.386460514454964e-19
logger log,6.270097901897815e-19,6.270097901897815e-19
exception squid,6.270097901897815e-19,6.270097901897815e-19
squid 3as1148,6.270097901897815e-19,6.270097901897815e-19
s1148 https,6.270097901897815e-19,6.270097901897815e-19
use logger,6.270097901897815e-19,6.270097901897815e-19
squid s1148,6.270097901897815e-19,6.270097901897815e-19
logger,6.270097901897815e-19,6.270097901897815e-19
3as1148,6.270097901897815e-19,6.270097901897815e-19
s1148,6.270097901897815e-19,6.270097901897815e-19
log exception,6.270097901897815e-19,6.270097901897815e-19
check specific,6.237891934055263e-19,6.237891934055263e-19
global credentials,6.228961788381773e-19,6.228961788381773e-19
function cpp,6.145677227164264e-19,6.145677227164264e-19
cpp 3as1,6.145677227164264e-19,6.145677227164264e-19
cpp s1081,6.145677227164264e-19,6.145677227164264e-19
insecure strcpy,6.145677227164264e-19,6.145677227164264e-19
s1081,6.145677227164264e-19,6.145677227164264e-19
s1081 https,6.145677227164264e-19,6.145677227164264e-19
remove use,6.145677227164264e-19,6.145677227164264e-19
strcpy function,6.145677227164264e-19,6.145677227164264e-19
use insecure,6.145677227164264e-19,6.145677227164264e-19
current codebase,6.040653714258129e-19,6.040653714258129e-19
app header,5.773801883327556e-19,5.773801883327556e-19
vulnerable app,5.773801883327556e-19,5.773801883327556e-19
bearer scheme,5.573391240951182e-19,5.573391240951182e-19
support case,5.573391240951182e-19,5.573391240951182e-19
leverage,5.240095589292813e-19,5.240095589292813e-19
think secret,5.208702489944541e-19,5.208702489944541e-19
suggestion credentialbearer,4.990572570206879e-19,4.990572570206879e-19
credentialbearer authentication,4.990572570206879e-19,4.990572570206879e-19
credentials sent,4.990572570206879e-19,4.990572570206879e-19
credentialbearer,4.990572570206879e-19,4.990572570206879e-19
core exploit,4.949003849310192e-19,4.949003849310192e-19
l23,4.859943756893591e-19,4.859943756893591e-19
key credentials,4.844466321246139e-19,4.844466321246139e-19
apigroup,4.746774659136012e-19,4.746774659136012e-19
replaced previous,4.641684350568174e-19,4.641684350568174e-19
storage replaced,4.641684350568174e-19,4.641684350568174e-19
suggestion completely,4.641684350568174e-19,4.641684350568174e-19
protected resources,4.591740471409628e-19,4.591740471409628e-19
access certificate,4.520044735409355e-19,4.520044735409355e-19
add tests,4.396896927070624e-19,4.396896927070624e-19
secret literal,4.388688100548798e-19,4.388688100548798e-19
including client,4.215949471032614e-19,4.215949471032614e-19
xss ll,4.093166355453493e-19,4.093166355453493e-19
maybe make,3.976509945323876e-19,3.976509945323876e-19
input exploits,3.951404087505765e-19,3.951404087505765e-19
verified security,3.951404087505765e-19,3.951404087505765e-19
mean ve,3.951404087505765e-19,3.951404087505765e-19
concern mean,3.951404087505765e-19,3.951404087505765e-19
unfiltered_html capability,3.951404087505765e-19,3.951404087505765e-19
expose exactly,3.951404087505765e-19,3.951404087505765e-19
bug user,3.951404087505765e-19,3.951404087505765e-19
doesn unfiltered_html,3.951404087505765e-19,3.951404087505765e-19
vulnerability mean,3.951404087505765e-19,3.951404087505765e-19
example input,3.951404087505765e-19,3.951404087505765e-19
capability example,3.951404087505765e-19,3.951404087505765e-19
exactly security,3.951404087505765e-19,3.951404087505765e-19
ve verified,3.951404087505765e-19,3.951404087505765e-19
unfiltered_html,3.951404087505765e-19,3.951404087505765e-19
pre existing,3.9056454452398093e-19,3.9056454452398093e-19
test_input_car_resolver field,3.6764223888902825e-19,3.6764223888902825e-19
static test_input_car_resolver,3.6764223888902825e-19,3.6764223888902825e-19
gnutls ssl,3.5589843133415364e-19,3.5589843133415364e-19
context service,3.4136175443601337e-19,3.4136175443601337e-19
normandy,3.325892298172922e-19,3.325892298172922e-19
secret way,2.834327996856447e-19,2.834327996856447e-19
environment security,2.538888720815903e-19,2.538888720815903e-19
update code,2.5060827389922007e-19,2.5060827389922007e-19
key infrastructure,2.4389895652827216e-19,2.4389895652827216e-19
digital certificates,2.4389895652827216e-19,2.4389895652827216e-19
certificates certificate,2.4389895652827216e-19,2.4389895652827216e-19
digital certificate,2.4389895652827216e-19,2.4389895652827216e-19
suggestion second,2.4301946876166248e-19,2.4301946876166248e-19
user kyma,2.360471036579341e-19,2.360471036579341e-19
right away,2.346945611371507e-19,2.346945611371507e-19
key usage,2.3326578791910572e-19,2.3326578791910572e-19
want create,2.3326578791910572e-19,2.3326578791910572e-19
define authentication,2.2570770054693227e-19,2.2570770054693227e-19
hour refresh,2.2380200637213047e-19,2.2380200637213047e-19
configure authentication,2.2380200637213047e-19,2.2380200637213047e-19
prng squid,2.19436561170907e-19,2.19436561170907e-19
s2245 https,2.19436561170907e-19,2.19436561170907e-19
s2245,2.19436561170907e-19,2.19436561170907e-19
place prng,2.19436561170907e-19,2.19436561170907e-19
generator rng,2.19436561170907e-19,2.19436561170907e-19
strong random,2.19436561170907e-19,2.19436561170907e-19
squid s2245,2.19436561170907e-19,2.19436561170907e-19
number generator,2.19436561170907e-19,2.19436561170907e-19
like java,2.19436561170907e-19,2.19436561170907e-19
securerandom,2.19436561170907e-19,2.19436561170907e-19
securerandom place,2.19436561170907e-19,2.19436561170907e-19
rng like,2.19436561170907e-19,2.19436561170907e-19
security securerandom,2.19436561170907e-19,2.19436561170907e-19
use cryptographically,2.19436561170907e-19,2.19436561170907e-19
metadata know,2.18366494108191e-19,2.18366494108191e-19
cpp 3as2486,2.1646910628173377e-19,2.1646910628173377e-19
s2486 https,2.1646910628173377e-19,2.1646910628173377e-19
cpp s2486,2.1646910628173377e-19,2.1646910628173377e-19
catch cpp,2.1646910628173377e-19,2.1646910628173377e-19
vulnerability handle,2.1646910628173377e-19,2.1646910628173377e-19
s2486,2.1646910628173377e-19,2.1646910628173377e-19
handle exception,2.1646910628173377e-19,2.1646910628173377e-19
3as2486,2.1646910628173377e-19,2.1646910628173377e-19
skabashnyuk,2.1208818995899298e-19,2.1208818995899298e-19
filters enabled,2.0759071106052249e-19,2.0759071106052249e-19
play filters,2.0759071106052249e-19,2.0759071106052249e-19
hash defined,2.0349329864516428e-19,2.0349329864516428e-19
service user,2.0061521282517168e-19,2.0061521282517168e-19
constant time,1.9247620104824844e-19,1.9247620104824844e-19
returned delete,1.8083092881917011e-19,1.8083092881917011e-19
delete squid,1.8083092881917011e-19,1.8083092881917011e-19
cli latest,1.7981847298591727e-19,1.7981847298591727e-19
credential password,1.7171676066849222e-19,1.7171676066849222e-19
discussion let,1.7004973455263037e-19,1.7004973455263037e-19
javascript xss,1.567851521432373e-19,1.567851521432373e-19
incl,1.505444039818853e-19,1.505444039818853e-19
default better,1.505444039818853e-19,1.505444039818853e-19
apikeyservice,1.3659916262914084e-19,1.3659916262914084e-19
2019 2725,1.342317889719325e-19,1.342317889719325e-19
2725,1.342317889719325e-19,1.342317889719325e-19
io org,1.2987826265607049e-19,1.2987826265607049e-19
make static,1.2987826265607049e-19,1.2987826265607049e-19
parameters sql,1.2549291109992135e-19,1.2549291109992135e-19
2283774,1.1826401370081186e-19,1.1826401370081186e-19
prid 2283774,1.1826401370081186e-19,1.1826401370081186e-19
field token,1.1473790618825573e-19,1.1473790618825573e-19
metricbeat,9.901699877169407e-20,9.901699877169407e-20
thought ve,9.51689835003492e-20,9.51689835003492e-20
credentials time,9.461634748846568e-20,9.461634748846568e-20
accountcache field,9.268495662228376e-20,9.268495662228376e-20
static accountcache,9.268495662228376e-20,9.268495662228376e-20
secret kubectl,9.083157865175989e-20,9.083157865175989e-20
duplicates cve,8.13829115638835e-20,8.13829115638835e-20
3as14,7.459082332486488e-20,7.459082332486488e-20
accountcache,7.459082332486488e-20,7.459082332486488e-20
squid 3as14,7.459082332486488e-20,7.459082332486488e-20
actually authenticate,7.195106561337533e-20,7.195106561337533e-20
just suggestion,6.928207755986918e-20,6.928207755986918e-20
required role,6.928207755986918e-20,6.928207755986918e-20
tls parameters,6.924146416938085e-20,6.924146416938085e-20
aws using,6.205574618367417e-20,6.205574618367417e-20
create password,4.3981508453669286e-20,4.3981508453669286e-20
stateful,3.250009139744778e-20,3.250009139744778e-20
application level,3.0996079690487847e-20,3.0996079690487847e-20
parity,3.042484991234354e-20,3.042484991234354e-20
stateful set,3.042484991234354e-20,3.042484991234354e-20
showcase,2.5539596908362663e-20,2.5539596908362663e-20
encryption allows,2.4773292419794978e-20,2.4773292419794978e-20
connects,2.262346519589411e-20,2.262346519589411e-20
access protected,1.9586807624570516e-20,1.9586807624570516e-20
kyma installation,1.4140921304204983e-20,1.4140921304204983e-20
reasons minio,1.4140921304204983e-20,1.4140921304204983e-20
inside kubernetes,1.4140921304204983e-20,1.4140921304204983e-20
generated kyma,1.4140921304204983e-20,1.4140921304204983e-20
run following,1.4140921304204983e-20,1.4140921304204983e-20
minio credentials,1.4140921304204983e-20,1.4140921304204983e-20
credentials generated,1.4140921304204983e-20,1.4140921304204983e-20
tls don,1.1232844731058059e-20,1.1232844731058059e-20
tls generate,0.0,0.0
https hackerone,0.0,0.0
lieu,0.0,0.0
suggestion report,0.0,0.0
suggestion api,0.0,0.0
html cross,0.0,0.0
secdevlabs,0.0,0.0
synapse v1,0.0,0.0
squid 3as20,0.0,0.0
declare visibility,0.0,0.0
tls ingress,0.0,0.0
dummy password,0.0,0.0
attacks csrf,0.0,0.0
suggestion additionally,0.0,0.0
authorization methods,0.0,0.0
sdk api,0.0,0.0
started static,0.0,0.0
suggestion synapse,0.0,0.0
suggestion override,0.0,0.0
indirectly,0.0,0.0
throw authorization,0.0,0.0
user provide,0.0,0.0
ssl secrets,0.0,0.0
static currentblcok,0.0,0.0
ssl settings,0.0,0.0
secret new,0.0,0.0
different vulnerability,0.0,0.0
secret read,0.0,0.0
jid,0.0,0.0
jid static,0.0,0.0
html instead,0.0,0.0
instead return,0.0,0.0
squid 3as,0.0,0.0
static isprocessblock,0.0,0.0
enable mutual,0.0,0.0
synapse,0.0,0.0
tasks tls,0.0,0.0
decrypt idea,0.0,0.0
secret discovery,0.0,0.0
like csrf,0.0,0.0
squid s2039,0.0,0.0
secrets api,0.0,0.0
suggestion clientsecret,0.0,0.0
bit authentication,0.0,0.0
letsencrypt tls,0.0,0.0
before_action,0.0,0.0
discovery service,0.0,0.0
tlscertificateconfigimpl,0.0,0.0
isprocessblock,0.0,0.0
session just,0.0,0.0
knows password,0.0,0.0
io orga,0.0,0.0
kbui,0.0,0.0
azure key,0.0,0.0
use factor,0.0,0.0
service sds,0.0,0.0
service provider,0.0,0.0
encrypt certificate,0.0,0.0
kubernetes authentication,0.0,0.0
snyk io,0.0,0.0
test_input_house_resolver static,0.0,0.0
to_i,0.0,0.0
os secret,0.0,0.0
authentication parameters,0.0,0.0
http mailcleaner_exec,0.0,0.0
test_input_person_resolver static,0.0,0.0
hackerone,0.0,0.0
https snyk,0.0,0.0
hackerone com,0.0,0.0
authentication object,0.0,0.0
derive,0.0,0.0
https sonarclou,0.0,0.0
https sonarc,0.0,0.0
https sonarcl,0.0,0.0
stored azure,0.0,0.0
injection issue,0.0,0.0
know didn,0.0,0.0
injection vulnerabilities,0.0,0.0
grant authentication,0.0,0.0
sure use,0.0,0.0
status static,0.0,0.0
authentication vault,0.0,0.0
sonarqube kbui,0.0,0.0
isprocessblock static,0.0,0.0
dns validation,0.0,0.0
think main,0.0,0.0
inited,0.0,0.0
ingress gateway,0.0,0.0
token authenticator,0.0,0.0
introduces security,0.0,0.0
disclosing,0.0,0.0
specify secret,0.0,0.0
blockcap,0.0,0.0
blockcap static,0.0,0.0
disclaimer,0.0,0.0
test_input_car_resolver static,0.0,0.0
encrypted travis,0.0,0.0
bigric3,0.0,0.0
analysis exploit,0.0,0.0
domain generate,0.0,0.0
htt,0.0,0.0
sonarc,0.0,0.0
tls type,0.0,0.0
delete user,0.0,0.0
sonarcl,0.0,0.0
sonarclou,0.0,0.0
think confusing,0.0,0.0
sending jwt,0.0,0.0
sonarqub,0.0,0.0
input_resolver_name,0.0,0.0
authorization auth,0.0,0.0
isprocessblock field,0.0,0.0
allows key,0.0,0.0
input_resolver_name static,0.0,0.0
tlscertificateconfigimpl secret,0.0,0.0
atstartofline squid,0.0,0.0
flags static,0.0,0.0
make result,0.0,0.0
wildcard tls,0.0,0.0
make status,0.0,0.0
make test_input_car_resolver,0.0,0.0
make test_input_house_resolver,0.0,0.0
make test_input_person_resolver,0.0,0.0
currentblcok static,0.0,0.0
currentblcok field,0.0,0.0
required set,0.0,0.0
currentblcok,0.0,0.0
current service,0.0,0.0
requesting access,0.0,0.0
network related,0.0,0.0
favoritecolorid,0.0,0.0
favoritecolorid static,0.0,0.0
prepended,0.0,0.0
csrf rails,0.0,0.0
cluster domain,0.0,0.0
csrf change,0.0,0.0
web security,0.0,0.0
make started,0.0,0.0
make jid,0.0,0.0
csrf _prevention_cheat_sheet,0.0,0.0
potential xss,0.0,0.0
main point,0.0,0.0
result static,0.0,0.0
3as1148 sonarqub,0.0,0.0
make accountcache,0.0,0.0
make blockcap,0.0,0.0
3as20,0.0,0.0
conventional,0.0,0.0
cause sql,0.0,0.0
valid tls,0.0,0.0
make colorid,0.0,0.0
make currentblcok,0.0,0.0
make favoritecolorid,0.0,0.0
make flags,0.0,0.0
colorid static,0.0,0.0
make input_resolver_name,0.0,0.0
make isprocessblock,0.0,0.0
validation authorization,0.0,0.0
colorid,0.0,0.0
cookies issued,0.0,0.0
certificate ingress,0.0,0.0
certificate let,0.0,0.0
mailcleaner_exec,0.0,0.0
create secrets,0.0,0.0
protecting_rest_services,0.0,0.0
protecting_rest_services _use_of_custom_request_headers,0.0,0.0
rb ruby,0.0,0.0
credentials encryption,0.0,0.0
vulnerable remote,0.0,0.0
provide client,0.0,0.0
account add,0.0,0.0
visibility atstartofline,0.0,0.0
visibility energylimit,0.0,0.0
provider authorization,0.0,0.0
provides client,0.0,0.0
cli uses,0.0,0.0
credential order,0.0,0.0
accountcache static,0.0,0.0
fix potential,0.0,0.0
vulnerabilities low,0.0,0.0
mount ssl,0.0,0.0
classvariablevisibilitycheck htt,0.0,0.0
vulnerability explicitly,0.0,0.0
credentials object,0.0,0.0
change endpoints,0.0,0.0
_prevention_cheat_sheet,0.0,0.0
acamro,0.0,0.0
fetch credentials,0.0,0.0
_prevention_cheat_sheet protecting_rest_services,0.0,0.0
printf,0.0,0.0
_use_of_custom_request_headers,0.0,0.0
foundation,0.0,0.0
remote environments,0.0,0.0
crt tls,0.0,0.0
privileges assigned,0.0,0.0
related ssl,0.0,0.0
clientsecret client,0.0,0.0
clientsecret,0.0,0.0
clients connect,0.0,0.0
need github,0.0,0.0
need escape,0.0,0.0
certificates new,0.0,0.0
refreshtoken,0.0,0.0
client responsible,0.0,0.0
want reference,0.0,0.0
version security,0.0,0.0
3as,0.0,0.0
classvariablevisibilitycheck http,0.0,0.0
xss injection,0.0,0.0
extra argument,0.0,0.0
energy_limit_hard_fork,0.0,0.0
using ldap,0.0,0.0
existing cluster,0.0,0.0
number encryption,0.0,0.0
ruby rails,0.0,0.0
password does,0.0,0.0
numpy,0.0,0.0
atstartofline,0.0,0.0
gateway fetch,0.0,0.0
bug report,0.0,0.0
using html,0.0,0.0
explicitly declare,0.0,0.0
using raw,0.0,0.0
wvu r7,0.0,0.0
calleraddress,0.0,0.0
advice,0.0,0.0
energylimit,0.0,0.0
s2039,0.0,0.0
danger,0.0,0.0
exploit vulnerability,0.0,0.0
userinfo endpoints,0.0,0.0
generic bearer,0.0,0.0
execution vulnerability,0.0,0.0
caller bearer,0.0,0.0
x509 certs,0.0,0.0
logging kibana,0.0,0.0
generate let,0.0,0.0
s2039 https,0.0,0.0
uses tls,0.0,0.0
packet number,0.0,0.0
energylimit squid,0.0,0.0
mitigated,-7.534802396290913e-21,7.534802396290913e-21
adding tls,-1.166724645369651e-20,1.166724645369651e-20
provide authorization,-1.2561568828455554e-20,1.2561568828455554e-20
header access,-1.2561568828455554e-20,1.2561568828455554e-20
test_input_person_resolver,-1.608277101958237e-20,1.608277101958237e-20
confusing implies,-1.7884932279225077e-20,1.7884932279225077e-20
password create,-1.8406583686667102e-20,1.8406583686667102e-20
lock json,-2.1310360501373924e-20,2.1310360501373924e-20
external tls,-2.396631119019248e-20,2.396631119019248e-20
internal external,-2.396631119019248e-20,2.396631119019248e-20
configure internal,-2.396631119019248e-20,2.396631119019248e-20
open issue,-2.436423344885245e-20,2.436423344885245e-20
token obtain,-3.137357797953326e-20,3.137357797953326e-20
use refresh,-3.137357797953326e-20,3.137357797953326e-20
authenticate certificate,-3.6461816687774637e-20,3.6461816687774637e-20
subjects,-3.668163581686033e-20,3.668163581686033e-20
certificate specified,-3.95075436757619e-20,3.95075436757619e-20
2018 05,-4.5272945628858684e-20,4.5272945628858684e-20
suggestion instructions,-4.57136562992884e-20,4.57136562992884e-20
joomla,-4.737558584266047e-20,4.737558584266047e-20
csrf filter,-5.821002643965925e-20,5.821002643965925e-20
different secret,-5.9803620720014e-20,5.9803620720014e-20
suggestion tls,-6.379455016979403e-20,6.379455016979403e-20
vault secret,-6.469883803980654e-20,6.469883803980654e-20
isn key,-6.469883803980654e-20,6.469883803980654e-20
overloaded,-8.079516960124557e-20,8.079516960124557e-20
add existing,-9.205388886201757e-20,9.205388886201757e-20
set path,-9.23191145581884e-20,9.23191145581884e-20
certificat,-9.23191145581884e-20,9.23191145581884e-20
text instead,-9.247135665752564e-20,9.247135665752564e-20
javascript 3adebugg,-9.294067569673551e-20,9.294067569673551e-20
debugger statement,-9.294067569673551e-20,9.294067569673551e-20
3adebugg,-9.294067569673551e-20,9.294067569673551e-20
remove debugger,-9.294067569673551e-20,9.294067569673551e-20
debuggerstatement https,-9.294067569673551e-20,9.294067569673551e-20
statement javascript,-9.294067569673551e-20,9.294067569673551e-20
rx player,-9.294067569673551e-20,9.294067569673551e-20
debuggerstatement,-9.294067569673551e-20,9.294067569673551e-20
rule_key javascript,-9.294067569673551e-20,9.294067569673551e-20
organizations rx,-9.294067569673551e-20,9.294067569673551e-20
player rules,-9.294067569673551e-20,9.294067569673551e-20
javascript debuggerstatement,-9.294067569673551e-20,9.294067569673551e-20
actual password,-1.0104918078269286e-19,1.0104918078269286e-19
free issue,-1.169313759891587e-19,1.169313759891587e-19
authorization servers,-1.2326842639680958e-19,1.2326842639680958e-19
revoking,-1.3826844057424465e-19,1.3826844057424465e-19
service service,-1.3842804276479464e-19,1.3842804276479464e-19
creating session,-1.4388855768769576e-19,1.4388855768769576e-19
token provider,-1.5781228915168522e-19,1.5781228915168522e-19
client service,-1.616843565186917e-19,1.616843565186917e-19
config client,-1.616843565186917e-19,1.616843565186917e-19
token azure,-1.6327072624177631e-19,1.6327072624177631e-19
new authentication,-1.6619320981735465e-19,1.6619320981735465e-19
authorization options,-1.6619320981735465e-19,1.6619320981735465e-19
key api,-1.726750099186133e-19,1.726750099186133e-19
l46,-1.9260783662560978e-19,1.9260783662560978e-19
symmetric encryption,-1.9868037864684782e-19,1.9868037864684782e-19
directly instead,-2.0408233108863286e-19,2.0408233108863286e-19
api use,-2.046542215661101e-19,2.046542215661101e-19
pw,-2.1004229455008641e-19,2.1004229455008641e-19
auth proxy,-2.1045206438653775e-19,2.1045206438653775e-19
don update,-2.1911926669623113e-19,2.1911926669623113e-19
key derivation,-2.19377184231942e-19,2.19377184231942e-19
derivation,-2.19377184231942e-19,2.19377184231942e-19
server requires,-2.2737579521638584e-19,2.2737579521638584e-19
renewal,-2.2879981822845067e-19,2.2879981822845067e-19
comprehension,-2.2957665589568046e-19,2.2957665589568046e-19
obtain dc,-2.375939544739243e-19,2.375939544739243e-19
cluster obtain,-2.375939544739243e-19,2.375939544739243e-19
digital,-2.4137275913469876e-19,2.4137275913469876e-19
getclientcertificate,-2.4440360746479765e-19,2.4440360746479765e-19
installation stored,-2.670762862534773e-19,2.670762862534773e-19
updated use,-2.695609204173602e-19,2.695609204173602e-19
temporary credentials,-2.702660667155588e-19,2.702660667155588e-19
squid 3a,-2.8118571066807677e-19,2.8118571066807677e-19
required specified,-3.047461416203371e-19,3.047461416203371e-19
client use,-3.0688175998067003e-19,3.0688175998067003e-19
present user,-3.188483626980218e-19,3.188483626980218e-19
think expect,-3.208580071540051e-19,3.208580071540051e-19
better just,-3.400117929666244e-19,3.400117929666244e-19
certificate objects,-3.461347126743986e-19,3.461347126743986e-19
don extra,-3.808107956576569e-19,3.808107956576569e-19
test_input_car_resolver,-3.868546969427318e-19,3.868546969427318e-19
3as1,-3.868546969427318e-19,3.868546969427318e-19
flow instead,-3.8703144713589966e-19,3.8703144713589966e-19
decision require,-3.8792464740618403e-19,3.8792464740618403e-19
monitor,-3.947778375432289e-19,3.947778375432289e-19
aws security,-4.15152397230765e-19,4.15152397230765e-19
getsessiontoken,-4.165450986236358e-19,4.165450986236358e-19
ark,-4.2293225926075125e-19,4.2293225926075125e-19
allocate memory,-4.2354197224014017e-19,4.2354197224014017e-19
use extra,-4.360630582688486e-19,4.360630582688486e-19
legitimate,-4.493074510798801e-19,4.493074510798801e-19
authenti,-4.871524250273368e-19,4.871524250273368e-19
forgets,-4.8902140022345865e-19,4.8902140022345865e-19
preferred checkcode,-4.943850186553824e-19,4.943850186553824e-19
appears preferred,-4.943850186553824e-19,4.943850186553824e-19
inferred version,-4.943850186553824e-19,4.943850186553824e-19
clarify key,-5.109615229192313e-19,5.109615229192313e-19
oauth2 password,-5.122216810820118e-19,5.122216810820118e-19
authenticate username,-5.294921312343095e-19,5.294921312343095e-19
class defined,-5.362672929955542e-19,5.362672929955542e-19
user write,-5.380427291125356e-19,5.380427291125356e-19
critical security,-5.397223051536761e-19,5.397223051536761e-19
vulnerability remove,-5.470407212556171e-19,5.470407212556171e-19
distinguish authorization,-5.535662521330088e-19,5.535662521330088e-19
exploit unix,-5.649983570896114e-19,5.649983570896114e-19
does api,-5.769337732187696e-19,5.769337732187696e-19
index_create_timestamp field,-5.793399537274833e-19,5.793399537274833e-19
static index_create_timestamp,-5.793399537274833e-19,5.793399537274833e-19
rights,-5.824504300339589e-19,5.824504300339589e-19
authenticated start,-5.908775033370795e-19,5.908775033370795e-19
use text,-6.021508250268485e-19,6.021508250268485e-19
io coding_rules,-6.150425945000557e-19,6.150425945000557e-19
coding_rules,-6.150425945000557e-19,6.150425945000557e-19
coding_rules rule_key,-6.150425945000557e-19,6.150425945000557e-19
certificates secrets,-6.335435417186571e-19,6.335435417186571e-19
insist,-6.335435417186571e-19,6.335435417186571e-19
provide authentication,-6.3777184431335455e-19,6.3777184431335455e-19
del,-6.380359526490141e-19,6.380359526490141e-19
ssl connections,-6.50395923830166e-19,6.50395923830166e-19
instances vulnerability,-6.75112420951705e-19,6.75112420951705e-19
split sentences,-6.827432869522519e-19,6.827432869522519e-19
generated secrets,-6.899876397437809e-19,6.899876397437809e-19
static test_input_person_resolver,-7.277441578759592e-19,7.277441578759592e-19
test_input_person_resolver field,-7.277441578759592e-19,7.277441578759592e-19
module isn,-7.300560152060716e-19,7.300560152060716e-19
hosted,-7.348564245962497e-19,7.348564245962497e-19
token client,-7.450166890892092e-19,7.450166890892092e-19
existing secrets,-7.666799259137037e-19,7.666799259137037e-19
affect existing,-7.666799259137037e-19,7.666799259137037e-19
principle,-7.730892554518703e-19,7.730892554518703e-19
defeats purpose,-7.74561913008369e-19,7.74561913008369e-19
defeats,-7.74561913008369e-19,7.74561913008369e-19
secret create,-7.81930819853042e-19,7.81930819853042e-19
todo authorization,-7.922484324927031e-19,7.922484324927031e-19
potentially hardcoded,-8.046571843069956e-19,8.046571843069956e-19
hardcoded credential,-8.046571843069956e-19,8.046571843069956e-19
zh,-8.046571843069956e-19,8.046571843069956e-19
assigned roles,-8.06414261200369e-19,8.06414261200369e-19
abort,-8.164550942293711e-19,8.164550942293711e-19
file use,-8.288829767005599e-19,8.288829767005599e-19
specify tls,-8.299313235664034e-19,8.299313235664034e-19
suggestion process,-8.360836734016906e-19,8.360836734016906e-19
process auth,-8.360836734016906e-19,8.360836734016906e-19
traversal vulnerability,-8.577368323447755e-19,8.577368323447755e-19
real security,-8.801188506754789e-19,8.801188506754789e-19
memory leak,-8.87294564567196e-19,8.87294564567196e-19
upcoming,-9.079938147140361e-19,9.079938147140361e-19
fixed upcoming,-9.079938147140361e-19,9.079938147140361e-19
div,-9.120094376747093e-19,9.120094376747093e-19
did remove,-9.203185881784435e-19,9.203185881784435e-19
tron zh,-9.292522053766005e-19,9.292522053766005e-19
creator,-9.338172533871223e-19,9.338172533871223e-19
token add,-9.36788168083388e-19,9.36788168083388e-19
finger,-9.700090079175285e-19,9.700090079175285e-19
encoded client_id,-1.0105510539814011e-18,1.0105510539814011e-18
client_secret colon,-1.0105510539814011e-18,1.0105510539814011e-18
ssl key,-1.0155351493787861e-18,1.0155351493787861e-18
open dc,-1.0803050252590182e-18,1.0803050252590182e-18
present client,-1.0919957779554457e-18,1.0919957779554457e-18
outside world,-1.138460952211668e-18,1.138460952211668e-18
instruction,-1.161377156253819e-18,1.161377156253819e-18
able authenticate,-1.175628181817238e-18,1.175628181817238e-18
injection malicious,-1.2045529435437021e-18,1.2045529435437021e-18
authz authorization,-1.2120651797001854e-18,1.2120651797001854e-18
github rules,-1.2481038976327028e-18,1.2481038976327028e-18
provide service,-1.2543931851243032e-18,1.2543931851243032e-18
publishing,-1.2574340594705777e-18,1.2574340594705777e-18
tls doc,-1.2645680453385075e-18,1.2645680453385075e-18
suggestion request,-1.2676937906076244e-18,1.2676937906076244e-18
using provided,-1.2676937906076244e-18,1.2676937906076244e-18
certs https,-1.3079466705147042e-18,1.3079466705147042e-18
schannel,-1.3122642633036075e-18,1.3122642633036075e-18
ssl protocol,-1.3122642633036075e-18,1.3122642633036075e-18
credentials configure,-1.3400158368891817e-18,1.3400158368891817e-18
https ssl,-1.3553027543360397e-18,1.3553027543360397e-18
verify tls,-1.4125257456820128e-18,1.4125257456820128e-18
pfx,-1.4212643695424674e-18,1.4212643695424674e-18
permissions admin,-1.4235824344905327e-18,1.4235824344905327e-18
bearer authorization,-1.4623508230463033e-18,1.4623508230463033e-18
yes correct,-1.4991952816005862e-18,1.4991952816005862e-18
using global,-1.5071921038526985e-18,1.5071921038526985e-18
user signed,-1.5401626265115893e-18,1.5401626265115893e-18
vault encrypt,-1.5501050249406555e-18,1.5501050249406555e-18
user uses,-1.5622686862661256e-18,1.5622686862661256e-18
write new,-1.576650930378238e-18,1.576650930378238e-18
url parameter,-1.596371754876749e-18,1.596371754876749e-18
specific keys,-1.606802418740922e-18,1.606802418740922e-18
bypassed,-1.621473507157104e-18,1.621473507157104e-18
tls provide,-1.6401050975938099e-18,1.6401050975938099e-18
base url,-1.679819776189871e-18,1.679819776189871e-18
suggestion configure,-1.704999953634912e-18,1.704999953634912e-18
use provided,-1.7116260269413042e-18,1.7116260269413042e-18
token process,-1.719135819174052e-18,1.719135819174052e-18
stores client,-1.7233123609624226e-18,1.7233123609624226e-18
clustercertificatessecret secret,-1.7233123609624226e-18,1.7233123609624226e-18
clustercertificatessecret,-1.7233123609624226e-18,1.7233123609624226e-18
suggestion clustercertificatessecret,-1.7233123609624226e-18,1.7233123609624226e-18
default cluster,-1.7233123609624226e-18,1.7233123609624226e-18
key default,-1.7233123609624226e-18,1.7233123609624226e-18
cluster client,-1.7233123609624226e-18,1.7233123609624226e-18
apis using,-1.7674735692428667e-18,1.7674735692428667e-18
authorization correct,-1.8175768913744673e-18,1.8175768913744673e-18
odds,-1.831227483244463e-18,1.831227483244463e-18
http headers,-1.9723804233585923e-18,1.9723804233585923e-18
policy based,-1.975377850658536e-18,1.975377850658536e-18
attacks attacker,-2.014656287065775e-18,2.014656287065775e-18
header contain,-2.029512108305666e-18,2.029512108305666e-18
vulnerability spinnaker,-2.045621999707316e-18,2.045621999707316e-18
ca key,-2.0491859607592665e-18,2.0491859607592665e-18
authority ca,-2.0798089569447916e-18,2.0798089569447916e-18
permission static,-2.0806867870341194e-18,2.0806867870341194e-18
postman,-2.095705208377828e-18,2.095705208377828e-18
vulnerable code,-2.1510663405620774e-18,2.1510663405620774e-18
passed authorization,-2.1587202823751378e-18,2.1587202823751378e-18
places use,-2.1785989235051817e-18,2.1785989235051817e-18
discussed following,-2.249633400011107e-18,2.249633400011107e-18
needs security,-2.2614477672706646e-18,2.2614477672706646e-18
mean authentication,-2.286210815773357e-18,2.286210815773357e-18
create csrf,-2.307162214966116e-18,2.307162214966116e-18
add note,-2.3353177300423557e-18,2.3353177300423557e-18
jtf,-2.352729244375229e-18,2.352729244375229e-18
main thread,-2.352729244375229e-18,2.352729244375229e-18
type hidden,-2.370388811865991e-18,2.370388811865991e-18
null null,-2.376870161927553e-18,2.376870161927553e-18
checkcode detected,-2.390988157937826e-18,2.390988157937826e-18
user prompted,-2.404941478017971e-18,2.404941478017971e-18
oauth provider,-2.4218413565931065e-18,2.4218413565931065e-18
scenario want,-2.45920917139328e-18,2.45920917139328e-18
role used,-2.5030682151935166e-18,2.5030682151935166e-18
continuously,-2.538314341253573e-18,2.538314341253573e-18
type attack,-2.599931467665235e-18,2.599931467665235e-18
isserver static,-2.602488629120739e-18,2.602488629120739e-18
isserver,-2.602488629120739e-18,2.602488629120739e-18
make isserver,-2.602488629120739e-18,2.602488629120739e-18
vulnerable attacks,-2.829149383502263e-18,2.829149383502263e-18
reset injection,-2.879664036281169e-18,2.879664036281169e-18
id client,-2.8989940092873376e-18,2.8989940092873376e-18
namespace domain,-2.9354210417459085e-18,2.9354210417459085e-18
starts_with,-2.9531148573940632e-18,2.9531148573940632e-18
let change,-3.0382511505089826e-18,3.0382511505089826e-18
certificates kubeadm,-3.0382511505089826e-18,3.0382511505089826e-18
doing like,-3.045304069719181e-18,3.045304069719181e-18
job need,-3.073762785018859e-18,3.073762785018859e-18
ca signing,-3.1185832832481065e-18,3.1185832832481065e-18
secret ssl,-3.137352662900538e-18,3.137352662900538e-18
adding csrf,-3.1660295289145045e-18,3.1660295289145045e-18
509 certificates,-3.214221659177425e-18,3.214221659177425e-18
introduction,-3.255115504376811e-18,3.255115504376811e-18
path certificate,-3.3507863539707195e-18,3.3507863539707195e-18
chris,-3.471895341279e-18,3.471895341279e-18
generally used,-3.4848469763853705e-18,3.4848469763853705e-18
refactorization,-3.49934975970781e-18,3.49934975970781e-18
credentials registered,-3.61439059529958e-18,3.61439059529958e-18
vulnerabilities instead,-3.6458552068463386e-18,3.6458552068463386e-18
retrieve user,-3.659385317941666e-18,3.659385317941666e-18
product version,-3.701682644775294e-18,3.701682644775294e-18
like real,-3.7793742445687334e-18,3.7793742445687334e-18
kibana privileges,-3.8041108221761215e-18,3.8041108221761215e-18
api aws,-3.953542629426316e-18,3.953542629426316e-18
service does,-4.0238662126436426e-18,4.0238662126436426e-18
exploit tools,-4.27578156144898e-18,4.27578156144898e-18
tools py,-4.27578156144898e-18,4.27578156144898e-18
suggestion exploit,-4.336675512854693e-18,4.336675512854693e-18
prior versions,-4.512366382807683e-18,4.512366382807683e-18
use username,-4.533069912890144e-18,4.533069912890144e-18
clientid client,-4.5882268791225714e-18,4.5882268791225714e-18
suggestion clientid,-4.5882268791225714e-18,4.5882268791225714e-18
secret plus,-4.668730690497387e-18,4.668730690497387e-18
kibana index,-4.671472560164525e-18,4.671472560164525e-18
tls configuration,-4.7600993113288915e-18,4.7600993113288915e-18
bearer request,-5.1376294696969096e-18,5.1376294696969096e-18
module context,-5.2127303602228884e-18,5.2127303602228884e-18
service client,-5.467423280994183e-18,5.467423280994183e-18
yes need,-5.518466262330698e-18,5.518466262330698e-18
provider let,-5.731303873653625e-18,5.731303873653625e-18
https letsencrypt,-5.731303873653625e-18,5.731303873653625e-18
letsencrypt org,-5.731303873653625e-18,5.731303873653625e-18
reordering,-6.093551251667196e-18,6.093551251667196e-18
vulnerability scanner,-6.3066410076255055e-18,6.3066410076255055e-18
authorization engine,-6.326912422000328e-18,6.326912422000328e-18
key vault,-6.393997364032404e-18,6.393997364032404e-18
token new,-6.511740209564974e-18,6.511740209564974e-18
send token,-6.564381039947918e-18,6.564381039947918e-18
sufficient permissions,-6.6630110147069495e-18,6.6630110147069495e-18
v1beta1 kind,-6.7863354729919505e-18,6.7863354729919505e-18
right word,-6.979347146636976e-18,6.979347146636976e-18
pkg authorization,-7.114418155504845e-18,7.114418155504845e-18
let headers,-7.359264619024501e-18,7.359264619024501e-18
clear password,-7.690628913897496e-18,7.690628913897496e-18
channel decryption,-7.739271881107343e-18,7.739271881107343e-18
recommend using,-7.966111404096994e-18,7.966111404096994e-18
repository authorization,-7.967345035839155e-18,7.967345035839155e-18
randomized,-8.358332406192154e-18,8.358332406192154e-18
suggestion module,-8.592294547918096e-18,8.592294547918096e-18
token basically,-8.686632712305216e-18,8.686632712305216e-18
leaked,-8.869304354540209e-18,8.869304354540209e-18
generate tls,-8.891886019113713e-18,8.891886019113713e-18
certificates communication,-8.891886019113713e-18,8.891886019113713e-18
used auth,-9.345961775042013e-18,9.345961775042013e-18
inste,-9.40631954072771e-18,9.40631954072771e-18
hidden csrf,-9.487936080115256e-18,9.487936080115256e-18
token allows,-9.642497707640325e-18,9.642497707640325e-18
suggestion certificate,-9.755883103497364e-18,9.755883103497364e-18
token weak,-9.81228998280814e-18,9.81228998280814e-18
use latest,-1.0091168373883014e-17,1.0091168373883014e-17
suggestion cve,-1.035577246596263e-17,1.035577246596263e-17
asks,-1.101712591340736e-17,1.101712591340736e-17
1779428,-1.1507234602064607e-17,1.1507234602064607e-17
prid 1779428,-1.1507234602064607e-17,1.1507234602064607e-17
decrypt password,-1.1910551703610556e-17,1.1910551703610556e-17
freed memory,-1.2465420973588298e-17,1.2465420973588298e-17
freed,-1.2465420973588298e-17,1.2465420973588298e-17
tls channel,-1.278558859287687e-17,1.278558859287687e-17
happening chris,-1.3765089863395291e-17,1.3765089863395291e-17
chris security,-1.3765089863395291e-17,1.3765089863395291e-17
pr discussions,-1.3765089863395291e-17,1.3765089863395291e-17
latest happening,-1.3765089863395291e-17,1.3765089863395291e-17
discussions latest,-1.3765089863395291e-17,1.3765089863395291e-17
encryption rest,-1.3905375562115335e-17,1.3905375562115335e-17
appears appropriate,-1.3929399648454857e-17,1.3929399648454857e-17
use prepared,-1.4840204124806763e-17,1.4840204124806763e-17
user able,-1.5568772126359042e-17,1.5568772126359042e-17
rename secret,-1.78963600386024e-17,1.78963600386024e-17
does token,-1.933183502902303e-17,1.933183502902303e-17
get_json,-2.3484935026396898e-17,2.3484935026396898e-17
people exploit,-2.5351137211407268e-17,2.5351137211407268e-17
remote exploit,-2.585979299737956e-17,2.585979299737956e-17
htmlspecialchars,-2.594279407565574e-17,2.594279407565574e-17
api vulnerable,-6.397302347316804e-17,6.397302347316804e-17
uploaded,-5.203355346340171e-06,5.203355346340171e-06
weird public,-7.926907242355543e-06,7.926907242355543e-06
isolation,-2.5000935550059014e-05,2.5000935550059014e-05
ingress tls,-0.00012757879527764765,0.00012757879527764765
ecb padding,-0.00015729339465173886,0.00015729339465173886
pointing,-0.0001720362010537356,0.0001720362010537356
renewed,-0.00020622913926139755,0.00020622913926139755
change support,-0.0002095650631095142,0.0002095650631095142
nginx auth,-0.00021319927956441794,0.00021319927956441794
file base64,-0.0002131992795644201,0.0002131992795644201
file created,-0.0002563309749629381,0.0002563309749629381
client cert,-0.0002962655178552649,0.0002962655178552649
key loaded,-0.0002993906624214131,0.0002993906624214131
positional,-0.00033128519539539204,0.00033128519539539204
positional arguments,-0.00033128519539539204,0.00033128519539539204
secret storing,-0.0003388448061149965,0.0003388448061149965
certificate created,-0.0003388448061150017,0.0003388448061150017
couple,-0.000392975670144191,0.000392975670144191
security xml,-0.000457623148000835,0.000457623148000835
reference tls,-0.0004588439642269213,0.0004588439642269213
orm,-0.00046004536946136994,0.00046004536946136994
reference security,-0.00046717357908731026,0.00046717357908731026
check,-0.0005749385279509925,0.0005749385279509925
doesn handle,-0.0006366300672351322,0.0006366300672351322
authentication manage,-0.0006366300672351357,0.0006366300672351357
following default,-0.0007813917295386505,0.0007813917295386505
tls looks,-0.0007813917295386514,0.0007813917295386514
protocol tls,-0.0007813917295386531,0.0007813917295386531
default protocol,-0.0007813917295386531,0.0007813917295386531
sind,-0.0008297766607582922,0.0008297766607582922
zertifikate,-0.0008297766607582922,0.0008297766607582922
alt,-0.0008409220324445502,0.0008409220324445502
91,-0.0009469795730278164,0.0009469795730278164
request authenticated,-0.0009504043255314143,0.0009504043255314143
bash,-0.0009714371173956904,0.0009714371173956904
need user,-0.0009759906976131524,0.0009759906976131524
auth client,-0.0010089772683818346,0.0010089772683818346
unknown,-0.001027875202559515,0.001027875202559515
don return,-0.0010448607327811796,0.0010448607327811796
response just,-0.001044860732781183,0.001044860732781183
certificate provider,-0.001160523376759293,0.001160523376759293
declare,-0.0011736096647682215,0.0011736096647682215
http2,-0.0011839645957159603,0.0011839645957159603
_query,-0.0012084005100163556,0.0012084005100163556
disable tls,-0.0012141827961300593,0.0012141827961300593
default does,-0.0012890122740871633,0.0012890122740871633
rekey,-0.001300576610250166,0.001300576610250166
dif,-0.0013005766102501869,0.0013005766102501869
jwt used,-0.0013152128362023156,0.0013152128362023156
different https,-0.0013152128362023156,0.0013152128362023156
idea validate,-0.0013829742725650707,0.0013829742725650707
storage key,-0.0014229385985299328,0.0014229385985299328
data strings,-0.0014229385985299328,0.0014229385985299328
secure storage,-0.0014229385985299328,0.0014229385985299328
provides secure,-0.0014229385985299328,0.0014229385985299328
token credit,-0.0014229385985299328,0.0014229385985299328
value pairs,-0.0014229385985299328,0.0014229385985299328
used securely,-0.0014229385985299328,0.0014229385985299328
strings password,-0.0014229385985299328,0.0014229385985299328
pairs used,-0.0014229385985299328,0.0014229385985299328
minutes,-0.0015141815121670764,0.0015141815121670764
use use,-0.0015600496654880516,0.0015600496654880516
flight,-0.00163011318341145,0.00163011318341145
id secret,-0.0016364236915456353,0.0016364236915456353
used protect,-0.0016852078108674793,0.0016852078108674793
client_secret,-0.00170738197662221,0.00170738197662221
caa,-0.001741379497117345,0.001741379497117345
client_id client_secret,-0.00175334737194498,0.00175334737194498
development mode,-0.001770342165798599,0.001770342165798599
somethin,-0.001770342165798599,0.001770342165798599
halyard,-0.0017940933099242881,0.0017940933099242881
correct say,-0.0017940933099242916,0.0017940933099242916
using access,-0.0018107831639857328,0.0018107831639857328
s3 enabled,-0.0018107831639857328,0.0018107831639857328
used iam,-0.0018107831639857328,0.0018107831639857328
enabled iam,-0.0018107831639857328,0.0018107831639857328
used fall,-0.0018107831639857328,0.0018107831639857328
fall using,-0.0018107831639857328,0.0018107831639857328
cases s3,-0.0018107831639857328,0.0018107831639857328
provides jwt,-0.0018123806385678517,0.0018123806385678517
ongoing,-0.0018123806385678591,0.0018123806385678591
md5 hash,-0.0018126070731984605,0.0018126070731984605
token cookie,-0.0018141109980382602,0.0018141109980382602
don rely,-0.0018754243906406408,0.0018754243906406408
token link,-0.001890468901524851,0.001890468901524851
authentication identity,-0.0019543630414573633,0.0019543630414573633
using key,-0.001954803599894475,0.001954803599894475
advise,-0.001983623991277529,0.001983623991277529
does accept,-0.002012111157294974,0.002012111157294974
away,-0.00201241647588211,0.00201241647588211
adjusted,-0.002124570907173128,0.002124570907173128
service traffic,-0.002124570907173129,0.002124570907173129
text use,-0.002150568968424232,0.002150568968424232
deterministic,-0.002208786462558349,0.002208786462558349
encrypt using,-0.0022343183511206316,0.0022343183511206316
com user,-0.002324376116791412,0.002324376116791412
payment methods,-0.00232820114910505,0.00232820114910505
check bearer,-0.0024220353216208826,0.0024220353216208826
type just,-0.002422035321620891,0.002422035321620891
just authorization,-0.0024225550920635597,0.0024225550920635597
granting permissions,-0.002429456087549441,0.002429456087549441
authentication change,-0.0024312803184874474,0.0024312803184874474
server uses,-0.0024615628086883446,0.0024615628086883446
uses authenticate,-0.0024615628086883446,0.0024615628086883446
root certificate,-0.002461562808688345,0.002461562808688345
attempted,-0.0024661635891618195,0.0024661635891618195
code base,-0.002488050933469995,0.002488050933469995
intermediate,-0.00251857581576592,0.00251857581576592
important security,-0.002557658436540603,0.002557658436540603
makes code,-0.00257185594975914,0.00257185594975914
password using,-0.0026260935651366006,0.0026260935651366006
need added,-0.0026654210792708796,0.0026654210792708796
authentication providers,-0.002685157691219941,0.002685157691219941
syntax,-0.0027694904593974622,0.0027694904593974622
authentication recommended,-0.0028506426156538075,0.0028506426156538075
updating security,-0.002870479563378505,0.002870479563378505
66,-0.0029237384320875263,0.0029237384320875263
previous version,-0.0029669890758260934,0.0029669890758260934
provide oidc,-0.0029787402297535666,0.0029787402297535666
case using,-0.0029854683977909276,0.0029854683977909276
like vault,-0.0029854683977909276,0.0029854683977909276
exploit method,-0.0030371769997559793,0.0030371769997559793
means security,-0.003059160666951714,0.003059160666951714
method probably,-0.003108519976741172,0.003108519976741172
oauth standard,-0.003159527165787982,0.003159527165787982
use access,-0.0032388739429650214,0.0032388739429650214
password private,-0.003245840903220331,0.003245840903220331
github account,-0.003311720265531366,0.003311720265531366
executable,-0.003357858364172336,0.003357858364172336
keeping aws,-0.0034043818003494444,0.0034043818003494444
den,-0.003450115433674386,0.003450115433674386
certificate signing,-0.003450115433674386,0.003450115433674386
based current,-0.003500936252558147,0.003500936252558147
instead pass,-0.0035045144674187077,0.0035045144674187077
mi,-0.00351277426172065,0.00351277426172065
subdomain,-0.0035140269368649437,0.0035140269368649437
_not,-0.003515819927789405,0.003515819927789405
base,-0.003539604126511553,0.003539604126511553
java org,-0.003590388407564405,0.003590388407564405
github client,-0.0036229601808584577,0.0036229601808584577
inner,-0.0036229601808584577,0.0036229601808584577
copy paste,-0.003632553397638048,0.003632553397638048
decrypt files,-0.003641229785487196,0.003641229785487196
used decrypt,-0.0036412297854871967,0.0036412297854871967
issuer self,-0.003677001556114187,0.003677001556114187
know using,-0.003680071699606452,0.003680071699606452
packets,-0.0036928546718768196,0.0036928546718768196
new method,-0.003702032550486995,0.003702032550486995
used lot,-0.003702032550487003,0.003702032550487003
create token,-0.00372213896424474,0.00372213896424474
need define,-0.0037546076931917467,0.0037546076931917467
authorization using,-0.003798110644586523,0.003798110644586523
using okta,-0.003798110644586523,0.003798110644586523
client tls,-0.003905378922257131,0.003905378922257131
header,-0.003933722888286937,0.003933722888286937
decrypt functions,-0.003947233972744872,0.003947233972744872
authentication certificates,-0.004068895307479344,0.004068895307479344
creating new,-0.0040828941240462335,0.0040828941240462335
check https,-0.004090493848376018,0.004090493848376018
user certificate,-0.004096530723562546,0.004096530723562546
dry,-0.0041194779078425284,0.0041194779078425284
client authenticate,-0.004146065470368839,0.004146065470368839
requires client,-0.004146065470368842,0.004146065470368842
authenticate client,-0.004146065470368843,0.004146065470368843
forgot add,-0.004176262134721214,0.004176262134721214
end users,-0.004206415986045984,0.004206415986045984
authorization req,-0.00423038070121276,0.00423038070121276
use function,-0.004243174180082301,0.004243174180082301
def ca,-0.004279892094432686,0.004279892094432686
specific actions,-0.00433443670353336,0.00433443670353336
tls works,-0.004360813070805261,0.004360813070805261
handlers,-0.004365512304885967,0.004365512304885967
noticed,-0.0044162902780241495,0.0044162902780241495
addressed,-0.004448446258412511,0.004448446258412511
user pools,-0.004485458738933943,0.004485458738933943
pools,-0.004485458738933943,0.004485458738933943
cognito user,-0.004485458738933943,0.004485458738933943
regex,-0.004546920248330149,0.004546920248330149
autowiring,-0.004598901584135727,0.004598901584135727
value store,-0.004616304219107751,0.004616304219107751
trying change,-0.004628655199907124,0.004628655199907124
credentials don,-0.004708527372316336,0.004708527372316336
base image,-0.0047284817929292376,0.0047284817929292376
krb logins,-0.004897221818960453,0.004897221818960453
ssl krb,-0.004897221818960453,0.004897221818960453
krb,-0.004897221818960453,0.004897221818960453
hat,-0.004905211244824187,0.004905211244824187
red hat,-0.004905211244824187,0.004905211244824187
negative,-0.004987780748356645,0.004987780748356645
vice versa,-0.005065542173513861,0.005065542173513861
vice,-0.005065542173513861,0.005065542173513861
versa,-0.005065542173513861,0.005065542173513861
return token,-0.005075581974379731,0.005075581974379731
service use,-0.005111138827149593,0.005111138827149593
importing,-0.005139237643821659,0.005139237643821659
specifically,-0.005173525061063085,0.005173525061063085
auth check,-0.0052487488012582266,0.0052487488012582266
token documentation,-0.005312425061554556,0.005312425061554556
aks,-0.005347871642224766,0.005347871642224766
know value,-0.0054423955157610355,0.0054423955157610355
description wrong,-0.005454145883874912,0.005454145883874912
change check,-0.005495206310544348,0.005495206310544348
gid,-0.005538486249946449,0.005538486249946449
buggy,-0.00557392626319608,0.00557392626319608
bit odd,-0.005577920225068479,0.005577920225068479
public_key,-0.005619629786033744,0.005619629786033744
tls config,-0.005691153470434592,0.005691153470434592
type application,-0.005701099624451726,0.005701099624451726
does support,-0.005707679833743601,0.005707679833743601
wrong current,-0.005767044361654277,0.005767044361654277
using legacy,-0.005836111013444741,0.005836111013444741
pattern,-0.005837287174413488,0.005837287174413488
eine,-0.005841553219132139,0.005841553219132139
overall,-0.005873428557690562,0.005873428557690562
application json,-0.005893785606686124,0.005893785606686124
created user,-0.005893785606686124,0.005893785606686124
passphrase,-0.005934502293005693,0.005934502293005693
properly,-0.005939840490765732,0.005939840490765732
https jira,-0.005972657727787789,0.005972657727787789
com browse,-0.005972657727787789,0.005972657727787789
token tests,-0.005991005291762738,0.005991005291762738
file reference,-0.006021649145649663,0.006021649145649663
certmanager,-0.006089367465833887,0.006089367465833887
case test,-0.006129380843471694,0.006129380843471694
tests authentication,-0.006193489516782018,0.006193489516782018
volume mount,-0.00619379543332024,0.00619379543332024
server session,-0.00620761228723914,0.00620761228723914
coming authorization,-0.006207612287239141,0.006207612287239141
valid signing,-0.0062531296637956405,0.0062531296637956405
cu,-0.006264923050007815,0.006264923050007815
signedcms class,-0.0062859264112947455,0.0062859264112947455
signedcms,-0.0062859264112947455,0.0062859264112947455
ask user,-0.006362902757795506,0.006362902757795506
redirectedfrom msdn,-0.006378720376867042,0.006378720376867042
msdn view,-0.006378720376867042,0.006378720376867042
msdn,-0.006378720376867042,0.006378720376867042
redirectedfrom,-0.006378720376867042,0.006378720376867042
key certificates,-0.006403360496429756,0.006403360496429756
trick,-0.00647999020691406,0.00647999020691406
password start,-0.006534808105654324,0.006534808105654324
object creation,-0.00653480810565435,0.00653480810565435
cpp,-0.006564600846074315,0.006564600846074315
maybe say,-0.0065767796610485,0.0065767796610485
id content,-0.00661242161444985,0.00661242161444985
remove security,-0.006650357677722089,0.006650357677722089
für,-0.006671329879890435,0.006671329879890435
better set,-0.006671996149117437,0.006671996149117437
volume mounted,-0.006710294435717722,0.006710294435717722
tls context,-0.00672723654073335,0.00672723654073335
means users,-0.006836723447556321,0.006836723447556321
feel,-0.006880433603436109,0.006880433603436109
credentials oauth2,-0.0069004485593781376,0.0069004485593781376
needs add,-0.0069004485593781376,0.0069004485593781376
today,-0.006906669072263363,0.006906669072263363
missing secret,-0.006924815779353273,0.006924815779353273
zip,-0.00695611698596238,0.00695611698596238
referer,-0.006957605838794622,0.006957605838794622
security better,-0.006974706742457601,0.006974706742457601
httpbin credential,-0.00707771295331044,0.00707771295331044
controlled sites,-0.007082621019830294,0.007082621019830294
sites using,-0.007082621019830294,0.007082621019830294
password required,-0.007088634963824035,0.007088634963824035
certificate_format config,-0.007113970148855228,0.007113970148855228
transport certificate_format,-0.007113970148855228,0.007113970148855228
certificate_format,-0.007113970148855228,0.007113970148855228
data event,-0.007152533862711971,0.007152533862711971
reinstall encryption,-0.007152533862711971,0.007152533862711971
password html,-0.007152533862711971,0.007152533862711971
event reinstall,-0.007152533862711971,0.007152533862711971
password restore,-0.007152533862711971,0.007152533862711971
restore access,-0.007152533862711971,0.007152533862711971
reinstall,-0.007152533862711971,0.007152533862711971
req headers,-0.007162657156953593,0.007162657156953593
identifies,-0.007258372087904242,0.007258372087904242
x509store,-0.007291776131852418,0.007291776131852418
x509certificates x509store,-0.007291776131852418,0.007291776131852418
serial number,-0.007298382593698506,0.007298382593698506
secrets service,-0.007319989242978551,0.007319989242978551
subscription,-0.007365224657896729,0.007365224657896729
desc,-0.007435445938706493,0.007435445938706493
set ssl,-0.007446301819258217,0.007446301819258217
tls secure,-0.007554284321649481,0.007554284321649481
used access,-0.00761129163974748,0.00761129163974748
getting token,-0.007611291639747482,0.007611291639747482
configure default,-0.007684234996453738,0.007684234996453738
linked,-0.007692380195514708,0.007692380195514708
ok use,-0.007868538364464784,0.007868538364464784
testing credentials,-0.007868538364464791,0.007868538364464791
maybe write,-0.007888508353288037,0.007888508353288037
cancellation token,-0.007922684301458274,0.007922684301458274
tries connect,-0.00792268430145828,0.00792268430145828
awkward,-0.008029684050478124,0.008029684050478124
just check,-0.008045251790754606,0.008045251790754606
new lines,-0.008069655851349698,0.008069655851349698
credentials basic,-0.008069655851349698,0.008069655851349698
suggestion password,-0.008101891666187877,0.008101891666187877
step process,-0.008130654419740665,0.008130654419740665
storing passwords,-0.008215514930095364,0.008215514930095364
azure active,-0.008242014083906665,0.008242014083906665
somethign like,-0.008242014083906667,0.008242014083906667
somethign,-0.008242014083906667,0.008242014083906667
care authorization,-0.008242722798064447,0.008242722798064447
suggestion potential,-0.008284080003188525,0.008284080003188525
router certs,-0.00829848247406505,0.00829848247406505
pem key,-0.008298482474065054,0.008298482474065054
going handle,-0.008425971753539962,0.008425971753539962
implicit flow,-0.008453318959053205,0.008453318959053205
flow implicit,-0.008453318959053206,0.008453318959053206
identity token,-0.008453318959053213,0.008453318959053213
api request,-0.008490182040236157,0.008490182040236157
pvizeli,-0.00855776264823359,0.00855776264823359
request reason,-0.008569954279814182,0.008569954279814182
say password,-0.008593155220434497,0.008593155220434497
secret stores,-0.008620617758821968,0.008620617758821968
plane certificates,-0.008694502976117005,0.008694502976117005
make validation,-0.00870790586400157,0.00870790586400157
bit awkward,-0.008885239663694523,0.008885239663694523
finds,-0.008891371432405627,0.008891371432405627
good candidate,-0.008901108678195343,0.008901108678195343
encrypt control,-0.0089285726054702,0.0089285726054702
thread safety,-0.008929396811593455,0.008929396811593455
like certificate,-0.008971009384834932,0.008971009384834932
merged,-0.008982671634977051,0.008982671634977051
think user,-0.00909184528945153,0.00909184528945153
users permissions,-0.00911508759212324,0.00911508759212324
function https,-0.009115087592123242,0.009115087592123242
think return,-0.00913994710933226,0.00913994710933226
combination,-0.009168202633039375,0.009168202633039375
support bearer,-0.009171973170736947,0.009171973170736947
authentication stuff,-0.009171973170736947,0.009171973170736947
token stuff,-0.009171973170736957,0.009171973170736957
holder,-0.009214776623002886,0.009214776623002886
probably common,-0.009239082885798826,0.009239082885798826
org elasticsearch,-0.009265534506202261,0.009265534506202261
elasticsearch xpack,-0.009265534506202261,0.009265534506202261
suffice,-0.009298200061816432,0.009298200061816432
cert chain,-0.009309599592111712,0.009309599592111712
new session,-0.009324344926949094,0.009324344926949094
looked,-0.00934859483379124,0.00934859483379124
nil check,-0.00945543625105169,0.00945543625105169
informer,-0.009496848783471753,0.009496848783471753
provider authenticate,-0.00953384388357511,0.00953384388357511
server using,-0.009541415798877111,0.009541415798877111
server admin,-0.009563454088706248,0.009563454088706248
sense different,-0.009566473002718975,0.009566473002718975
xpack core,-0.009578691394322079,0.009578691394322079
diff diff,-0.009578691394322082,0.009578691394322082
authorization heading,-0.009593258103621407,0.009593258103621407
bet,-0.009603947215035817,0.009603947215035817
redacted,-0.009675815219389755,0.009675815219389755
rename ssl,-0.00975013339227436,0.00975013339227436
just demo,-0.009797653094450739,0.009797653094450739
till,-0.009818964004629695,0.009818964004629695
encryptedkeys,-0.009821646406467885,0.009821646406467885
waiting,-0.009858159026564364,0.009858159026564364
setting used,-0.009944392008779878,0.009944392008779878
elastic elasticsearch,-0.009955336987567868,0.009955336987567868
section ve,-0.009955336987567868,0.009955336987567868
starting,-0.009983955871718065,0.009983955871718065
amazon cognito,-0.010035157433917998,0.010035157433917998
suggestion apiversion,-0.010066952480734675,0.010066952480734675
master documentation,-0.010090598397912058,0.010090598397912058
pushes,-0.01014882171899822,0.01014882171899822
define like,-0.010182788369205503,0.010182788369205503
let make,-0.010195890230270338,0.010195890230270338
maybe better,-0.010202285381029078,0.010202285381029078
incompatible,-0.010209434592266989,0.010209434592266989
ci build,-0.010211117089205869,0.010211117089205869
tls ca,-0.010308109643612711,0.010308109643612711
authorization needed,-0.010373279792911983,0.010373279792911983
reporting,-0.010374383286547249,0.010374383286547249
permissions privileges,-0.010407183455048099,0.010407183455048099
session validation,-0.010754613557921695,0.010754613557921695
aes cbc,-0.010813048653813629,0.010813048653813629
software running,-0.010815976316900691,0.010815976316900691
stackexchange,-0.010843073907857428,0.010843073907857428
security stackexchange,-0.010843073907857428,0.010843073907857428
header looks,-0.01084307390785743,0.01084307390785743
ip port,-0.010856004546123342,0.010856004546123342
errors,-0.010866466121163806,0.010866466121163806
enabled does,-0.010886981028934727,0.010886981028934727
ca requires,-0.010910958576345975,0.010910958576345975
fresh,-0.010916555595869763,0.010916555595869763
identity server,-0.010925372426292313,0.010925372426292313
certificates package,-0.010943393281146234,0.010943393281146234
propose change,-0.010988616209782559,0.010988616209782559
recommend reference,-0.010999848722545036,0.010999848722545036
required permissions,-0.011048572961988232,0.011048572961988232
privileges access,-0.011048572961988235,0.011048572961988235
implode,-0.011094768125707017,0.011094768125707017
intro,-0.011158470402323343,0.011158470402323343
es ref,-0.011158470402323347,0.011158470402323347
believe authorization,-0.011168657179672775,0.011168657179672775
cbc pkcs5,-0.01117850848403171,0.01117850848403171
recipient,-0.011200716049138793,0.011200716049138793
token userinfo,-0.01122188778900983,0.01122188778900983
use available,-0.011258710840630338,0.011258710840630338
use example,-0.011279727569854717,0.011279727569854717
vault citadel,-0.011279727569854719,0.011279727569854719
citadel sa,-0.011279727569854719,0.011279727569854719
account vault,-0.011279727569854719,0.011279727569854719
bearer token,-0.011301745237779357,0.011301745237779357
ve tried,-0.011305591648896555,0.011305591648896555
handle authorization,-0.011377569904978664,0.011377569904978664
think sentence,-0.011535604809952991,0.011535604809952991
case api,-0.011535604809952991,0.011535604809952991
10 14,-0.011588555560771168,0.011588555560771168
ca certs,-0.011588555560771182,0.011588555560771182
provider uses,-0.011601165579889959,0.011601165579889959
client uses,-0.011601165579889966,0.011601165579889966
tls crt,-0.011607662264575474,0.011607662264575474
field secret,-0.011615589171817825,0.011615589171817825
case use,-0.011643498990933381,0.011643498990933381
selenium,-0.011644819345026959,0.011644819345026959
authenticated authentication,-0.011653125703290253,0.011653125703290253
true,-0.011656194507541504,0.011656194507541504
haven used,-0.01176210944594349,0.01176210944594349
server tls,-0.011825908342958874,0.011825908342958874
version earlier,-0.011830087674986407,0.011830087674986407
usage,-0.011895164805783153,0.011895164805783153
test check,-0.011913646413784324,0.011913646413784324
submit fail,-0.011930839788894563,0.011930839788894563
security purposes,-0.011931024886004688,0.011931024886004688
secret cloud,-0.011952633872749101,0.011952633872749101
mig storage,-0.011952633872749108,0.011952633872749108
storage yaml,-0.011952633872749108,0.011952633872749108
boolean,-0.011979558694857662,0.011979558694857662
ssl properties,-0.012030258692160106,0.012030258692160106
returns http,-0.012048625852487478,0.012048625852487478
configuration use,-0.012052044383839847,0.012052044383839847
bound session,-0.012053825305716468,0.012053825305716468
field contain,-0.012153003061145362,0.012153003061145362
kind clusterrolebinding,-0.01218788994965692,0.01218788994965692
clusterrolebinding metadata,-0.012187889949656925,0.012187889949656925
say,-0.012195765089734377,0.012195765089734377
password new,-0.012216730705117284,0.012216730705117284
allow password,-0.012216730705117284,0.012216730705117284
integration,-0.012221616088820237,0.012221616088820237
certificate files,-0.012223960995820201,0.012223960995820201
guessing,-0.012291928441812332,0.012291928441812332
upgrading,-0.012389872120801995,0.012389872120801995
functionality,-0.012424515183934495,0.012424515183934495
token generated,-0.01242994224157417,0.01242994224157417
add username,-0.012451144459729047,0.012451144459729047
ve seen,-0.012480602582301745,0.012480602582301745
secret volume,-0.012482215475026101,0.012482215475026101
populated,-0.012498528390612267,0.012498528390612267
clusterrolebinding rbac,-0.01251600702442815,0.01251600702442815
autoupdate false,-0.012518747667820199,0.012518747667820199
false instead,-0.012518747667820199,0.012518747667820199
proxy https,-0.0126015978640033,0.0126015978640033
https type,-0.0126015978640033,0.0126015978640033
type want,-0.01260159786400331,0.01260159786400331
framework,-0.012606954995195109,0.012606954995195109
normally use,-0.012661097501287985,0.012661097501287985
transport certificate,-0.012661097501287985,0.012661097501287985
tokens create,-0.012670896942394065,0.012670896942394065
api cli,-0.012689361004690808,0.012689361004690808
helpers,-0.012705866560418208,0.012705866560418208
extraneous,-0.012741047791113154,0.012741047791113154
decrypt token,-0.012850049902850987,0.012850049902850987
think id,-0.012850049902850994,0.012850049902850994
new base64,-0.012889965055604413,0.012889965055604413
iv,-0.012931062964972526,0.012931062964972526
actually just,-0.012977595912465271,0.012977595912465271
testing purposes,-0.013015830936090808,0.013015830936090808
chang,-0.013030208464012214,0.013030208464012214
best solution,-0.013094957028981872,0.013094957028981872
secrets credentials,-0.013110309913031833,0.013110309913031833
located,-0.013117175294693213,0.013117175294693213
token wait,-0.013118790775775987,0.013118790775775987
kubernetes openshift,-0.013183808570642,0.013183808570642
account token,-0.013183808570642,0.013183808570642
manual setup,-0.013219554896771072,0.013219554896771072
value new,-0.013236983091164164,0.013236983091164164
codechecker pullrequest,-0.013239780464970013,0.013239780464970013
try add,-0.013243186923814678,0.013243186923814678
logins,-0.013252452948120415,0.013252452948120415
satisfy,-0.01335804213245366,0.01335804213245366
connect client,-0.013413546218457802,0.013413546218457802
read method,-0.013424533487439754,0.013424533487439754
containing certificate,-0.013430531755622088,0.013430531755622088
supported authorization,-0.013435231731226533,0.013435231731226533
transmission,-0.013465236866276797,0.013465236866276797
id authentication,-0.013465236866276818,0.013465236866276818
api docs,-0.013525340689778495,0.013525340689778495
kms https,-0.013553412666780486,0.013553412666780486
ssl config,-0.013562399968443653,0.013562399968443653
oldest,-0.013562399968443653,0.013562399968443653
create new,-0.013569085825433981,0.013569085825433981
component needs,-0.01359387303717672,0.01359387303717672
ups,-0.013612050526520243,0.013612050526520243
list permissions,-0.013616425598614776,0.013616425598614776
andresmgot,-0.013718314774903704,0.013718314774903704
higher level,-0.01375072341356763,0.01375072341356763
new login,-0.013765398384146008,0.013765398384146008
remove password,-0.013768492728130646,0.013768492728130646
hosting,-0.013783941361480333,0.013783941361480333
required api,-0.013889464031944004,0.013889464031944004
comprises,-0.013946109358713526,0.013946109358713526
comprises parts,-0.013946109358713526,0.013946109358713526
configuration comprises,-0.013946109358713526,0.013946109358713526
parts authentication,-0.013946109358713526,0.013946109358713526
auth configuration,-0.013946109358713526,0.013946109358713526
secret namespace,-0.013957377876631781,0.013957377876631781
client auth,-0.014001721233133377,0.014001721233133377
remove agree,-0.014002392742998082,0.014002392742998082
like basic,-0.014018888624140791,0.014018888624140791
token lifetime,-0.014041383885176405,0.014041383885176405
credentials user,-0.01405441291456359,0.01405441291456359
comma separated,-0.014076634069580247,0.014076634069580247
timeout,-0.014159159899087783,0.014159159899087783
envoy,-0.014193018153552197,0.014193018153552197
auth ca,-0.014207950372394777,0.014207950372394777
suggestion replace,-0.014280271633444008,0.014280271633444008
choose api,-0.014291045543967186,0.014291045543967186
lower level,-0.01429509267421913,0.01429509267421913
authentication authenticate,-0.014358900666277836,0.014358900666277836
marketingcs_gs omcab,-0.014358900666277836,0.014358900666277836
latest marketingcs_gs,-0.014358900666277836,0.014358900666277836
omcab,-0.014358900666277836,0.014358900666277836
omcab developers,-0.014358900666277836,0.014358900666277836
oauth htm,-0.014358900666277836,0.014358900666277836
grant good,-0.014358900666277836,0.014358900666277836
marketingcs_gs,-0.014358900666277836,0.014358900666277836
values required,-0.014358900666277836,0.014358900666277836
developers gettingstarted,-0.014358900666277836,0.014358900666277836
htm,-0.014358900666277836,0.014358900666277836
htm resource,-0.014358900666277836,0.014358900666277836
gettingstarted authentication,-0.014358900666277836,0.014358900666277836
gettingstarted,-0.014358900666277836,0.014358900666277836
cloud latest,-0.014358900666277836,0.014358900666277836
use bearer,-0.014396470877599439,0.014396470877599439
guide describes,-0.014417558530467391,0.014417558530467391
docs improbable,-0.014417558530467391,0.014417558530467391
improbable,-0.014417558530467391,0.014417558530467391
improbable io,-0.014417558530467391,0.014417558530467391
https help,-0.014438410018651947,0.014438410018651947
allows encrypt,-0.014455506356617518,0.014455506356617518
methods like,-0.01445972506872795,0.01445972506872795
tokens keychain,-0.014492699555770849,0.014492699555770849
using jwt,-0.014555052817292533,0.014555052817292533
user inputs,-0.014565783238181593,0.014565783238181593
authorization blob,-0.014589615743046267,0.014589615743046267
dns record,-0.014614361055845366,0.014614361055845366
autoupdate,-0.014639102182963798,0.014639102182963798
io autoupdate,-0.014639102182963798,0.014639102182963798
kubernetes blob,-0.014669634797328416,0.014669634797328416
test password,-0.014688017729218019,0.014688017729218019
overload,-0.014715515830422993,0.014715515830422993
config files,-0.01475685883076684,0.01475685883076684
edit secret,-0.014805704760171545,0.014805704760171545
secret edit,-0.014805704760171545,0.014805704760171545
replace old,-0.014805704760171545,0.014805704760171545
replace ca,-0.014805704760171545,0.014805704760171545
secret replace,-0.014805704760171545,0.014805704760171545
encoded certificate,-0.014805704760171545,0.014805704760171545
secret generic,-0.014819095870516639,0.014819095870516639
https kubernetes,-0.014842529811572696,0.014842529811572696
password grant,-0.014874974571133917,0.014874974571133917
shared secret,-0.01488025937820273,0.01488025937820273
mshaposhnik,-0.014883043348612167,0.014883043348612167
mshaposhnik wdyt,-0.014883043348612167,0.014883043348612167
directly related,-0.014920333400618227,0.014920333400618227
proposals,-0.014953098137643686,0.014953098137643686
fair,-0.014995730788400252,0.014995730788400252
uses token,-0.015001092336630687,0.015001092336630687
ok just,-0.015052990815466436,0.015052990815466436
passing authorization,-0.015079713315741542,0.015079713315741542
grant type,-0.01510248395228765,0.01510248395228765
using self,-0.015129051412240921,0.015129051412240921
crt value,-0.01513870356277207,0.01513870356277207
certificate run,-0.01513870356277207,0.01513870356277207
update privileges,-0.015141171039402913,0.015141171039402913
include secret,-0.015150793202188605,0.015150793202188605
change like,-0.015160814249718348,0.015160814249718348
privacy security,-0.01516560555211099,0.01516560555211099
api password,-0.015168390380453867,0.015168390380453867
refresh config,-0.015184443911825357,0.015184443911825357
type valid,-0.015184443911825357,0.015184443911825357
lists,-0.015245633139476977,0.015245633139476977
create access,-0.015255403476617873,0.015255403476617873
secret validation,-0.01527113358692686,0.01527113358692686
authenticating kafka,-0.015328907825545642,0.015328907825545642
supports authentication,-0.015328907825545642,0.015328907825545642
necessary use,-0.015328907825545642,0.015328907825545642
clients client,-0.015328907825545642,0.015328907825545642
recommended authenticating,-0.015328907825545642,0.015328907825545642
goes away,-0.01539250310788087,0.01539250310788087
password prompt,-0.015399583974258632,0.015399583974258632
bartonjs,-0.015416961519879886,0.015416961519879886
optimizer,-0.015484654999266522,0.015484654999266522
pkcs src,-0.015518448404021773,0.015518448404021773
feels,-0.01553606730702131,0.01553606730702131
certificate nginx,-0.015546261158825488,0.015546261158825488
ingress secret,-0.015546261158825488,0.015546261158825488
red,-0.01563445900525732,0.01563445900525732
method required,-0.015635607437138134,0.015635607437138134
request api,-0.015681035783680193,0.015681035783680193
invalidating api,-0.015681035783680193,0.015681035783680193
invalidating,-0.015681035783680193,0.015681035783680193
string string,-0.01570417396535477,0.01570417396535477
security aut,-0.015743431281270273,0.015743431281270273
account_management,-0.01577100618432479,0.01577100618432479
provider using,-0.015773774404750085,0.015773774404750085
perform specific,-0.015870041513486362,0.015870041513486362
xyz,-0.015882300074798777,0.015882300074798777
secret holds,-0.01591606290615231,0.01591606290615231
enable log,-0.01592005969991595,0.01592005969991595
ignored,-0.016006615130729353,0.016006615130729353
internal cryptography,-0.01604294151420318,0.01604294151420318
anonymous user,-0.016083095148180574,0.016083095148180574
file __,-0.016086230427877643,0.016086230427877643
suggestion oc,-0.016086230427877643,0.016086230427877643
generic self,-0.016086230427877643,0.016086230427877643
__ path,-0.016086230427877643,0.016086230427877643
enforce authorization,-0.01608805651695346,0.01608805651695346
sufficient,-0.01612094832155344,0.01612094832155344
big concern,-0.01612553446503723,0.01612553446503723
initial,-0.016133073288089873,0.016133073288089873
example module,-0.016140858003630534,0.016140858003630534
picked,-0.01617015949225242,0.01617015949225242
freebsd,-0.016276819218662066,0.016276819218662066
just requires,-0.01628327211104299,0.01628327211104299
members,-0.016291734454323872,0.016291734454323872
revoked,-0.016297883584850334,0.016297883584850334
massive security,-0.016405077558183816,0.016405077558183816
wonder good,-0.016441488112605998,0.016441488112605998
holds password,-0.016453994606419924,0.016453994606419924
string api,-0.016506490004847624,0.016506490004847624
password database,-0.016545691757780534,0.016545691757780534
secure api,-0.016554597931288724,0.016554597931288724
suggestion good,-0.016554597931288724,0.016554597931288724
secrets client,-0.016554597931288724,0.016554597931288724
rolebindingrestrictioninformer,-0.016593829920788738,0.016593829920788738
slave,-0.016602424875404937,0.016602424875404937
token logging,-0.016664663106690163,0.016664663106690163
secret added,-0.016665810976002806,0.016665810976002806
use custom,-0.01671845016763806,0.01671845016763806
turn,-0.016720853201421606,0.016720853201421606
suggestion const,-0.016764969085103866,0.016764969085103866
usr,-0.016773096704117245,0.016773096704117245
bad things,-0.016882370289869154,0.016882370289869154
forever,-0.01693119348417621,0.01693119348417621
dev certificate,-0.01694317807131595,0.01694317807131595
app token,-0.016953134969254588,0.016953134969254588
ecb,-0.016989283692697782,0.016989283692697782
aes ecb,-0.016989283692697782,0.016989283692697782
authentication process,-0.01702138767568045,0.01702138767568045
logic inside,-0.01707955538709478,0.01707955538709478
current authorization,-0.017158537686927718,0.017158537686927718
considered security,-0.01717022268871013,0.01717022268871013
mount secret,-0.017232546507725897,0.017232546507725897
spatialos,-0.01724422313281849,0.01724422313281849
authorization url,-0.017283500983128437,0.017283500983128437
roleassignments,-0.017304119265972515,0.017304119265972515
specification authorization,-0.017304119265972515,0.017304119265972515
freeing,-0.017333287805429788,0.017333287805429788
make,-0.01734149529069217,0.01734149529069217
connection established,-0.017350658366445403,0.017350658366445403
branches,-0.017385026556327027,0.017385026556327027
l12,-0.01739566162378492,0.01739566162378492
names es,-0.01742939041663911,0.01742939041663911
secret import,-0.01744620963699598,0.01744620963699598
fed,-0.01744620963699598,0.01744620963699598
actual registry,-0.01744620963699598,0.01744620963699598
change include,-0.017448454641903914,0.017448454641903914
tls envoy,-0.01744845464190392,0.01744845464190392
changes ll,-0.017461594878180022,0.017461594878180022
authentication test,-0.017503434606381298,0.017503434606381298
sanity,-0.017541190167688455,0.017541190167688455
vault ca,-0.01759384431088056,0.01759384431088056
key directly,-0.017686543365511495,0.017686543365511495
en security,-0.017710649267957245,0.017710649267957245
http pulsar,-0.017710649267957245,0.017710649267957245
docs en,-0.017710649267957245,0.017710649267957245
pulsar apache,-0.017710649267957245,0.017710649267957245
authentications,-0.01785576440296391,0.01785576440296391
key id,-0.01787231563769916,0.01787231563769916
ecb pkcs5,-0.017879031347912397,0.017879031347912397
issue don,-0.017906779590770996,0.017906779590770996
inserting,-0.017917244682638184,0.017917244682638184
cases covered,-0.01796581162951632,0.01796581162951632
glossary,-0.017967057184026664,0.017967057184026664
camelcase,-0.018043259964289602,0.018043259964289602
fit,-0.01804987326482375,0.01804987326482375
provide custom,-0.01805190783780977,0.01805190783780977
suggestion test,-0.018078670660697134,0.018078670660697134
subset,-0.01808412971785728,0.01808412971785728
auth tls,-0.018101427922600125,0.018101427922600125
currently cluster,-0.018179755407736135,0.018179755407736135
apikeyid,-0.018182710348728464,0.018182710348728464
contain username,-0.018182710348728464,0.018182710348728464
username apikeyid,-0.018182710348728464,0.018182710348728464
self,-0.018189249915251306,0.018189249915251306
ui,-0.018207768437798054,0.018207768437798054
ca public,-0.01821557445017844,0.01821557445017844
placeholder,-0.018343894559968234,0.018343894559968234
authorization example,-0.018348236700403,0.018348236700403
threat,-0.018417989743112925,0.018417989743112925
directive,-0.01843282732355514,0.01843282732355514
cancellation,-0.018450446396371376,0.018450446396371376
used encrypt,-0.018479796831927218,0.018479796831927218
false need,-0.018492740445283855,0.018492740445283855
findings,-0.01852284998070891,0.01852284998070891
relating,-0.018564252971133136,0.018564252971133136
velero,-0.018643427171425347,0.018643427171425347
v1,-0.018677467112576625,0.018677467112576625
authentication requires,-0.018718061999692337,0.018718061999692337
closing,-0.018738928237563703,0.018738928237563703
used kafka,-0.01883122512918831,0.01883122512918831
identity kafka,-0.01883122512918831,0.01883122512918831
change token,-0.018849892336867673,0.018849892336867673
issue test,-0.018860743780281866,0.018860743780281866
discovery request,-0.018870498716033676,0.018870498716033676
old certificate,-0.018901527254613495,0.018901527254613495
com mozilla,-0.018930264695266878,0.018930264695266878
comment example,-0.018957239301083544,0.018957239301083544
apis authorization,-0.018957239301083544,0.018957239301083544
token signed,-0.018971631462071686,0.018971631462071686
test authorization,-0.01901066792646519,0.01901066792646519
default open,-0.0190787475242159,0.0190787475242159
tokens default,-0.019078747524215914,0.019078747524215914
phrase,-0.019106615285881402,0.019106615285881402
passwd,-0.019125452107500246,0.019125452107500246
tries decrypt,-0.019136622746039975,0.019136622746039975
suggestion ssl,-0.019229292650917152,0.019229292650917152
09 01,-0.019237274145065014,0.019237274145065014
protect,-0.01925452577128591,0.01925452577128591
data clouds,-0.01933216840335254,0.01933216840335254
implement tls,-0.019332726520380386,0.019332726520380386
elaborate,-0.019336687569967655,0.019336687569967655
based jwt,-0.019350695772037976,0.019350695772037976
partner portal,-0.019350695772037976,0.019350695772037976
appending tokens,-0.019350695772037976,0.019350695772037976
tokens request,-0.019350695772037976,0.019350695772037976
requires obtaining,-0.019350695772037976,0.019350695772037976
token partner,-0.019350695772037976,0.019350695772037976
portal appending,-0.019350695772037976,0.019350695772037976
obtaining aad,-0.019350695772037976,0.019350695772037976
based security,-0.019369017783265597,0.019369017783265597
support authentication,-0.019489937487262743,0.019489937487262743
docs api,-0.019534466875809016,0.019534466875809016
language,-0.019623224136413934,0.019623224136413934
different ways,-0.01963237649924737,0.01963237649924737
sentence confusing,-0.01965319120506785,0.01965319120506785
integer,-0.01966171883916032,0.01966171883916032
stored inside,-0.01968724652378377,0.01968724652378377
like create,-0.019711924410408775,0.019711924410408775
312,-0.01971664332286022,0.01971664332286022
authorization default,-0.01971664332286023,0.01971664332286023
636 tls,-0.019746975308095785,0.019746975308095785
636,-0.019746975308095785,0.019746975308095785
ldaps,-0.01974697530809579,0.01974697530809579
bearer tokens,-0.019868186572280153,0.019868186572280153
way hash,-0.019884775250915844,0.019884775250915844
miscreantcipher,-0.019902728194034144,0.019902728194034144
good,-0.01990455728644653,0.01990455728644653
certs used,-0.019933570366256977,0.019933570366256977
mode need,-0.019934817957567515,0.019934817957567515
right client,-0.019934817957567522,0.019934817957567522
time based,-0.020023652583976172,0.020023652583976172
authentication provides,-0.020082802442681524,0.020082802442681524
numbers,-0.020142109806363794,0.020142109806363794
represented,-0.02017371543367981,0.02017371543367981
mig,-0.020237568341910435,0.020237568341910435
velero cloud,-0.020237568341910435,0.020237568341910435
client provided,-0.020297699642999455,0.020297699642999455
moved outside,-0.020297699642999455,0.020297699642999455
case authentication,-0.0203480973965314,0.0203480973965314
suggestion security,-0.02038583118484791,0.02038583118484791
articles,-0.020410917425446536,0.020410917425446536
ldap protocol,-0.020414384331625134,0.020414384331625134
selects ldaps,-0.020414384331625134,0.020414384331625134
selects ldap,-0.020414384331625134,0.020414384331625134
ldaps protocol,-0.020414384331625134,0.020414384331625134
tls selects,-0.020414384331625134,0.020414384331625134
port 389,-0.020414384331625134,0.020414384331625134
ssl selects,-0.020414384331625134,0.020414384331625134
port 636,-0.020414384331625134,0.020414384331625134
service ca,-0.02043181644610131,0.02043181644610131
falcon,-0.02043647549829139,0.02043647549829139
people going,-0.020487995568206616,0.020487995568206616
additional,-0.020489183102453304,0.020489183102453304
protect user,-0.020536617953160693,0.020536617953160693
certificates signed,-0.020586162645027863,0.020586162645027863
codeready workspaces,-0.020586162645027866,0.020586162645027866
workspaces tls,-0.020586162645027866,0.020586162645027866
codeready,-0.020586162645027866,0.020586162645027866
certificates operator,-0.020586162645027866,0.020586162645027866
workspaces,-0.020586162645027866,0.020586162645027866
use codeready,-0.020586162645027866,0.020586162645027866
check prevent,-0.020720137270986053,0.020720137270986053
identity provider,-0.020745759462784216,0.020745759462784216
outgoing,-0.02078579844614181,0.02078579844614181
single page,-0.02078579844614181,0.02078579844614181
page app,-0.02078579844614181,0.02078579844614181
let remove,-0.02079665718077787,0.02079665718077787
150,-0.020826751435278942,0.020826751435278942
glad,-0.020832555112268482,0.020832555112268482
data stored,-0.02083369684719208,0.02083369684719208
stored expo,-0.02083369684719208,0.02083369684719208
refers,-0.02083369684719208,0.02083369684719208
isauthorized,-0.020860570237414715,0.020860570237414715
type string,-0.020880164718069895,0.020880164718069895
inside secret,-0.020900561672444223,0.020900561672444223
netwo,-0.020969680496979542,0.020969680496979542
securely encrypted,-0.020978284654329916,0.020978284654329916
descriptive,-0.021008758860982465,0.021008758860982465
using aad,-0.021021082164346446,0.021021082164346446
privilege level,-0.02106801106871168,0.02106801106871168
default credentials,-0.021073384219879098,0.021073384219879098
rabbitmq,-0.021073384219879105,0.021073384219879105
okta session,-0.021124183530365007,0.021124183530365007
current okta,-0.021124183530365007,0.021124183530365007
matches current,-0.021124183530365007,0.021124183530365007
subject id,-0.021124183530365007,0.021124183530365007
token matches,-0.021124183530365007,0.021124183530365007
perform,-0.02121728307425126,0.02121728307425126
namewithtype information,-0.02129498349656904,0.02129498349656904
sure password,-0.0212960379904809,0.0212960379904809
suggestion optionally,-0.021322063790942796,0.021322063790942796
utilize,-0.021336359893987435,0.021336359893987435
mean,-0.021344506486408125,0.021344506486408125
token local,-0.021391953836078073,0.021391953836078073
better security,-0.02141262498296611,0.02141262498296611
account settings,-0.02141262498296611,0.02141262498296611
forcing,-0.021412624982966116,0.021412624982966116
guides,-0.02141969195765419,0.02141969195765419
want print,-0.02148489261818543,0.02148489261818543
lead security,-0.021565944064409173,0.021565944064409173
used use,-0.021567053090035832,0.021567053090035832
302,-0.021624573807119022,0.021624573807119022
object namespace,-0.021723865030857027,0.021723865030857027
credentials gotten,-0.02173155349992792,0.02173155349992792
sample demonstrates,-0.02173155349992792,0.02173155349992792
create namespace,-0.02173155349992792,0.02173155349992792
demonstrates create,-0.02173155349992792,0.02173155349992792
72,-0.021752162474537557,0.021752162474537557
en rest,-0.021752162474537557,0.021752162474537557
log error,-0.021799056852086784,0.021799056852086784
nginx ingress,-0.021884641967653242,0.021884641967653242
probably want,-0.0219083320873637,0.0219083320873637
oauth2 openid,-0.022024310234028628,0.022024310234028628
correct using,-0.02202431023402863,0.02202431023402863
token example,-0.022077890734650735,0.022077890734650735
named,-0.022108739669555986,0.022108739669555986
kube apiserver,-0.022113337943971047,0.022113337943971047
real world,-0.022143071533237992,0.022143071533237992
iiuc,-0.022158090902972986,0.022158090902972986
exist check,-0.022165454905839085,0.022165454905839085
configure authorization,-0.02218163898561995,0.02218163898561995
violation,-0.022183796684993477,0.022183796684993477
legacy authentication,-0.022190299263359112,0.022190299263359112
withpassword,-0.02221103983715007,0.02221103983715007
withpassword method,-0.02221103983715007,0.02221103983715007
secret doesn,-0.022236648175099762,0.022236648175099762
suggest changing,-0.022239334359616048,0.022239334359616048
allowed tls,-0.02224583450974794,0.02224583450974794
erro,-0.02224583450974794,0.02224583450974794
space suggestion,-0.02225870596774629,0.02225870596774629
installs,-0.022320157700814993,0.022320157700814993
token sure,-0.02233448703617163,0.02233448703617163
say really,-0.02233448703617163,0.02233448703617163
activate tls,-0.02236113519954604,0.02236113519954604
remote host,-0.022361135199546044,0.022361135199546044
login username,-0.02240386010897041,0.02240386010897041
configmaps,-0.0224747534150704,0.0224747534150704
broken authorization,-0.022482931507105286,0.022482931507105286
takes care,-0.022503893851675373,0.022503893851675373
method authorization,-0.022504587830770657,0.022504587830770657
create separate,-0.022515347250727596,0.022515347250727596
binary,-0.022555173245837563,0.022555173245837563
url matches,-0.02256040676161188,0.02256040676161188
note use,-0.022644141641803932,0.022644141641803932
userinfo,-0.022656030236774084,0.022656030236774084
cloud google,-0.022791032298158355,0.022791032298158355
suggest moving,-0.022819439780777426,0.022819439780777426
example use,-0.022824080126540046,0.022824080126540046
invitation,-0.022824080126540053,0.022824080126540053
misspelled,-0.02283567167660233,0.02283567167660233
secret good,-0.02289146390824038,0.02289146390824038
jx,-0.022910113350894594,0.022910113350894594
cert tls,-0.022910113350894594,0.022910113350894594
pipenv,-0.022923212188266148,0.022923212188266148
requests package,-0.022923212188266148,0.022923212188266148
running pipenv,-0.022923212188266148,0.022923212188266148
control permissions,-0.02306386028884446,0.02306386028884446
administrator list,-0.02306386028884446,0.02306386028884446
occurred,-0.023071589861793692,0.023071589861793692
key certificate,-0.02310881501660856,0.02310881501660856
allow users,-0.02312259563648306,0.02312259563648306
configmap secret,-0.023155563078422443,0.023155563078422443
nix store,-0.023182885061074167,0.023182885061074167
submitting,-0.023199376187319307,0.023199376187319307
think check,-0.023222158525415513,0.023222158525415513
validation tls,-0.023227506783843596,0.023227506783843596
create method,-0.02323477251378664,0.02323477251378664
user information,-0.02323865932603026,0.02323865932603026
comment correct,-0.023314547131672244,0.023314547131672244
development authentication,-0.023326571268855362,0.023326571268855362
maybe allow,-0.023351717453863826,0.023351717453863826
accountname,-0.02337008791433937,0.02337008791433937
xref microsoft,-0.023381546041932284,0.023381546041932284
improvement,-0.02338209668244564,0.02338209668244564
riot,-0.023392019071859428,0.023392019071859428
docs providers,-0.023397266376897787,0.023397266376897787
let mention,-0.0233972663768978,0.0233972663768978
right looks,-0.023400099668256628,0.023400099668256628
line https,-0.023447906339180983,0.023447906339180983
login server,-0.023488531363539157,0.023488531363539157
use openshift,-0.023523543428744895,0.023523543428744895
jwt,-0.023571462653759465,0.023571462653759465
hosting add,-0.023609933404132,0.023609933404132
server hosting,-0.023609933404132,0.023609933404132
spinnaker,-0.023624570037499855,0.023624570037499855
onet,-0.023659589039339346,0.023659589039339346
make code,-0.023740899135052597,0.023740899135052597
js const,-0.023764323352679497,0.023764323352679497
authorization kubernetes,-0.023831438755778124,0.023831438755778124
cookie secret,-0.023842228333031807,0.023842228333031807
man page,-0.02387180442399482,0.02387180442399482
secrets secrets,-0.02387541555530053,0.02387541555530053
measures,-0.023886529964148518,0.023886529964148518
voting,-0.023917572924554497,0.023917572924554497
voting authorization,-0.023917572924554497,0.023917572924554497
uses password,-0.023945201494918668,0.023945201494918668
authentication details,-0.024013047333474917,0.024013047333474917
uncommon,-0.024024080418979046,0.024024080418979046
gcp bucket,-0.02410230185668763,0.02410230185668763
permissions gcp,-0.02410230185668763,0.02410230185668763
bucket used,-0.02410230185668763,0.02410230185668763
k8s sa,-0.024123558856892813,0.024123558856892813
path var,-0.024123558856892813,0.024123558856892813
token pass,-0.024123558856892813,0.024123558856892813
api user,-0.024123819866739275,0.024123819866739275
cipher,-0.024144565836149295,0.024144565836149295
mixes,-0.024149287686667076,0.024149287686667076
class mixes,-0.024149287686667076,0.024149287686667076
results,-0.02416703403474332,0.02416703403474332
api reference,-0.024233484579639315,0.024233484579639315
way create,-0.024246134512010683,0.024246134512010683
access,-0.024253727750434464,0.024253727750434464
replacing,-0.024267572526197257,0.024267572526197257
ecs,-0.024272441590419094,0.024272441590419094
copy ssl,-0.02427960776508026,0.02427960776508026
just leave,-0.024336065823850714,0.024336065823850714
pense,-0.024365031482159957,0.024365031482159957
je pense,-0.024365031482159957,0.024365031482159957
case assuming,-0.024415918088108158,0.024415918088108158
stage,-0.024432071250934773,0.024432071250934773
secret created,-0.0244387558611355,0.0244387558611355
yes case,-0.024440926009969777,0.024440926009969777
certificate bundle,-0.024506026388300198,0.024506026388300198
code cleaner,-0.02454329494819457,0.02454329494819457
keys token,-0.02459849283235723,0.02459849283235723
clients using,-0.02459849283235723,0.02459849283235723
currently does,-0.02459849283235723,0.02459849283235723
token returned,-0.02463457614831506,0.02463457614831506
need ensure,-0.02464307518431714,0.02464307518431714
collisions,-0.024644868245000208,0.024644868245000208
oidc credentials,-0.024648048874266245,0.024648048874266245
credentials yaml,-0.02464804887426625,0.02464804887426625
run sentence,-0.024687517057420703,0.024687517057420703
60,-0.02470374422448282,0.02470374422448282
add example,-0.02471134456265596,0.02471134456265596
authenticated sessions,-0.02473199209222887,0.02473199209222887
100,-0.024734066374827637,0.024734066374827637
token string,-0.024753047131526856,0.024753047131526856
extra headers,-0.024824641221792,0.024824641221792
setting authentication,-0.024824641221792,0.024824641221792
does handle,-0.024824641221792034,0.024824641221792034
pipe,-0.024870838920325232,0.024870838920325232
_please,-0.025009214456616993,0.025009214456616993
anti forgery,-0.025035797544104947,0.025035797544104947
create session,-0.025065606289665084,0.025065606289665084
cluster tls,-0.025069853936119733,0.025069853936119733
core authentication,-0.0252087845901324,0.0252087845901324
backend api,-0.025211925808047004,0.025211925808047004
menu item,-0.025211925808047004,0.025211925808047004
expected base64,-0.025234443375915638,0.025234443375915638
api needs,-0.025242646702853946,0.025242646702853946
authentication service,-0.025306014366695224,0.025306014366695224
file contains,-0.025307858373677865,0.025307858373677865
httponly,-0.025355829540057145,0.025355829540057145
certificate tls,-0.02537167615958294,0.02537167615958294
pushed,-0.025392270294729086,0.025392270294729086
typescript,-0.025433838046284005,0.025433838046284005
istio blob,-0.025466098949367032,0.025466098949367032
_please reword,-0.02547978791941538,0.02547978791941538
tls listener,-0.02547978791941538,0.02547978791941538
user allowed,-0.025481021671155752,0.025481021671155752
104,-0.025483274187671413,0.025483274187671413
pem encoded,-0.02548937470560737,0.02548937470560737
need following,-0.0255294789844574,0.0255294789844574
projected,-0.025529478984457402,0.025529478984457402
server access,-0.025529478984457402,0.025529478984457402
authorization http,-0.025657122605251333,0.025657122605251333
suggestion difficult,-0.025680889201887706,0.025680889201887706
userid password,-0.02570787235409264,0.02570787235409264
appropriate privileges,-0.025728791441149316,0.025728791441149316
event hub,-0.025735197605078697,0.025735197605078697
proper permissions,-0.02577403632521654,0.02577403632521654
connector service,-0.02578911209100842,0.02578911209100842
extending,-0.025803255713117222,0.025803255713117222
figure implement,-0.02582812750465702,0.02582812750465702
alpine,-0.025900141037043356,0.025900141037043356
password different,-0.02591692769516505,0.02591692769516505
reloaded,-0.025917165814241642,0.025917165814241642
tls https,-0.025917165814241642,0.025917165814241642
using form,-0.025928344222005798,0.025928344222005798
server client,-0.025946669535284787,0.025946669535284787
create basic,-0.025963464255728604,0.025963464255728604
key public,-0.025983421804806523,0.025983421804806523
page user,-0.02602095222183835,0.02602095222183835
password needed,-0.026065796217998524,0.026065796217998524
fetch new,-0.026065796217998524,0.026065796217998524
principal,-0.026090808660521016,0.026090808660521016
separated,-0.02611084511484511,0.02611084511484511
account file,-0.026163214334844816,0.026163214334844816
backup credentials,-0.026163214334844816,0.026163214334844816
preset kyma,-0.026163214334844816,0.026163214334844816
contains write,-0.026163214334844816,0.026163214334844816
variable json,-0.026163214334844816,0.026163214334844816
kyma backup,-0.026163214334844816,0.026163214334844816
credentials sets,-0.026163214334844816,0.026163214334844816
sets environment,-0.026163214334844816,0.026163214334844816
used backups,-0.026163214334844816,0.026163214334844816
certificate authenticate,-0.026184827496485114,0.026184827496485114
personal account,-0.026252205795297474,0.026252205795297474
added config,-0.02625220579529749,0.02625220579529749
bearer_token_auth,-0.026318828370227504,0.026318828370227504
electron,-0.026324101956950396,0.026324101956950396
k8s service,-0.0263268031315377,0.0263268031315377
schemes,-0.02633656349253092,0.02633656349253092
productplatformname,-0.026340954761917106,0.026340954761917106
9093,-0.026340954761917106,0.026340954761917106
inside productplatformname,-0.026340954761917106,0.026340954761917106
port 9093,-0.026340954761917106,0.026340954761917106
listener port,-0.026340954761917106,0.026340954761917106
placed ssl,-0.026350865562673933,0.026350865562673933
suggestion ca,-0.026350865562673933,0.026350865562673933
terraform runs,-0.026350865562673933,0.026350865562673933
available terraform,-0.026350865562673933,0.026350865562673933
creation file,-0.026350865562673933,0.026350865562673933
necessary pem,-0.026350865562673933,0.026350865562673933
containing necessary,-0.026350865562673933,0.026350865562673933
image creation,-0.026350865562673933,0.026350865562673933
file containing,-0.026350865562673933,0.026350865562673933
runs image,-0.026350865562673933,0.026350865562673933
certificates available,-0.026350865562673933,0.026350865562673933
certificates placed,-0.026350865562673933,0.026350865562673933
encoded ca,-0.026350865562673933,0.026350865562673933
settings tokens,-0.026375389279344484,0.026375389279344484
authorization managed,-0.026386900217829346,0.026386900217829346
right really,-0.026409740992179825,0.026409740992179825
iam authentication,-0.02644458878038172,0.02644458878038172
credentials use,-0.026473424868476238,0.026473424868476238
required false,-0.02647478274898689,0.02647478274898689
credentials returned,-0.026484788296424044,0.026484788296424044
single secret,-0.026530276077103426,0.026530276077103426
custom header,-0.0265483318234195,0.0265483318234195
code just,-0.026554230658836504,0.026554230658836504
according https,-0.02655600173344852,0.02655600173344852
happy,-0.026567657076148724,0.026567657076148724
sa default,-0.026589577175190948,0.026589577175190948
certificates needed,-0.026623986512059303,0.026623986512059303
hack,-0.026647293344271836,0.026647293344271836
subject verb,-0.026671443559998426,0.026671443559998426
verb agreement,-0.026671443559998426,0.026671443559998426
line defense,-0.026713036993345624,0.026713036993345624
specific error,-0.026789550239901774,0.026789550239901774
ing,-0.026792786560204684,0.026792786560204684
scm,-0.026816313161466907,0.026816313161466907
src internal,-0.026857893381489067,0.026857893381489067
eth,-0.02687050112450968,0.02687050112450968
shared instances,-0.026881100807933253,0.026881100807933253
hand,-0.026932770568891803,0.026932770568891803
txt asset,-0.02694162821534699,0.02694162821534699
devauthtoken txt,-0.02694162821534699,0.02694162821534699
devauthtoken,-0.02694162821534699,0.02694162821534699
user_id,-0.026945479085439317,0.026945479085439317
defining,-0.0269875564735721,0.0269875564735721
com cloud,-0.02699977394497585,0.02699977394497585
custom request,-0.02701280642988443,0.02701280642988443
pass actual,-0.02706809828251091,0.02706809828251091
symmetric,-0.02711927097647736,0.02711927097647736
ssl cert,-0.02714580763788632,0.02714580763788632
metrics authorization,-0.027156804852106066,0.027156804852106066
single sign,-0.02717572619730491,0.02717572619730491
html method,-0.02718373321298646,0.02718373321298646
just ssl,-0.02718613090396723,0.02718613090396723
add bearer,-0.02720835313384075,0.02720835313384075
bearer_token_auth true,-0.027208353133840756,0.027208353133840756
set bearer_token_auth,-0.027208353133840756,0.027208353133840756
credentials wrong,-0.027220108549426286,0.027220108549426286
individual user,-0.027362494776471232,0.027362494776471232
store database,-0.02736882229142526,0.02736882229142526
pass query,-0.02736882229142526,0.02736882229142526
encrypt secret,-0.027368822291425267,0.027368822291425267
connectivity,-0.027378482160241944,0.027378482160241944
certs controller,-0.027378482160241944,0.027378482160241944
connectivity certs,-0.027378482160241944,0.027378482160241944
suggestion connectivity,-0.027378482160241944,0.027378482160241944
maybe actually,-0.02746353676923817,0.02746353676923817
validation sending,-0.02756853462019358,0.02756853462019358
like yaml,-0.027594815880962336,0.027594815880962336
config like,-0.02759481588096234,0.02759481588096234
certificate format,-0.027617649322337116,0.027617649322337116
searchguard,-0.027617649322337116,0.027617649322337116
searchguard ssl,-0.027617649322337116,0.027617649322337116
ssl transport,-0.027617649322337116,0.027617649322337116
yes want,-0.02766015649177407,0.02766015649177407
determine,-0.027702305719288462,0.027702305719288462
service,-0.027728766881087993,0.027728766881087993
using secure,-0.027730083976368027,0.027730083976368027
client ca,-0.027767520317576868,0.027767520317576868
key client,-0.027767520317576868,0.027767520317576868
principal id,-0.027798585308079823,0.027798585308079823
scenario uses,-0.027798585308079823,0.027798585308079823
external services,-0.027830913342252152,0.027830913342252152
making,-0.02786788668420525,0.02786788668420525
begin,-0.027873839259528688,0.027873839259528688
username token,-0.02798349488875565,0.02798349488875565
switch,-0.028028024492098378,0.028028024492098378
authentication information,-0.028048747885652713,0.028048747885652713
spend,-0.028062154699092175,0.028062154699092175
password api,-0.028064912371106362,0.028064912371106362
token cache,-0.02806539820209649,0.02806539820209649
progress,-0.028072263224319393,0.028072263224319393
ought,-0.028085293955093082,0.028085293955093082
directory ldap,-0.028094212426312767,0.028094212426312767
credentials api,-0.028139919133615465,0.028139919133615465
bad credentials,-0.02814009481486145,0.02814009481486145
certificate successfully,-0.028205717340012905,0.028205717340012905
certificate resource,-0.028205717340012905,0.028205717340012905
message unable,-0.028221525838188696,0.028221525838188696
way right,-0.028226111504734013,0.028226111504734013
update secret,-0.028294846139770968,0.028294846139770968
specs,-0.02835070545046138,0.02835070545046138
test safe,-0.02842065722671184,0.02842065722671184
credentials usually,-0.028507215929683423,0.028507215929683423
optional step,-0.02853148580072378,0.02853148580072378
role_assignments_operations,-0.028606932732567248,0.028606932732567248
role_assignments_operations py,-0.028606932732567248,0.028606932732567248
master azure,-0.028606932732567248,0.028606932732567248
sdk python,-0.028606932732567248,0.028606932732567248
python blob,-0.028606932732567248,0.028606932732567248
operations role_assignments_operations,-0.028606932732567248,0.028606932732567248
authorization azure,-0.028606932732567248,0.028606932732567248
const credentials,-0.028633310401692067,0.028633310401692067
relying,-0.02865223863997219,0.02865223863997219
obvious,-0.028686163551128338,0.028686163551128338
used sign,-0.02869787109985005,0.02869787109985005
credentials instead,-0.028728171530131647,0.028728171530131647
instance metadata,-0.02872817153013165,0.02872817153013165
store username,-0.028736854372858407,0.028736854372858407
discussion,-0.02873879911047177,0.02873879911047177
connecting tls,-0.02877223508040456,0.02877223508040456
maybe rename,-0.028780840894671145,0.028780840894671145
understand code,-0.028780840894671145,0.028780840894671145
buy,-0.028824792651980503,0.028824792651980503
going,-0.028875800044364443,0.028875800044364443
conditions,-0.028914919511309947,0.028914919511309947
tokens using,-0.028969214654346875,0.028969214654346875
having secret,-0.02904114075474914,0.02904114075474914
patterns,-0.029095340199907654,0.029095340199907654
secret claim,-0.029108242794235642,0.029108242794235642
claim store,-0.029108242794235642,0.029108242794235642
credentials email,-0.029121973081140135,0.029121973081140135
define authorization,-0.029151661985448912,0.029151661985448912
https cloud,-0.029155535824153603,0.029155535824153603
session does,-0.029210779505870595,0.029210779505870595
authorization time,-0.029238577516793353,0.029238577516793353
comment consider,-0.029254020881040493,0.029254020881040493
admin authorization,-0.029269220244159542,0.029269220244159542
setup tls,-0.029272734065831668,0.029272734065831668
dns setup,-0.029272734065831668,0.029272734065831668
generation optional,-0.029272734065831668,0.029272734065831668
generally speaking,-0.029309626865064872,0.029309626865064872
distro,-0.02933233429254368,0.02933233429254368
v2 endpoints,-0.029339163035566447,0.029339163035566447
stored secret,-0.02938409243275414,0.02938409243275414
test key,-0.0294417798831823,0.0294417798831823
authenticate credentials,-0.029491170344821415,0.029491170344821415
abbr_first,-0.029511870798837565,0.029511870798837565
include envoy,-0.0295428017820677,0.0295428017820677
envoy tls,-0.0295428017820677,0.0295428017820677
longer,-0.029573286772403982,0.029573286772403982
credentials class,-0.029595709346788263,0.029595709346788263
given values,-0.02962120379756103,0.02962120379756103
use explicit,-0.029625442481020222,0.029625442481020222
need permissions,-0.029625442481020222,0.029625442481020222
want store,-0.029708103671399404,0.029708103671399404
login process,-0.02970810367139941,0.02970810367139941
privileges api,-0.02971831515868147,0.02971831515868147
different peer,-0.02972454169881858,0.02972454169881858
participant,-0.029750984300749062,0.029750984300749062
returns authorization,-0.02975098430074908,0.02975098430074908
authorization information,-0.02977873295706864,0.02977873295706864
kyma namespace,-0.029786594636806937,0.029786594636806937
certificate root,-0.029840044968930293,0.029840044968930293
cloud provider,-0.029848702554838437,0.029848702554838437
hono api,-0.029874168264170577,0.029874168264170577
eclipse org,-0.029874168264170577,0.029874168264170577
org hono,-0.029874168264170577,0.029874168264170577
www eclipse,-0.029874168264170577,0.029874168264170577
api hashed,-0.029874168264170577,0.029874168264170577
sds server,-0.030009737176262558,0.030009737176262558
encrypt password,-0.030149602319522767,0.030149602319522767
adding validation,-0.030217333644734303,0.030217333644734303
need encrypt,-0.03021815674406439,0.03021815674406439
like sql,-0.03025976067789967,0.03025976067789967
click advanced,-0.03033503891678372,0.03033503891678372
secret verify,-0.03042517184921646,0.03042517184921646
oauth_app_user,-0.030428563992414323,0.030428563992414323
authorize guess,-0.03042856399241435,0.03042856399241435
safecryptohandles cs,-0.03043596801242805,0.03043596801242805
cryptography safecryptohandles,-0.03043596801242805,0.03043596801242805
hennevogel,-0.030446517386079567,0.030446517386079567
decryption failed,-0.030449566587969983,0.030449566587969983
leaking private,-0.030464655285617745,0.030464655285617745
certificate need,-0.030466506530797122,0.030466506530797122
restore,-0.030475051691957123,0.030475051691957123
ve updated,-0.030480942538898784,0.030480942538898784
extra config,-0.03050563052089896,0.03050563052089896
config apiserver,-0.03050563052089896,0.03050563052089896
use following,-0.03051306982940915,0.03051306982940915
python def,-0.030544360695474396,0.030544360695474396
checking authorization,-0.030564873676224815,0.030564873676224815
ordering,-0.03056588118266428,0.03056588118266428
request authenticate,-0.030592226001989017,0.030592226001989017
provider google,-0.030714677189503114,0.030714677189503114
container registries,-0.030786160639479948,0.030786160639479948
secrets referenced,-0.030786160639479948,0.030786160639479948
think reasonable,-0.030788471440826234,0.030788471440826234
github username,-0.03082745597434678,0.03082745597434678
push credentials,-0.030903659354344186,0.030903659354344186
sslcontext,-0.030913836385700163,0.030913836385700163
just checking,-0.03092008244665002,0.03092008244665002
corresponding certificate,-0.03093172484886245,0.03093172484886245
vectors,-0.03095495808459539,0.03095495808459539
apis,-0.03098482681085514,0.03098482681085514
resources security,-0.030987910206082114,0.030987910206082114
intentions,-0.031013395607919558,0.031013395607919558
abbr,-0.03104848372226253,0.03104848372226253
nucypher,-0.03105695574883203,0.03105695574883203
standard use,-0.03106316985352918,0.03106316985352918
authentication add,-0.031072748703369433,0.031072748703369433
encrypt def,-0.031081708794176818,0.031081708794176818
def le,-0.031081708794176818,0.031081708794176818
user operator,-0.031125650945015838,0.031125650945015838
password scope,-0.03117520878443212,0.03117520878443212
think saying,-0.031260404313745584,0.031260404313745584
role_id encrypted,-0.03128248122173862,0.03128248122173862
sure need,-0.03130052206612508,0.03130052206612508
example app,-0.03130869641114416,0.03130869641114416
snap,-0.031424760979366057,0.031424760979366057
created previously,-0.031426900679266866,0.031426900679266866
silly,-0.03142690067926687,0.03142690067926687
est,-0.0315012412803847,0.0315012412803847
following command,-0.031544351725598094,0.031544351725598094
kind clusterrole,-0.031544351725598094,0.031544351725598094
biggest,-0.03154882922096317,0.03154882922096317
auth configs,-0.031551694751176876,0.031551694751176876
server authorization,-0.03169826369688877,0.03169826369688877
reused,-0.03170839423221897,0.03170839423221897
agent authorization,-0.031731147727782454,0.031731147727782454
maintainability,-0.031739480964242374,0.031739480964242374
_any_,-0.03173948096424239,0.03173948096424239
mixin,-0.03179242143188765,0.03179242143188765
là,-0.03181717292827169,0.03181717292827169
uppercase,-0.03183728739511849,0.03183728739511849
specific credentials,-0.03184563716263276,0.03184563716263276
contains public,-0.031884035733974796,0.031884035733974796
change security,-0.03191760743950405,0.03191760743950405
establishment,-0.03195866340522187,0.03195866340522187
100 authorization,-0.03195959193130015,0.03195959193130015
group policy,-0.031970723837565745,0.031970723837565745
rpcs,-0.03197072383756575,0.03197072383756575
globals,-0.032036292348091744,0.032036292348091744
update cases,-0.03211160325974188,0.03211160325974188
thought drop,-0.03211160325974188,0.03211160325974188
secondary create,-0.03211160325974188,0.03211160325974188
check create,-0.03211160325974188,0.03211160325974188
create update,-0.03211160325974188,0.03211160325974188
strategy interface,-0.03211160325974188,0.03211160325974188
initial thought,-0.03211160325974188,0.03211160325974188
interface secondary,-0.03211160325974188,0.03211160325974188
drop strategy,-0.03211160325974188,0.03211160325974188
zur,-0.03213220957175363,0.03213220957175363
appropriately,-0.03214068295710131,0.03214068295710131
performs authentication,-0.03214068295710131,0.03214068295710131
class methods,-0.03215585960585734,0.03215585960585734
methods instance,-0.03215585960585734,0.03215585960585734
methods implemented,-0.03215585960585734,0.03215585960585734
implemented class,-0.03215585960585734,0.03215585960585734
credentials encrypted,-0.03223366991456546,0.03223366991456546
password session,-0.03223673257378622,0.03223673257378622
record,-0.03224342179785836,0.03224342179785836
request like,-0.03233792378806018,0.03233792378806018
core functionality,-0.03233955871071033,0.03233955871071033
userguide,-0.03234209744176884,0.03234209744176884
access authorization,-0.032350967139860576,0.032350967139860576
credentials https,-0.032358418303000784,0.032358418303000784
visibility,-0.03236044535248575,0.03236044535248575
breaking,-0.0323805943984794,0.0323805943984794
kuzzle,-0.032391305871814054,0.032391305871814054
unit tests,-0.032398214660257454,0.032398214660257454
md authentication,-0.032400971791106445,0.032400971791106445
consist,-0.032400971791106445,0.032400971791106445
talk token,-0.03244527165665458,0.03244527165665458
secure access,-0.03252805803983342,0.03252805803983342
const authorizations,-0.03260197140021748,0.03260197140021748
authorizations authorization,-0.03260197140021748,0.03260197140021748
access api,-0.032625832603356844,0.032625832603356844
values ssl,-0.032647109927519596,0.032647109927519596
git sync,-0.03265186004426653,0.03265186004426653
data gitsshkey,-0.03265186004426653,0.03265186004426653
ssh authentication,-0.03265186004426653,0.03265186004426653
airflow,-0.03265186004426653,0.03265186004426653
base64_encoded_data,-0.03265186004426653,0.03265186004426653
sync ssh,-0.03265186004426653,0.03265186004426653
gitsshkey,-0.03265186004426653,0.03265186004426653
metadata airflow,-0.03265186004426653,0.03265186004426653
gitsshkey base64_encoded_data,-0.03265186004426653,0.03265186004426653
airflow secrets,-0.03265186004426653,0.03265186004426653
present,-0.032670512746792044,0.032670512746792044
mysecretpassword,-0.03267604271236648,0.03267604271236648
instead authorization,-0.0327191092549449,0.0327191092549449
clouds yaml,-0.03273220642624643,0.03273220642624643
clouds,-0.03273220642624643,0.03273220642624643
jdbc,-0.032787183369017564,0.032787183369017564
cluster having,-0.03278724007414299,0.03278724007414299
executing,-0.03278940537368588,0.03278940537368588
server roles,-0.03280805151678999,0.03280805151678999
stored,-0.03289065246618306,0.03289065246618306
just don,-0.0330002511771326,0.0330002511771326
ser,-0.0330142606740428,0.0330142606740428
good question,-0.03308173490436545,0.03308173490436545
bearer jwt,-0.03310694332002502,0.03310694332002502
gdpr,-0.033121353106129146,0.033121353106129146
logs,-0.033216861259701275,0.033216861259701275
key need,-0.033249616672988404,0.033249616672988404
implementation wrong,-0.033273442367868694,0.033273442367868694
_authorization_,-0.033273442367868694,0.033273442367868694
queries,-0.03329621118404387,0.03329621118404387
state machine,-0.03332200873199432,0.03332200873199432
cli config,-0.03332256400652174,0.03332256400652174
permissions https,-0.03334581429719549,0.03334581429719549
client think,-0.033363638153132175,0.033363638153132175
limits,-0.03337916065516075,0.03337916065516075
extraction,-0.03340985537123407,0.03340985537123407
function looks,-0.03344612025658613,0.03344612025658613
secretspopulator function,-0.03344612025658613,0.03344612025658613
x509certificates src,-0.03344929300974272,0.03344929300974272
pem files,-0.033459286514455934,0.033459286514455934
controls,-0.03349342124130966,0.03349342124130966
authentication endpoint,-0.0335655272200743,0.0335655272200743
wondering,-0.03360652682334395,0.03360652682334395
http server,-0.03364287599242717,0.03364287599242717
allow inserting,-0.03368973386953333,0.03368973386953333
nonce,-0.03374803517409895,0.03374803517409895
way travis,-0.033793113506341434,0.033793113506341434
test https,-0.0338559172351652,0.0338559172351652
gui,-0.033879400012455714,0.033879400012455714
environment example,-0.03388989407588673,0.03388989407588673
identities,-0.033918888948773804,0.033918888948773804
field think,-0.03393649563220034,0.03393649563220034
set awsaccesskeyid,-0.033947060165197794,0.033947060165197794
awsaccesskeyid,-0.033947060165197794,0.033947060165197794
credential add,-0.033947060165197794,0.033947060165197794
fluentd,-0.03394706016519781,0.03394706016519781
fetched,-0.0339528288571128,0.0339528288571128
flag set,-0.033981398213850995,0.033981398213850995
associated,-0.03398789055052479,0.03398789055052479
send authorization,-0.03399823405547257,0.03399823405547257
handle,-0.03400106844313652,0.03400106844313652
password passes,-0.03403635893245412,0.03403635893245412
authentication authentication,-0.03404136183513779,0.03404136183513779
tls cryptographic,-0.03406936837155703,0.03406936837155703
just token,-0.03407282263819402,0.03407282263819402
header bearer,-0.03407762435149273,0.03407762435149273
hash,-0.03407780418446234,0.03407780418446234
just users,-0.03415292730507027,0.03415292730507027
trying understand,-0.03415810323875311,0.03415810323875311
provided configuration,-0.03424162538720167,0.03424162538720167
token github,-0.03428552200834771,0.03428552200834771
think new,-0.03432221484491194,0.03432221484491194
tls key,-0.03436586448286201,0.03436586448286201
permissions code,-0.03443497569403527,0.03443497569403527
api v1,-0.03444240211416573,0.03444240211416573
safeguard,-0.03448817156268515,0.03448817156268515
api make,-0.03454684928092874,0.03454684928092874
selects,-0.03456455727395823,0.03456455727395823
protocol port,-0.03456455727395823,0.03456455727395823
string directly,-0.03459777161978536,0.03459777161978536
duplicated,-0.03464239553884617,0.03464239553884617
think change,-0.03466142774634348,0.03466142774634348
password access,-0.03468466619306654,0.03468466619306654
early return,-0.03472714612486172,0.03472714612486172
decrypt method,-0.03478792523367992,0.03478792523367992
configs like,-0.03481685814292853,0.03481685814292853
create client,-0.03482978172397734,0.03482978172397734
inferred,-0.03487135909479595,0.03487135909479595
key value,-0.034919009509900456,0.034919009509900456
user password,-0.034946903614003356,0.034946903614003356
extract credentials,-0.03495758963300489,0.03495758963300489
token like,-0.03499662206372992,0.03499662206372992
interactive,-0.03503291325482062,0.03503291325482062
storage bucket,-0.03510165439969829,0.03510165439969829
password web,-0.035134689710654074,0.035134689710654074
original,-0.035168136247093716,0.035168136247093716
suggestion rephrase,-0.03517351211956472,0.03517351211956472
contrib auth,-0.03519189307891183,0.03519189307891183
des,-0.03521551410313913,0.03521551410313913
variants,-0.03529614656498388,0.03529614656498388
whoops,-0.035299466387667754,0.035299466387667754
want check,-0.03530386400440412,0.03530386400440412
tls connection,-0.03530971931473065,0.03530971931473065
sha 512,-0.035340757697026326,0.035340757697026326
512,-0.035340757697026326,0.035340757697026326
add comments,-0.035345195618743365,0.035345195618743365
key decrypt,-0.03537408135940072,0.03537408135940072
ocean,-0.03542351580539883,0.03542351580539883
activate ssl,-0.0355359725871871,0.0355359725871871
suggestion param,-0.03567520809308725,0.03567520809308725
removed code,-0.0357420952846712,0.0357420952846712
used encryption,-0.035742095284671205,0.035742095284671205
users access,-0.03577701040630641,0.03577701040630641
wasn clear,-0.03578735179695278,0.03578735179695278
overlay,-0.03581831644714023,0.03581831644714023
limit,-0.03582965431646213,0.03582965431646213
authoriza,-0.035836808354496597,0.035836808354496597
arn,-0.035858935166872476,0.035858935166872476
title,-0.03588597586146007,0.03588597586146007
abstract class,-0.03589303702290911,0.03589303702290911
json,-0.03589606595510983,0.03589606595510983
set client,-0.03592934319054118,0.03592934319054118
tls dtls,-0.0359342119709065,0.0359342119709065
dashboard,-0.03594108137842075,0.03594108137842075
net authorization,-0.035960975442985994,0.035960975442985994
secretref,-0.0359631230372952,0.0359631230372952
improved security,-0.035977875527865834,0.035977875527865834
anybody,-0.036007554135425585,0.036007554135425585
lib privileges,-0.03604994261756251,0.03604994261756251
l39,-0.03604994261756251,0.03604994261756251
privileges js,-0.03604994261756251,0.03604994261756251
client supports,-0.03613202645340865,0.03613202645340865
tls credentials,-0.036202538121997606,0.036202538121997606
server doesn,-0.03621192397321122,0.03621192397321122
mesh encryption,-0.03625279877984751,0.03625279877984751
just specify,-0.03626527847463702,0.03626527847463702
register,-0.03628478287131657,0.03628478287131657
pls,-0.036461090233358154,0.036461090233358154
signing encryption,-0.03651179656391951,0.03651179656391951
like use,-0.036563171971077404,0.036563171971077404
attribute user,-0.03659544601430721,0.03659544601430721
headers passed,-0.036617655217459355,0.036617655217459355
add information,-0.036654830317658434,0.036654830317658434
ssl enabled,-0.03668759296125292,0.03668759296125292
shouldn store,-0.03670424832565355,0.03670424832565355
mocked,-0.036716669323655894,0.036716669323655894
completely removed,-0.03671666932365591,0.03671666932365591
token able,-0.03672283702343579,0.03672283702343579
like github,-0.03676620280214428,0.03676620280214428
resort,-0.03677539152144371,0.03677539152144371
backlog,-0.03679095674750331,0.03679095674750331
code make,-0.036826820191393314,0.036826820191393314
externally,-0.036868361843921706,0.036868361843921706
2nd,-0.03693723242783577,0.03693723242783577
code grant,-0.036951186907740206,0.036951186907740206
format string,-0.03697570045386442,0.03697570045386442
end user,-0.03699757281981792,0.03699757281981792
api method,-0.03699757281981793,0.03699757281981793
want configure,-0.03703615677687371,0.03703615677687371
keys values,-0.03703615677687372,0.03703615677687372
json object,-0.03703615677687372,0.03703615677687372
nodejs,-0.037059796624921544,0.037059796624921544
prompt password,-0.037094556555942966,0.037094556555942966
password need,-0.03720606925705124,0.03720606925705124
validated used,-0.03727885135119237,0.03727885135119237
description ssl,-0.03727885135119237,0.03727885135119237
signed certs,-0.037278851351192376,0.037278851351192376
consumed,-0.037378809684858856,0.037378809684858856
allocating,-0.037403014299189935,0.037403014299189935
true ssl,-0.03740727447221003,0.03740727447221003
urls,-0.03743609963464142,0.03743609963464142
headers authentication,-0.037457277441330046,0.037457277441330046
new tokens,-0.037470271497267345,0.037470271497267345
credentials service,-0.03749104965795193,0.03749104965795193
slow lot,-0.03751005605964622,0.03751005605964622
function try,-0.03751005605964622,0.03751005605964622
required need,-0.03758750672779973,0.03758750672779973
authorization logic,-0.0376021924339172,0.0376021924339172
jessy,-0.037635963406860026,0.037635963406860026
branch,-0.03764263220252427,0.03764263220252427
set value,-0.03764377485538857,0.03764377485538857
suggestion generate,-0.037670156487508426,0.037670156487508426
function just,-0.03768710326524565,0.03768710326524565
sure token,-0.037725592690351924,0.037725592690351924
syste,-0.037772624694295424,0.037772624694295424
does happen,-0.03778243820467527,0.03778243820467527
customized,-0.037786591131014055,0.037786591131014055
aad token,-0.037846143835081704,0.037846143835081704
claimed,-0.03785862273023624,0.03785862273023624
unprocessable,-0.03785908539773115,0.03785908539773115
422 unprocessable,-0.03785908539773115,0.03785908539773115
param string,-0.03787385331036862,0.03787385331036862
username secret,-0.037896311940154755,0.037896311940154755
type tls,-0.037921386206929246,0.037921386206929246
ca clients,-0.037940111543952826,0.037940111543952826
work properly,-0.037968759301130306,0.037968759301130306
speaking,-0.037980066464492805,0.037980066464492805
dsa,-0.03802149171419049,0.03802149171419049
just emits,-0.03805579181790057,0.03805579181790057
request sent,-0.038071868507685666,0.038071868507685666
rewording sentences,-0.038073801459181184,0.038073801459181184
tab connector,-0.038073801459181184,0.038073801459181184
mule connector,-0.038073801459181184,0.038073801459181184
wording rewording,-0.038073801459181184,0.038073801459181184
unclear wording,-0.038073801459181184,0.038073801459181184
connector global,-0.038073801459181184,0.038073801459181184
sentences mule,-0.038073801459181184,0.038073801459181184
ll unclear,-0.038073801459181184,0.038073801459181184
ssl tab,-0.038073801459181184,0.038073801459181184
element properties,-0.038073801459181184,0.038073801459181184
global element,-0.038073801459181184,0.038073801459181184
like example,-0.0380802909173295,0.0380802909173295
method does,-0.03808029091732951,0.03808029091732951
3a,-0.03821743915941262,0.03821743915941262
password decryption,-0.038225406586028875,0.038225406586028875
key json,-0.03822540658602888,0.03822540658602888
json format,-0.03822540658602888,0.03822540658602888
instead ssl,-0.03823145782580776,0.03823145782580776
user internal,-0.03824801819503989,0.03824801819503989
encrypted encryption,-0.038248018195039896,0.038248018195039896
method like,-0.038248018195039896,0.038248018195039896
possibly,-0.03827636554774923,0.03827636554774923
current user,-0.038284144468629315,0.038284144468629315
compared,-0.03830162909530448,0.03830162909530448
gcm padding,-0.03834132854831356,0.03834132854831356
certificate private,-0.038350374339331784,0.038350374339331784
provide valid,-0.03837833924326252,0.03837833924326252
valid access,-0.03837833924326253,0.03837833924326253
toss,-0.038401565670057,0.038401565670057
config instance,-0.03842504908601643,0.03842504908601643
key permissions,-0.03842504908601643,0.03842504908601643
credentials referenced,-0.038433682425001746,0.038433682425001746
options enrich,-0.03846568598076636,0.03846568598076636
credentials body,-0.03846568598076636,0.03846568598076636
advanced options,-0.03846568598076636,0.03846568598076636
request custom,-0.03846568598076636,0.03846568598076636
body content,-0.03846568598076636,0.03846568598076636
enrich request,-0.03846568598076636,0.03846568598076636
fail gracefully,-0.03855273392141752,0.03855273392141752
dereference,-0.03867321622493411,0.03867321622493411
executors,-0.03868227385818574,0.03868227385818574
update id,-0.03870251560029869,0.03870251560029869
lookup password,-0.03879370106328871,0.03879370106328871
secretspopulator looks,-0.03884959128684,0.03884959128684
tokens delete,-0.03887099768670336,0.03887099768670336
developers google,-0.03890858226588853,0.03890858226588853
proceed,-0.03892004029458076,0.03892004029458076
secret reference,-0.038922411530741476,0.038922411530741476
fixed https,-0.03900547694142589,0.03900547694142589
store db,-0.03905263480301548,0.03905263480301548
kafkauser,-0.039090785287437174,0.039090785287437174
consuming,-0.03909138335813518,0.03909138335813518
real password,-0.03909254828735348,0.03909254828735348
suggestion ref,-0.039186597510737116,0.039186597510737116
api oidc,-0.039186597510737116,0.039186597510737116
passing access,-0.039186597510737116,0.039186597510737116
returns string,-0.03919339952792374,0.03919339952792374
kind selfsubjectrulesreview,-0.0392051131910969,0.0392051131910969
spec error,-0.0392051131910969,0.0392051131910969
selfsubjectrulesreview metadata,-0.0392051131910969,0.0392051131910969
selfsubjectrulesreview,-0.0392051131910969,0.0392051131910969
apiversion authorization,-0.0392051131910969,0.0392051131910969
namespace yaml,-0.0392051131910969,0.0392051131910969
metadata foo,-0.0392051131910969,0.0392051131910969
foo spec,-0.0392051131910969,0.0392051131910969
credentials google,-0.03920707313405372,0.03920707313405372
authentication set,-0.03920802652299389,0.03920802652299389
related validation,-0.0392284728348384,0.0392284728348384
privileges need,-0.039237053564449696,0.039237053564449696
prepare,-0.039251441835405465,0.039251441835405465
uri credential,-0.039287241663135776,0.039287241663135776
handle encryption,-0.03929547930790775,0.03929547930790775
possibility,-0.03930665926872579,0.03930665926872579
url query,-0.03932226792332189,0.03932226792332189
does value,-0.039323564959261086,0.039323564959261086
reload,-0.03932738801400363,0.03932738801400363
azure devops,-0.03935550988541815,0.03935550988541815
code read,-0.03935550988541815,0.03935550988541815
request object,-0.039386255874118,0.039386255874118
invalid characters,-0.03943333741537822,0.03943333741537822
authorization services,-0.039450507558595714,0.039450507558595714
authorization voter,-0.03946382493428434,0.03946382493428434
allocations,-0.03948721867718075,0.03948721867718075
existing secret,-0.039513751840143656,0.039513751840143656
credentials present,-0.03958011848684207,0.03958011848684207
english,-0.03958256792728243,0.03958256792728243
logged user,-0.03960875715078373,0.03960875715078373
needs validation,-0.039634742550812695,0.039634742550812695
test debug,-0.039634742550812695,0.039634742550812695
provide information,-0.039634742550812695,0.039634742550812695
raw value,-0.0396424782961239,0.0396424782961239
periodically,-0.03965533109721005,0.03965533109721005
logging credentials,-0.039655839779092684,0.039655839779092684
using new,-0.039735923505631335,0.039735923505631335
authenticated users,-0.03975470099074199,0.03975470099074199
tls secret,-0.039757885784170076,0.039757885784170076
configure ssl,-0.03976034266852817,0.03976034266852817
try check,-0.0398686518996293,0.0398686518996293
close session,-0.0398686518996293,0.0398686518996293
recollection,-0.039900329207664405,0.039900329207664405
actually,-0.0399701323273974,0.0399701323273974
actually needed,-0.03999506988699495,0.03999506988699495
traditionally used,-0.04002439358839856,0.04002439358839856
introducing,-0.04002570728628865,0.04002570728628865
ctx,-0.04003442709807159,0.04003442709807159
suggestion need,-0.04006705833962904,0.04006705833962904
think probably,-0.04009178983728358,0.04009178983728358
clarity,-0.040101647392631126,0.040101647392631126
encrypted value,-0.04010600859914366,0.04010600859914366
connector auth,-0.04022361601114989,0.04022361601114989
datastudio connector,-0.04022361601114989,0.04022361601114989
datastudio,-0.04022361601114989,0.04022361601114989
com datastudio,-0.04022361601114989,0.04022361601114989
azure cli,-0.04027835601604208,0.04027835601604208
believe,-0.04029447155263201,0.04029447155263201
suggestion net,-0.04029694404449896,0.04029694404449896
serve,-0.040317015506881444,0.040317015506881444
using enum,-0.04034858911573231,0.04034858911573231
expecting,-0.04043705446185932,0.04043705446185932
validation step,-0.040467105966467694,0.040467105966467694
scope user,-0.040489819094392955,0.040489819094392955
ugi,-0.040533180896661254,0.040533180896661254
client based,-0.04053551819504791,0.04053551819504791
key private,-0.040535518195047915,0.040535518195047915
calls,-0.04056163122576292,0.04056163122576292
resetting,-0.040581500249051716,0.040581500249051716
secrets certificates,-0.04058965533689105,0.04058965533689105
adal,-0.04062391237938081,0.04062391237938081
savepassword,-0.04063533383714295,0.04063533383714295
savepassword true,-0.04063533383714295,0.04063533383714295
mutating,-0.04064811152240992,0.04064811152240992
permissions service,-0.040666211244771176,0.040666211244771176
existing passwords,-0.040677041869474594,0.040677041869474594
suggestion session,-0.040693539207625876,0.040693539207625876
token currently,-0.04077838276456217,0.04077838276456217
implementation,-0.040854054201987094,0.040854054201987094
suggestion token,-0.04092079863903529,0.04092079863903529
secondary,-0.04094115751764869,0.04094115751764869
auth using,-0.04094555543388422,0.04094555543388422
permissions separate,-0.040977753428790745,0.040977753428790745
file stored,-0.0409956034879124,0.0409956034879124
paragraph,-0.041017235294291604,0.041017235294291604
intention,-0.0411060633690105,0.0411060633690105
encrypted rest,-0.04117094869034775,0.04117094869034775
rest https,-0.04117094869034776,0.04117094869034776
makes difference,-0.041171583516850054,0.041171583516850054
work pass,-0.04117401295947977,0.04117401295947977
sure work,-0.04117401295947977,0.04117401295947977
tests does,-0.041174012959479776,0.041174012959479776
jwt tokens,-0.041192356823600375,0.041192356823600375
return auth,-0.04126216472683526,0.04126216472683526
suggestion authenticated,-0.04130242343050969,0.04130242343050969
usually use,-0.041313405862485705,0.041313405862485705
definitely want,-0.04132077040039311,0.04132077040039311
creation works,-0.041320770400393114,0.041320770400393114
globally,-0.041326537338278804,0.041326537338278804
caches,-0.04135713267976697,0.04135713267976697
java apiimplicitparams,-0.041393883014920335,0.041393883014920335
constants java,-0.041393883014920335,0.041393883014920335
reconnect,-0.04146248412245743,0.04146248412245743
leaf,-0.041510706013191165,0.041510706013191165
suggestion add,-0.04159069050136912,0.04159069050136912
httpbin,-0.04162485420085412,0.04162485420085412
bit security,-0.041625078888092776,0.041625078888092776
configuration,-0.04171293592769538,0.04171293592769538
sorry didn,-0.0417488866890105,0.0417488866890105
enabled client,-0.04177229174522238,0.04177229174522238
failure cases,-0.04177229174522238,0.04177229174522238
cases credentials,-0.04177229174522238,0.04177229174522238
credentials invalid,-0.04177229174522239,0.04177229174522239
notion,-0.0417859557511094,0.0417859557511094
encryption enabled,-0.04181248355434455,0.04181248355434455
mean need,-0.04192185180947547,0.04192185180947547
need configure,-0.04197162640581832,0.04197162640581832
default,-0.041985052275234525,0.041985052275234525
msal,-0.04199692091714654,0.04199692091714654
notice,-0.042004158056687516,0.042004158056687516
agreed,-0.04202289287590264,0.04202289287590264
authorization headers,-0.0420294753246348,0.0420294753246348
authentication schemes,-0.04203566339504789,0.04203566339504789
hit,-0.042050628620541396,0.042050628620541396
introspection endpoint,-0.04206489642169659,0.04206489642169659
token introspection,-0.04206489642169659,0.04206489642169659
introspection,-0.04206489642169659,0.04206489642169659
request headers,-0.04207164940863549,0.04207164940863549
uniquely,-0.04211698987705417,0.04211698987705417
consider,-0.042130142542746406,0.042130142542746406
explained,-0.0421518311397245,0.0421518311397245
config ca,-0.04215984391816482,0.04215984391816482
opts config,-0.04215984391816482,0.04215984391816482
trying use,-0.04217597864306213,0.04217597864306213
addbearerauth authorization,-0.04218482858116599,0.04218482858116599
documentbuilder addbearerauth,-0.04218482858116599,0.04218482858116599
addbearerauth refresh,-0.04218482858116599,0.04218482858116599
apikey addbearerauth,-0.04218482858116599,0.04218482858116599
documentbuilder,-0.04218482858116599,0.04218482858116599
ll using,-0.04218482858116599,0.04218482858116599
new documentbuilder,-0.04218482858116599,0.04218482858116599
technologies,-0.042192541531844666,0.042192541531844666
saying authorization,-0.042233156396050034,0.042233156396050034
new ca,-0.04232125231362935,0.04232125231362935
tls instead,-0.04233911786454594,0.04233911786454594
vue,-0.04234310845209923,0.04234310845209923
http header,-0.0424017932053458,0.0424017932053458
comment basically,-0.04242857827516309,0.04242857827516309
secret metadata,-0.042443444433233134,0.042443444433233134
apiversion v1,-0.042443444433233134,0.042443444433233134
authorized access,-0.042453075335658404,0.042453075335658404
secret specific,-0.04245678679962317,0.04245678679962317
tlscertificateconfig,-0.04245678679962318,0.04245678679962318
think works,-0.04246359057542965,0.04246359057542965
special characters,-0.042468107575563956,0.042468107575563956
user hasn,-0.04249349587570055,0.04249349587570055
constraints properties,-0.04252636522209362,0.04252636522209362
authorization constraints,-0.04252636522209362,0.04252636522209362
making sure,-0.04259698386141537,0.04259698386141537
web app,-0.04262092056383481,0.04262092056383481
different sources,-0.04268584636341928,0.04268584636341928
hbase,-0.04268584636341928,0.04268584636341928
encryption authentication,-0.042692282363773724,0.042692282363773724
netframework 8d82143t,-0.04272958131957332,0.04272958131957332
8d82143t 3dvs,-0.04272958131957332,0.04272958131957332
8d82143t,-0.04272958131957332,0.04272958131957332
authorization element,-0.04272958131957332,0.04272958131957332
example java,-0.04276041559996491,0.04276041559996491
prid 2345901,-0.04281140124789224,0.04281140124789224
2345901,-0.04281140124789224,0.04281140124789224
step step,-0.042831342501990444,0.042831342501990444
token flow,-0.04283134250199046,0.04283134250199046
set webhook,-0.04283134250199046,0.04283134250199046
yaml secrets,-0.04283134250199046,0.04283134250199046
provisioning,-0.042950554017310405,0.042950554017310405
fetch token,-0.04300487072804237,0.04300487072804237
bus,-0.04304612014767938,0.04304612014767938
stored using,-0.04307052138902341,0.04307052138902341
comment useful,-0.043088807368334946,0.043088807368334946
appears token,-0.043133561095386935,0.043133561095386935
integrate,-0.04313899875398238,0.04313899875398238
http localhost,-0.04320797374722351,0.04320797374722351
adding comment,-0.043247624935953445,0.043247624935953445
application needs,-0.043247634693643885,0.043247634693643885
instead hard,-0.043265297470614174,0.043265297470614174
just set,-0.0433137248370213,0.0433137248370213
ll longer,-0.043337908513098065,0.043337908513098065
explanation,-0.043375167902444445,0.043375167902444445
yeah good,-0.043410877131954934,0.043410877131954934
suggestion auth,-0.04341137123640575,0.04341137123640575
user data,-0.04346417790671975,0.04346417790671975
state authorization,-0.04348462240758746,0.04348462240758746
getauthorization,-0.04348462240758746,0.04348462240758746
check permissions,-0.04348488946415369,0.04348488946415369
aws exactly,-0.04349983303635454,0.04349983303635454
ci credentials,-0.04349983303635454,0.04349983303635454
exactly permissions,-0.04349983303635454,0.04349983303635454
sure ci,-0.04349983303635454,0.04349983303635454
director,-0.043538428331571885,0.043538428331571885
er,-0.0435385432279183,0.0435385432279183
understand mean,-0.043540501425485705,0.043540501425485705
assigner,-0.043575982635308715,0.043575982635308715
account assigner,-0.043575982635308715,0.043575982635308715
node sa,-0.043575982635308715,0.043575982635308715
cluster node,-0.043575982635308715,0.043575982635308715
gives permissions,-0.043575982635308715,0.043575982635308715
just session,-0.04357829246556921,0.04357829246556921
token expiration,-0.04357829246556921,0.04357829246556921
parameters user,-0.04360418201228847,0.04360418201228847
like auth,-0.043607559820952,0.043607559820952
wp,-0.04361368340269135,0.04361368340269135
require credentials,-0.04362062715741326,0.04362062715741326
executio,-0.04362088591099172,0.04362088591099172
secrets database,-0.04363961647896364,0.04363961647896364
partially,-0.04364893833837768,0.04364893833837768
add layer,-0.04368221594703513,0.04368221594703513
big issue,-0.043682215947035134,0.043682215947035134
fewer,-0.0437375055151213,0.0437375055151213
servic,-0.043784310834939076,0.043784310834939076
matching key,-0.04382147107702128,0.04382147107702128
vsphere,-0.04383680362145929,0.04383680362145929
gke cluster,-0.04388013427262258,0.04388013427262258
request method,-0.04389602722063256,0.04389602722063256
method post,-0.04389602722063256,0.04389602722063256
user authenticate,-0.04390344629280674,0.04390344629280674
cat eof,-0.04395170434959738,0.04395170434959738
completed,-0.04401722523390514,0.04401722523390514
honest,-0.04405152764730757,0.04405152764730757
login using,-0.044061424060275085,0.044061424060275085
consider scenario,-0.044080439725913724,0.044080439725913724
sending user,-0.04408694449093662,0.04408694449093662
used personally,-0.04412991970197885,0.04412991970197885
personally controlled,-0.04412991970197885,0.04412991970197885
need verify,-0.04415390393843344,0.04415390393843344
authorization component,-0.044195957063377415,0.044195957063377415
need update,-0.044200886606920134,0.044200886606920134
delegation token,-0.0442191729295918,0.0442191729295918
make password,-0.04431015820339538,0.04431015820339538
apiversion rbac,-0.0443685746388763,0.0443685746388763
ca secret,-0.04437638098110944,0.04437638098110944
overridden,-0.044391325833926784,0.044391325833926784
js file,-0.04440788661071361,0.04440788661071361
insensitive,-0.04441015088768016,0.04441015088768016
case insensitive,-0.04441015088768016,0.04441015088768016
don log,-0.04441768198282302,0.04441768198282302
api application,-0.044430026134525756,0.044430026134525756
responsibilities,-0.044446987329666524,0.044446987329666524
generic token,-0.04444740905706585,0.04444740905706585
comment code,-0.04451202865213557,0.04451202865213557
containers container,-0.044538820744134615,0.044538820744134615
pour,-0.04459853634531153,0.04459853634531153
authorization key,-0.04472050241821928,0.04472050241821928
collides,-0.04477380819510187,0.04477380819510187
use standard,-0.044782139151207954,0.044782139151207954
restrictive,-0.044820248884253566,0.044820248884253566
emits warning,-0.04483596468461233,0.04483596468461233
allowed authorizer,-0.04483596468461233,0.04483596468461233
disabled think,-0.04483596468461233,0.04483596468461233
startup allow,-0.04483596468461233,0.04483596468461233
apiserver coming,-0.04483596468461233,0.04483596468461233
coming allowed,-0.04483596468461233,0.04483596468461233
allow startup,-0.04483596468461233,0.04483596468461233
authorizer unset,-0.04483596468461233,0.04483596468461233
unset just,-0.04483596468461233,0.04483596468461233
warning saying,-0.04483596468461233,0.04483596468461233
think allow,-0.04483596468461233,0.04483596468461233
tooling,-0.044905443666624884,0.044905443666624884
deploy,-0.044909462947740356,0.044909462947740356
logged invalid,-0.04492946540215623,0.04492946540215623
failure logged,-0.04492946540215623,0.04492946540215623
paid,-0.04494623389997973,0.04494623389997973
method shouldn,-0.04495459341439132,0.04495459341439132
secret just,-0.04497789380087138,0.04497789380087138
wouldn want,-0.044997513578849596,0.044997513578849596
like great,-0.045021937524886334,0.045021937524886334
positive,-0.04506042259292362,0.04506042259292362
maven,-0.04506168058663686,0.04506168058663686
really really,-0.04506689580094617,0.04506689580094617
arguably,-0.045115281160000326,0.045115281160000326
pack plugin,-0.04517358957826638,0.04517358957826638
plugin core,-0.04517358957826638,0.04517358957826638
validation failure,-0.045195113491640015,0.045195113491640015
precedence,-0.04519649057742898,0.04519649057742898
cloud credentials,-0.04519765115028823,0.04519765115028823
reset token,-0.04527505522296173,0.04527505522296173
token read,-0.04527886242652583,0.04527886242652583
oc,-0.04540917992070557,0.04540917992070557
update comment,-0.045437256434071205,0.045437256434071205
reflection,-0.045472006903910504,0.045472006903910504
does,-0.04549523224178152,0.04549523224178152
runtime,-0.04549642403190742,0.04549642403190742
error server,-0.04551156140188131,0.04551156140188131
jenkins,-0.04555618842703021,0.04555618842703021
non ldap,-0.04559565178233555,0.04559565178233555
scram sha,-0.045618576815372534,0.045618576815372534
validate_certs description,-0.04562142440876054,0.04562142440876054
relate,-0.04571056016160119,0.04571056016160119
does request,-0.045720405726122376,0.045720405726122376
change copy,-0.04573036441799369,0.04573036441799369
socialcontroller facebook,-0.04574498902720866,0.04574498902720866
replace facebook,-0.04574498902720866,0.04574498902720866
secretsmanager secret,-0.045773399287808894,0.045773399287808894
say different,-0.04578280720758992,0.04578280720758992
privilege names,-0.0457941148143505,0.0457941148143505
secret bootstrap,-0.04581086079223959,0.04581086079223959
allow null,-0.04581835968537612,0.04581835968537612
help add,-0.04581835968537613,0.04581835968537613
content cookies,-0.04583177390415759,0.04583177390415759
code needs,-0.045842777252844705,0.045842777252844705
client using,-0.045851548715884705,0.045851548715884705
authorization successful,-0.04589166555511176,0.04589166555511176
contents file,-0.045971476241786734,0.045971476241786734
does like,-0.045971476241786734,0.045971476241786734
used way,-0.04601657502769761,0.04601657502769761
masking,-0.046023486847240065,0.046023486847240065
invalid username,-0.046028032623774084,0.046028032623774084
privileges privileges,-0.046029829497119285,0.046029829497119285
authentication mfa,-0.04604376475160992,0.04604376475160992
needed second,-0.04606646824185164,0.04606646824185164
processed,-0.04608814585759088,0.04608814585759088
different key,-0.04612170851518142,0.04612170851518142
test session,-0.04614835100466163,0.04614835100466163
want set,-0.04618584414304151,0.04618584414304151
entered,-0.04620759279380614,0.04620759279380614
inconsistency,-0.046274307993782945,0.046274307993782945
tls ssl,-0.046336945199164405,0.046336945199164405
encryption method,-0.0463390847351958,0.0463390847351958
specifies,-0.04634777378858116,0.04634777378858116
reside,-0.04637820185314642,0.04637820185314642
secret type,-0.04638024909280954,0.04638024909280954
authenticated content,-0.04639016889493364,0.04639016889493364
content distribution,-0.04639016889493364,0.04639016889493364
org tr,-0.046390168894933644,0.046390168894933644
websub,-0.046390168894933644,0.046390168894933644
access authn,-0.04640171059270332,0.04640171059270332
reference access,-0.04640171059270332,0.04640171059270332
administrator tooling,-0.0464231595618996,0.0464231595618996
runner service,-0.04642470891645996,0.04642470891645996
doing things,-0.04642470891645996,0.04642470891645996
ansible runner,-0.04642470891645996,0.04642470891645996
overloads,-0.04642652273615895,0.04642652273615895
need detect,-0.046482715995128036,0.046482715995128036
configured service,-0.04648271599512804,0.04648271599512804
need build,-0.046482715995128064,0.046482715995128064
used user,-0.046531296496182574,0.046531296496182574
managed secrets,-0.046611907103434755,0.046611907103434755
mounted container,-0.04661190710343476,0.04661190710343476
oauth access,-0.04664199045220379,0.04664199045220379
certificates crt,-0.04664224111283079,0.04664224111283079
mirrors,-0.046681771476107206,0.046681771476107206
credential type,-0.046768795843375136,0.046768795843375136
tests added,-0.0468713004448324,0.0468713004448324
key missing,-0.046871300444832405,0.046871300444832405
vault credentials,-0.0468736766891309,0.0468736766891309
password type,-0.046875481245348787,0.046875481245348787
support user,-0.04687548124534879,0.04687548124534879
implementation auth,-0.04689156440652194,0.04689156440652194
tls messages,-0.046900949659981296,0.046900949659981296
servicecollectionextensions,-0.046904766353568765,0.046904766353568765
user knows,-0.04693189718355115,0.04693189718355115
guest,-0.04695041926266552,0.04695041926266552
avoid extra,-0.04696764613408433,0.04696764613408433
ancestors,-0.04704081402656819,0.04704081402656819
certs secret,-0.047053196068895915,0.047053196068895915
kubeadm certs,-0.047053196068895915,0.047053196068895915
openstack,-0.047088446351969244,0.047088446351969244
secret tls,-0.04709187699863693,0.04709187699863693
aws credential,-0.04712855675728108,0.04712855675728108
token dc,-0.047152628348820745,0.047152628348820745
right actually,-0.047187761100432685,0.047187761100432685
decryption keys,-0.04718776110043269,0.04718776110043269
fail error,-0.04720596962392473,0.04720596962392473
like code,-0.047224124664653026,0.047224124664653026
gcp service,-0.047231821911513636,0.047231821911513636
getdata,-0.04723230489970543,0.04723230489970543
centos,-0.04724386792799725,0.04724386792799725
com api,-0.04726236383160117,0.04726236383160117
better change,-0.04727596101624043,0.04727596101624043
cluster user,-0.04727596101624043,0.04727596101624043
function does,-0.047276576896848686,0.047276576896848686
authenticate identity,-0.0473852298690481,0.0473852298690481
services use,-0.04740212116320046,0.04740212116320046
wanna,-0.04742469569535603,0.04742469569535603
default method,-0.04748399621354255,0.04748399621354255
supply,-0.04752844513879961,0.04752844513879961
areas,-0.047589355766602705,0.047589355766602705
list potential,-0.047589355766602705,0.047589355766602705
far tell,-0.04759493217178087,0.04759493217178087
tls authentication,-0.047600508038210344,0.047600508038210344
token webhook,-0.047612889028563615,0.047612889028563615
source user,-0.047612889028563615,0.047612889028563615
guide en,-0.047693772268747665,0.047693772268747665
identity used,-0.0477727227268335,0.0477727227268335
encryption default,-0.0477992789613774,0.0477992789613774
secret containing,-0.04780683089603403,0.04780683089603403
resource manager,-0.04782039604174199,0.04782039604174199
manager microsoft,-0.04782039604174199,0.04782039604174199
directories,-0.047831822780803064,0.047831822780803064
signed token,-0.04784813106729292,0.04784813106729292
figured,-0.047900914996844325,0.047900914996844325
extra privileges,-0.04792577566975813,0.04792577566975813
openid connect,-0.047931529179983924,0.047931529179983924
code does,-0.04793769961510515,0.04793769961510515
russwhitehead,-0.04795392766931322,0.04795392766931322
instead supplying,-0.04799921279104872,0.04799921279104872
token stub,-0.04802471032586692,0.04802471032586692
base setup,-0.04802471032586692,0.04802471032586692
app launch,-0.04802471032586692,0.04802471032586692
setup function,-0.04802471032586692,0.04802471032586692
launch base,-0.04802471032586692,0.04802471032586692
stub app,-0.04802471032586692,0.04802471032586692
key tls,-0.04806371168187832,0.04806371168187832
en azure,-0.04808156132776457,0.04808156132776457
non nil,-0.04809471700505929,0.04809471700505929
work looks,-0.04810960835187835,0.04810960835187835
think best,-0.04811248180414104,0.04811248180414104
suggests,-0.04812844644688175,0.04812844644688175
reflect,-0.048204821671268876,0.048204821671268876
better remove,-0.04824271208009086,0.04824271208009086
time writing,-0.04826695437919767,0.04826695437919767
responsibility authentication,-0.04830231866162683,0.04830231866162683
string authorization,-0.04830318141118934,0.04830318141118934
revoke tokens,-0.0483080047406816,0.0483080047406816
token manager,-0.048333983813725126,0.048333983813725126
verify identity,-0.04834211764981587,0.04834211764981587
based auth,-0.04834948938648567,0.04834948938648567
key related,-0.04834948938648567,0.04834948938648567
expo,-0.04835382509004601,0.04835382509004601
mounts,-0.0483550714920307,0.0483550714920307
congruence,-0.04841420330961723,0.04841420330961723
azure mgmt,-0.04843574750061424,0.04843574750061424
mgmt authorization,-0.04843574750061424,0.04843574750061424
assert password,-0.04843642921016332,0.04843642921016332
random value,-0.04843642921016334,0.04843642921016334
don catch,-0.048464009368610624,0.048464009368610624
don good,-0.04861324959140957,0.04861324959140957
value username,-0.048626737518430364,0.048626737518430364
spnego,-0.048640056976040416,0.048640056976040416
uses certificate,-0.048699146980524126,0.048699146980524126
test connection,-0.04877568452075227,0.04877568452075227
easily check,-0.048784475179228355,0.048784475179228355
check content,-0.048784475179228355,0.048784475179228355
delay needed,-0.04878974976226579,0.04878974976226579
delay make,-0.04878974976226579,0.04878974976226579
authenticate delay,-0.04878974976226579,0.04878974976226579
properly remove,-0.04878974976226579,0.04878974976226579
add delay,-0.04878974976226579,0.04878974976226579
ll message,-0.04878974976226579,0.04878974976226579
authentication processing,-0.04878974976226579,0.04878974976226579
like unable,-0.04878974976226579,0.04878974976226579
needed cas,-0.04878974976226579,0.04878974976226579
notify,-0.04881730168354489,0.04881730168354489
incoming request,-0.04882152070566601,0.04882152070566601
current implementation,-0.0489131325683515,0.0489131325683515
token api,-0.04893108807530327,0.04893108807530327
track,-0.04896989737873845,0.04896989737873845
impl,-0.048994066498355894,0.048994066498355894
invalid request,-0.04901818628409368,0.04901818628409368
nist,-0.04903418169261482,0.04903418169261482
straightforward,-0.0490416479372433,0.0490416479372433
way check,-0.0490416479372433,0.0490416479372433
new access,-0.04907230118863494,0.04907230118863494
added list,-0.0490735139600379,0.0490735139600379
pundit,-0.04907957429336486,0.04907957429336486
resources resource,-0.04910779595496983,0.04910779595496983
specification resources,-0.04910779595496983,0.04910779595496983
authorization stable,-0.04910779595496983,0.04910779595496983
secrettypeabstraction webhook,-0.04913466821697512,0.04913466821697512
gh,-0.04914252104173533,0.04914252104173533
stripped,-0.04917001707405283,0.04917001707405283
use non,-0.04925322714884147,0.04925322714884147
string username,-0.04928821242016861,0.04928821242016861
api token,-0.04929306582684813,0.04929306582684813
fixed,-0.04931067339456649,0.04931067339456649
credentials expect,-0.04936514991651814,0.04936514991651814
primitives,-0.04939942057039552,0.04939942057039552
suggest maybe,-0.049406399805239726,0.049406399805239726
exception don,-0.04943937860254583,0.04943937860254583
end using,-0.04947826220869643,0.04947826220869643
warnings,-0.04948198243983744,0.04948198243983744
ssl secret,-0.04949133855499934,0.04949133855499934
sonar,-0.04949410483177684,0.04949410483177684
time token,-0.0495362455886285,0.0495362455886285
just sending,-0.049577106999512635,0.049577106999512635
secret mounted,-0.049607244193633736,0.049607244193633736
certificate instead,-0.04964159850204185,0.04964159850204185
peer certificate,-0.04964159850204185,0.04964159850204185
commit message,-0.04966857701782196,0.04966857701782196
version used,-0.0497254641481751,0.0497254641481751
oversight,-0.04976794868015362,0.04976794868015362
authprovider interface,-0.04978146804896824,0.04978146804896824
_xpack,-0.049789812827318654,0.049789812827318654
_xpack security,-0.049789812827318654,0.049789812827318654
separate place,-0.049811042064838586,0.049811042064838586
protect api,-0.04981104206483859,0.04981104206483859
suggestion istio,-0.04981654983809007,0.04981654983809007
admin credentials,-0.04981657672227629,0.04981657672227629
example using,-0.049816576722276296,0.049816576722276296
auth bypass,-0.04985799791030501,0.04985799791030501
lived session,-0.0498686124057886,0.0498686124057886
type access,-0.049868612405788604,0.049868612405788604
secret material,-0.049868612405788604,0.049868612405788604
compliant,-0.04987272071603528,0.04987272071603528
fingerprint,-0.049878212967218304,0.049878212967218304
authorized perform,-0.04991394405321551,0.04991394405321551
store secrets,-0.04991997393475609,0.04991997393475609
ca tls,-0.049981647814530294,0.049981647814530294
personal token,-0.05000966728575954,0.05000966728575954
improve performance,-0.05006931524220104,0.05006931524220104
error message,-0.05007923761128514,0.05007923761128514
end non,-0.05009582072988946,0.05009582072988946
users end,-0.05009582072988946,0.05009582072988946
setup fail,-0.05009582072988946,0.05009582072988946
key valid,-0.05009582072988946,0.05009582072988946
non functional,-0.05009582072988946,0.05009582072988946
private repository,-0.05010466939231653,0.05010466939231653
constraint,-0.05010466939231654,0.05010466939231654
did test,-0.05011187229098335,0.05011187229098335
handler does,-0.05012953981077079,0.05012953981077079
certificates ssl,-0.0502524344971953,0.0502524344971953
http 200,-0.050260631140312005,0.050260631140312005
let use,-0.05026969136248686,0.05026969136248686
test scenario,-0.050270225845034426,0.050270225845034426
request value,-0.05027022584503443,0.05027022584503443
username value,-0.05027022584503443,0.05027022584503443
spnego token,-0.05028399547418008,0.05028399547418008
client app,-0.050300288157400466,0.050300288157400466
password email,-0.050363320827167386,0.050363320827167386
username string,-0.050363320827167414,0.050363320827167414
utest,-0.05042932665989063,0.05042932665989063
pre_authentication_token,-0.050461761062910615,0.050461761062910615
related config,-0.05049157263604798,0.05049157263604798
ddf security,-0.05049157263604798,0.05049157263604798
org codice,-0.05049157263604798,0.05049157263604798
integrating,-0.050505774831338834,0.050505774831338834
push,-0.05050816391231999,0.05050816391231999
additional_concepts authorization,-0.05051224490136105,0.05051224490136105
enabled https,-0.0505202281334358,0.0505202281334358
12,-0.050589009015440264,0.050589009015440264
map,-0.0505896725133722,0.0505896725133722
key pair,-0.05059954086739547,0.05059954086739547
means client,-0.050611156881783546,0.050611156881783546
user role,-0.050654325659131735,0.050654325659131735
appending,-0.05068695798210896,0.05068695798210896
suggest making,-0.05069954105434573,0.05069954105434573
making change,-0.05069954105434573,0.05069954105434573
session role,-0.050734164924540866,0.050734164924540866
initialisation,-0.05076138940372575,0.05076138940372575
required authenticate,-0.050797993797470936,0.050797993797470936
credentials required,-0.050797993797470936,0.050797993797470936
cert certificate,-0.050811052195174025,0.050811052195174025
commented,-0.0508265647798941,0.0508265647798941
colon,-0.05090749862899091,0.05090749862899091
javascript const,-0.050929022103168346,0.050929022103168346
worst case,-0.05098519878571081,0.05098519878571081
like know,-0.05102010224500791,0.05102010224500791
similar example,-0.051061116628426405,0.051061116628426405
rewrite dc,-0.051061116628426405,0.051061116628426405
similar dc,-0.051061116628426405,0.051061116628426405
underlying,-0.05117444402399369,0.05117444402399369
rely,-0.051174594852436875,0.051174594852436875
depends session,-0.05119872907891293,0.05119872907891293
auth session,-0.051237998434596144,0.051237998434596144
checking user,-0.05124207890287044,0.05124207890287044
entropy,-0.05132202291657098,0.05132202291657098
different credentials,-0.05140117273633142,0.05140117273633142
wrong credentials,-0.05145082200697122,0.05145082200697122
solution,-0.05155963220143678,0.05155963220143678
message type,-0.051608854864750225,0.051608854864750225
10 04,-0.0516135353019874,0.0516135353019874
authorization asp,-0.05161353530198741,0.05161353530198741
token using,-0.051627901622826454,0.051627901622826454
extracting,-0.05167750917707084,0.05167750917707084
authorizationpolicy,-0.05170367851431646,0.05170367851431646
docker registry,-0.0517328897696297,0.0517328897696297
expiration date,-0.051742488331990494,0.051742488331990494
needs support,-0.05176713115332555,0.05176713115332555
change does,-0.051796541988153144,0.051796541988153144
tokens application,-0.05179675308933409,0.05179675308933409
type good,-0.05181436228903905,0.05181436228903905
consider tls,-0.051886062128337115,0.051886062128337115
secret possible,-0.05189005559625053,0.05189005559625053
password think,-0.05191207848294551,0.05191207848294551
safety,-0.05191544323240148,0.05191544323240148
possible use,-0.051927742187179625,0.051927742187179625
mcs class,-0.051935978537112286,0.051935978537112286
mcs,-0.051935978537112286,0.051935978537112286
mono blob,-0.051935978537112286,0.051935978537112286
spaces,-0.0520021028905268,0.0520021028905268
user client,-0.05200556359490816,0.05200556359490816
believe makes,-0.05200556359490816,0.05200556359490816
bearertoken,-0.05200556359490817,0.05200556359490817
authorization exception,-0.0520092576133028,0.0520092576133028
handling authorization,-0.05200925923585865,0.05200925923585865
mix mode,-0.05204698400877153,0.05204698400877153
emits,-0.05204991509546217,0.05204991509546217
creation recovered,-0.05212052782207961,0.05212052782207961
recovered later,-0.05212052782207961,0.05212052782207961
token shown,-0.05212052782207961,0.05212052782207961
later note,-0.05212052782207961,0.05212052782207961
secret text,-0.05212052782207961,0.05212052782207961
shown creation,-0.05212052782207961,0.05212052782207961
validation failed,-0.052124271446391944,0.052124271446391944
multiple tls,-0.05221262685453982,0.05221262685453982
docs security,-0.052278747091141824,0.052278747091141824
users,-0.052323357156124135,0.052323357156124135
create api,-0.05233719051151896,0.05233719051151896
role role,-0.05236634248693625,0.05236634248693625
access dashboard,-0.05236634248693625,0.05236634248693625
closer,-0.052390823201200996,0.052390823201200996
view netframework,-0.05243536735393301,0.05243536735393301
maybe password,-0.05243585832984951,0.05243585832984951
wondering need,-0.05243585832984952,0.05243585832984952
strong password,-0.052444015377124696,0.052444015377124696
gcm pkcs5,-0.05245292205713742,0.05245292205713742
communication,-0.052460621879299146,0.052460621879299146
myregistry,-0.05250211615825913,0.05250211615825913
store use,-0.05250211615825913,0.05250211615825913
keystone,-0.052511520631686,0.052511520631686
common base,-0.05251152063168601,0.05251152063168601
don actually,-0.052530410376653895,0.052530410376653895
credentials secrets,-0.05254296363983669,0.05254296363983669
work authorization,-0.0525446382505995,0.0525446382505995
fails validation,-0.05256493144379859,0.05256493144379859
validation request,-0.05256493144379862,0.05256493144379862
sensitive information,-0.05257595599728637,0.05257595599728637
single authentication,-0.05258697325270586,0.05258697325270586
majority,-0.05258697325270588,0.05258697325270588
error thrown,-0.052590070291468734,0.052590070291468734
token exists,-0.05264739474059266,0.05264739474059266
error handling,-0.05264739474059267,0.05264739474059267
password contain,-0.05277447764075501,0.05277447764075501
proxying,-0.05278853110399843,0.05278853110399843
picking,-0.05279608076385049,0.05279608076385049
kubelet authentication,-0.05285728069317305,0.05285728069317305
styling,-0.052891536267858044,0.052891536267858044
need token,-0.052893808205451545,0.052893808205451545
passing token,-0.05293119588112625,0.05293119588112625
local authentication,-0.0529521822654708,0.0529521822654708
misconfiguration,-0.05304029158729042,0.05304029158729042
payment pointer,-0.053042938707144646,0.053042938707144646
check docs,-0.053056689774674023,0.053056689774674023
key kept,-0.05305668977467403,0.05305668977467403
takes byte,-0.05306983500700576,0.05306983500700576
incomplete,-0.053101546694950146,0.053101546694950146
don want,-0.05310159087175503,0.05310159087175503
probably,-0.05311744790561028,0.05311744790561028
workflow,-0.053153210062482664,0.053153210062482664
versions use,-0.05316262963499707,0.05316262963499707
tls stack,-0.05318485693030143,0.05318485693030143
metadata,-0.053277279302669504,0.053277279302669504
activate,-0.053336472753140324,0.053336472753140324
04 aspnet,-0.05335797153383277,0.05335797153383277
okta blog,-0.05335797153383277,0.05335797153383277
2017 10,-0.05335797153383277,0.05335797153383277
blog 2017,-0.05335797153383277,0.05335797153383277
core okta,-0.05335797153383277,0.05335797153383277
aspnet authorization,-0.05335797153383277,0.05335797153383277
subclasses,-0.05337559259231764,0.05337559259231764
decrypt vault,-0.05339033550792199,0.05339033550792199
online,-0.05341203995840025,0.05341203995840025
ttl,-0.053432001216991064,0.053432001216991064
rephrasing,-0.05344595532057718,0.05344595532057718
ko,-0.05348294422605897,0.05348294422605897
need run,-0.05359326174738774,0.05359326174738774
parts,-0.05359464043763897,0.05359464043763897
509,-0.05361771333202943,0.05361771333202943
sense support,-0.05361842045314624,0.05361842045314624
check_workspace_permission,-0.053621083795138406,0.053621083795138406
authorization check_workspace_permission,-0.053621083795138406,0.053621083795138406
namespace secret,-0.05371048736716962,0.05371048736716962
kms key,-0.053710487367169636,0.053710487367169636
like ssl,-0.053758092026959484,0.053758092026959484
2018 08,-0.05380339364054693,0.05380339364054693
oc replace,-0.053810043875946394,0.053810043875946394
json oc,-0.053810043875946394,0.053810043875946394
key field,-0.05388596955789733,0.05388596955789733
pre authorization,-0.05388645253910001,0.05388645253910001
feel like,-0.05388891672282629,0.05388891672282629
dumb,-0.05388898023827594,0.05388898023827594
extra_headers,-0.05393616078079769,0.05393616078079769
cryptography csp,-0.053959915503326746,0.053959915503326746
safecryptohandles,-0.053959915503326746,0.053959915503326746
csp src,-0.053959915503326746,0.053959915503326746
packet,-0.05397231167952398,0.05397231167952398
documented https,-0.0540149771405131,0.0540149771405131
issues example,-0.05403205269865194,0.05403205269865194
restarting,-0.0540742773665027,0.0540742773665027
error method,-0.054099353892536284,0.054099353892536284
missed,-0.05410714848342129,0.05410714848342129
hasaccess,-0.054116826174128704,0.054116826174128704
pushing,-0.05416462131427355,0.05416462131427355
line need,-0.05416944932576563,0.05416944932576563
authentication just,-0.05417801472741682,0.05417801472741682
structure,-0.05419889025617358,0.05419889025617358
mode rbac,-0.054203149397679035,0.054203149397679035
apiserver authorization,-0.054203149397679035,0.054203149397679035
thanks ve,-0.05420936840628469,0.05420936840628469
registry login,-0.05423431350282741,0.05423431350282741
need mount,-0.05444765566374668,0.05444765566374668
invalid token,-0.054457692994720544,0.054457692994720544
asyncstorage,-0.05448016806539978,0.05448016806539978
confusing think,-0.05448016806539978,0.05448016806539978
custom function,-0.054480168065399785,0.054480168065399785
user policy,-0.0544836781183585,0.0544836781183585
https istio,-0.05448583937476017,0.05448583937476017
secrets new,-0.0545449274802095,0.0545449274802095
compatible,-0.054555855077876504,0.054555855077876504
credentials pointing,-0.05456900128282529,0.05456900128282529
secondly,-0.05459282891402694,0.05459282891402694
esp,-0.05460789009559571,0.05460789009559571
admin kubelet,-0.054643753079117924,0.054643753079117924
kubelet docs,-0.054643753079117924,0.054643753079117924
gdc,-0.05464800280723746,0.05464800280723746
needs query,-0.054683574261491404,0.054683574261491404
token stored,-0.05469462735459286,0.05469462735459286
tools ietf,-0.05475413266475164,0.05475413266475164
org html,-0.05475413266475164,0.05475413266475164
https tools,-0.05475413266475164,0.05475413266475164
cases user,-0.05476707129103465,0.05476707129103465
throw error,-0.05478089628864977,0.05478089628864977
users groups,-0.054829066668214826,0.054829066668214826
proposed solution,-0.05483060816854188,0.05483060816854188
need username,-0.05487673826795754,0.05487673826795754
add user,-0.05488744339604934,0.05488744339604934
sha256,-0.05492448180961752,0.05492448180961752
set variable,-0.054933220313814646,0.054933220313814646
behalf authenticated,-0.0549614104367257,0.0549614104367257
expires logout,-0.0549614104367257,0.0549614104367257
called jwt,-0.0549614104367257,0.0549614104367257
sdk instance,-0.0549614104367257,0.0549614104367257
emitted sdk,-0.0549614104367257,0.0549614104367257
instance behalf,-0.0549614104367257,0.0549614104367257
logout action,-0.0549614104367257,0.0549614104367257
requests emitted,-0.0549614104367257,0.0549614104367257
suggestion requests,-0.0549614104367257,0.0549614104367257
login authentication,-0.054969573223127496,0.054969573223127496
suggestion azure,-0.0549695732231275,0.0549695732231275
db password,-0.0550365870162414,0.0550365870162414
card number,-0.05508290826187265,0.05508290826187265
check encryption,-0.05510292784033154,0.05510292784033154
authentication profile,-0.055106257936274904,0.055106257936274904
need care,-0.055143672458045766,0.055143672458045766
id_token,-0.0551706872448221,0.0551706872448221
key global,-0.05518383290679958,0.05518383290679958
ssh keys,-0.055220321551413376,0.055220321551413376
acs token,-0.055260858027658843,0.055260858027658843
acs,-0.055260858027658843,0.055260858027658843
constants apiimplicitparams,-0.05535031391794011,0.05535031391794011
bu,-0.055421505420143805,0.055421505420143805
let add,-0.05544944954879477,0.05544944954879477
retrying,-0.055501607969854996,0.055501607969854996
qu,-0.05550255485013066,0.05550255485013066
custom roles,-0.05550713080533748,0.05550713080533748
customizable,-0.05550713080533748,0.05550713080533748
user roles,-0.05550713080533748,0.05550713080533748
set default,-0.055526129151307536,0.055526129151307536
certificates generated,-0.05558045151673021,0.05558045151673021
need provided,-0.0556011389476316,0.0556011389476316
gain access,-0.055604213848607774,0.055604213848607774
certs ca,-0.055644947502763796,0.055644947502763796
server knows,-0.05564641973898978,0.05564641973898978
token grants,-0.05565719965058471,0.05565719965058471
developer token,-0.05565719965058471,0.05565719965058471
data file,-0.05565719965058471,0.05565719965058471
user base,-0.05566517247509711,0.05566517247509711
permissions authorized,-0.055678818318944216,0.055678818318944216
default permissions,-0.055678818318944216,0.055678818318944216
bitcoin,-0.05569076598191496,0.05569076598191496
typed claims,-0.05572678240472922,0.05572678240472922
list typed,-0.05572678240472922,0.05572678240472922
claims istio,-0.05572678240472922,0.05572678240472922
examples configure,-0.05572678240472923,0.05572678240472923
inactive,-0.05573207997956358,0.05573207997956358
explicit credentials,-0.0557594638547548,0.0557594638547548
refused,-0.055790524302376084,0.055790524302376084
posts,-0.05581333012385085,0.05581333012385085
outlined,-0.05583031005993002,0.05583031005993002
509 certificate,-0.05588638267102286,0.05588638267102286
permissions case,-0.05599711397830122,0.05599711397830122
change sentence,-0.05601285689030881,0.05601285689030881
user set,-0.056093124728636236,0.056093124728636236
ami,-0.05612280811201499,0.05612280811201499
doc https,-0.05613267183822735,0.05613267183822735
suggest like,-0.05614447113943023,0.05614447113943023
everybody,-0.05616927416053568,0.05616927416053568
like add,-0.05617781690949771,0.05617781690949771
auth enabled,-0.05618509020400704,0.05618509020400704
products,-0.05619537986131115,0.05619537986131115
configured use,-0.05623900410870471,0.05623900410870471
credentials config,-0.05623994070843116,0.05623994070843116
actual secret,-0.05623994070843116,0.05623994070843116
forced,-0.056333279762239744,0.056333279762239744
federatedsignin,-0.05634461051352131,0.05634461051352131
auth federatedsignin,-0.05634461051352131,0.05634461051352131
credentials credentials,-0.05634461051352131,0.05634461051352131
certificate check,-0.05635036503400397,0.05635036503400397
login screen,-0.05636964050967823,0.05636964050967823
openid net,-0.05638949353268762,0.05638949353268762
net specs,-0.05638949353268762,0.05638949353268762
declared,-0.05639029511288427,0.05639029511288427
new passwords,-0.05645153936975095,0.05645153936975095
rbac v1alpha1,-0.056455610050754265,0.056455610050754265
v1alpha1,-0.056455610050754265,0.056455610050754265
brought,-0.056460339844459494,0.056460339844459494
auth_header,-0.05647818466157565,0.05647818466157565
token endpoint,-0.056531777404953985,0.056531777404953985
observing,-0.05655201808362261,0.05655201808362261
query string,-0.056588069842826674,0.056588069842826674
hardening,-0.056616727030312126,0.056616727030312126
html credentials,-0.056719830383419545,0.056719830383419545
pull credentials,-0.05674689294409676,0.05674689294409676
key signed,-0.05685404609336851,0.05685404609336851
pull 22,-0.05690498143777659,0.05690498143777659
prompt,-0.056922651071986526,0.056922651071986526
property,-0.05692697614106046,0.05692697614106046
ver,-0.05692869104007932,0.05692869104007932
granted access,-0.05692907975981595,0.05692907975981595
filed,-0.05695429661419812,0.05695429661419812
retrieve information,-0.056968023611250675,0.056968023611250675
necessarily,-0.05699168922222349,0.05699168922222349
namespaced,-0.056992086670822555,0.056992086670822555
file entry,-0.05704007652821986,0.05704007652821986
ssh access,-0.05708666008228175,0.05708666008228175
key based,-0.05708666008228175,0.05708666008228175
mobile,-0.057095253580633734,0.057095253580633734
tokens certificates,-0.057101450080534834,0.057101450080534834
limit user,-0.05710145008053485,0.05710145008053485
enforce mutual,-0.057220319785806904,0.057220319785806904
discord users,-0.05722215658399469,0.05722215658399469
verified email,-0.05722215658399469,0.05722215658399469
consistency written,-0.057223506805617504,0.057223506805617504
level privileges,-0.057223506805617504,0.057223506805617504
match files,-0.057223506805617504,0.057223506805617504
zigbee,-0.057223506805617504,0.057223506805617504
zigbee application,-0.057223506805617504,0.057223506805617504
files maintain,-0.057223506805617504,0.057223506805617504
privileges tizen,-0.057223506805617504,0.057223506805617504
stay consistent,-0.05723916854401681,0.05723916854401681
document id,-0.05726667190500564,0.05726667190500564
new flag,-0.05734307012722723,0.05734307012722723
keys don,-0.05736402612981171,0.05736402612981171
http api,-0.057369338262354394,0.057369338262354394
user perform,-0.05738443661579628,0.05738443661579628
suggestion cluster,-0.057452386561738164,0.057452386561738164
context set,-0.0574554419140945,0.0574554419140945
prettier prettier,-0.05747653735508174,0.05747653735508174
smart,-0.05750404718521809,0.05750404718521809
signup,-0.057506722527506465,0.057506722527506465
token sent,-0.05751578969839806,0.05751578969839806
io reference,-0.05753555636375036,0.05753555636375036
configured correctly,-0.05757936104712973,0.05757936104712973
scope stream,-0.057599580806792436,0.057599580806792436
returning null,-0.057616710284363146,0.057616710284363146
federated,-0.05765251686658883,0.05765251686658883
https aws,-0.057652516866588836,0.057652516866588836
refreshing token,-0.057652516866588836,0.057652516866588836
strongloop,-0.05768250198690125,0.05768250198690125
com strongloop,-0.05768250198690125,0.05768250198690125
txt,-0.05773286059794254,0.05773286059794254
project id,-0.05779243214648732,0.05779243214648732
deployer,-0.05788857455863955,0.05788857455863955
like specifies,-0.05789397131653782,0.05789397131653782
env variable,-0.057908407461285664,0.057908407461285664
ssl envoy,-0.05794675481536697,0.05794675481536697
callwithrequest,-0.057980453098471114,0.057980453098471114
privileges let,-0.05800158840675342,0.05800158840675342
don require,-0.05800158840675342,0.05800158840675342
path file,-0.05800246658147357,0.05800246658147357
tls successor,-0.05800246658147358,0.05800246658147358
successor,-0.05800246658147358,0.05800246658147358
successor ssl,-0.05800246658147358,0.05800246658147358
curve,-0.058029846018836505,0.058029846018836505
privatekey,-0.05804700499527011,0.05804700499527011
mock server,-0.05807109265954426,0.05807109265954426
integration test,-0.05807864808953476,0.05807864808953476
needs say,-0.05808256300801561,0.05808256300801561
added new,-0.058094673450072715,0.058094673450072715
client authorization,-0.058107919397269295,0.058107919397269295
like apache,-0.05810861703064399,0.05810861703064399
support encrypt,-0.05813977211144112,0.05813977211144112
rephrase bit,-0.05814062480683809,0.05814062480683809
updating password,-0.05818666507033906,0.05818666507033906
shawndwells,-0.05821285864821639,0.05821285864821639
bigger,-0.058243752418663274,0.058243752418663274
random number,-0.05828607601228917,0.05828607601228917
sharing,-0.05831053938072419,0.05831053938072419
comment check,-0.05832766764542921,0.05832766764542921
documented,-0.05833509754819392,0.05833509754819392
does provide,-0.05836049202662296,0.05836049202662296
com nuget,-0.05837305586437228,0.05837305586437228
don think,-0.058388837934213296,0.058388837934213296
helps,-0.05844201300582814,0.05844201300582814
promise,-0.058476709488279675,0.058476709488279675
different format,-0.05855111222181966,0.05855111222181966
authorization user,-0.05858601856517063,0.05858601856517063
auth server,-0.05859173116156813,0.05859173116156813
similar issue,-0.05861046060998679,0.05861046060998679
ssm,-0.05864533070594574,0.05864533070594574
like kubectl,-0.05867331024983283,0.05867331024983283
api authorization,-0.05867594217188928,0.05867594217188928
right user,-0.05869139221257796,0.05869139221257796
dts,-0.05874006109745135,0.05874006109745135
example secret,-0.05875605028986896,0.05875605028986896
authenticate method,-0.05875642407649154,0.05875642407649154
clusterrole,-0.05880673281427731,0.05880673281427731
blob ma,-0.05889014907320522,0.05889014907320522
securing,-0.058918359840555226,0.058918359840555226
similar did,-0.058937585429116604,0.058937585429116604
mot,-0.058960823879142685,0.058960823879142685
encountered,-0.05896100027214039,0.05896100027214039
curre,-0.058973262437237065,0.058973262437237065
input user,-0.058975022551680745,0.058975022551680745
change fact,-0.05897943389074852,0.05897943389074852
does work,-0.05898750902710766,0.05898750902710766
socialcontroller prettier,-0.05902389570692342,0.05902389570692342
password just,-0.05903209350736142,0.05903209350736142
maximum,-0.05906011703707919,0.05906011703707919
straight,-0.05914920473867337,0.05914920473867337
login method,-0.059149204738673376,0.059149204738673376
ssl setup,-0.05916645001520774,0.05916645001520774
putting,-0.0591753878451655,0.0591753878451655
restricted,-0.05917864023474082,0.05917864023474082
secretname,-0.059190155621047395,0.059190155621047395
permissions users,-0.059195011217692765,0.059195011217692765
traceback,-0.0591970505636935,0.0591970505636935
popup,-0.05920782199067223,0.05920782199067223
hardware,-0.05932688919644554,0.05932688919644554
recommend use,-0.059355882785506534,0.059355882785506534
scrypt built,-0.059355882785506534,0.059355882785506534
store hash,-0.059355882785506534,0.059355882785506534
js version,-0.059355882785506534,0.059355882785506534
algorithm store,-0.059355882785506534,0.059355882785506534
hash note,-0.059355882785506534,0.059355882785506534
use scrypt,-0.059355882785506534,0.059355882785506534
note scrypt,-0.059355882785506534,0.059355882785506534
built node,-0.059355882785506534,0.059355882785506534
version 10,-0.059355882785506534,0.059355882785506534
scrypt algorithm,-0.059355882785506534,0.059355882785506534
history,-0.059376130424856656,0.059376130424856656
change user,-0.059379126529867106,0.059379126529867106
refreshing tokens,-0.059385286595925575,0.059385286595925575
module documentation,-0.05951034392279546,0.05951034392279546
sen,-0.05951888068982546,0.05951888068982546
password username,-0.0595254304847187,0.0595254304847187
validation related,-0.05965013133891791,0.05965013133891791
certificate value,-0.05965013133891794,0.05965013133891794
directly th,-0.05967225182353705,0.05967225182353705
violate,-0.05967538894737702,0.05967538894737702
404,-0.059678991415867154,0.059678991415867154
url graphql,-0.05972870087525602,0.05972870087525602
specific token,-0.05974082559210065,0.05974082559210065
firefox,-0.05979543151662116,0.05979543151662116
message decrypted,-0.059817365202912996,0.059817365202912996
little bit,-0.05985402447425785,0.05985402447425785
authentication kubernetes,-0.05986021317810729,0.05986021317810729
serial,-0.05986779741076296,0.05986779741076296
add headers,-0.05986924033520354,0.05986924033520354
default test,-0.05987644609448326,0.05987644609448326
token support,-0.05988121035760988,0.05988121035760988
server public,-0.05989352611856745,0.05989352611856745
bind password,-0.059908324532213855,0.059908324532213855
users credentials,-0.059950443596996326,0.059950443596996326
cryptographic algorithms,-0.059987228925710796,0.059987228925710796
zhenghaibo1008,-0.059987228925710796,0.059987228925710796
problem,-0.060023915536075174,0.060023915536075174
ios,-0.0600337816608973,0.0600337816608973
host key,-0.06006247855181307,0.06006247855181307
certificate ll,-0.06006247855181307,0.06006247855181307
session establishing,-0.06006247855181307,0.06006247855181307
l11,-0.06010125712641806,0.06010125712641806
services token,-0.060101257126418076,0.060101257126418076
doesn validate,-0.06012784269059157,0.06012784269059157
enable disable,-0.06015388352187528,0.06015388352187528
expert,-0.06018201829893276,0.06018201829893276
globalwebservicevalues heade,-0.060209111390765666,0.060209111390765666
heade,-0.060209111390765666,0.060209111390765666
authorization username,-0.060238263316114586,0.060238263316114586
perm,-0.060241399564332714,0.060241399564332714
http connection,-0.06025683886453752,0.06025683886453752
dns entry,-0.06025683886453752,0.06025683886453752
internal,-0.060262492321245205,0.060262492321245205
policy globally,-0.06029125655242689,0.06029125655242689
authn policy,-0.06029125655242689,0.06029125655242689
security authn,-0.06029125655242689,0.06029125655242689
istio mutual,-0.06029125655242689,0.06029125655242689
globally enabling,-0.06029125655242689,0.06029125655242689
provide default,-0.06033296215880632,0.06033296215880632
chart does,-0.06033296215880632,0.06033296215880632
generated chart,-0.06033296215880632,0.06033296215880632
value specify,-0.06033296215880632,0.06033296215880632
specify request,-0.06033296215880632,0.06033296215880632
longer case,-0.06035453512238624,0.06035453512238624
network user,-0.060406382226618996,0.060406382226618996
authorization doesn,-0.06047106141508352,0.06047106141508352
consider just,-0.06047106141508352,0.06047106141508352
client_id,-0.06050514077183785,0.06050514077183785
tls tls,-0.06051362534923498,0.06051362534923498
ll set,-0.0605485855363499,0.0605485855363499
backend authenticate,-0.06062315128585045,0.06062315128585045
authorization framework,-0.06064316840787054,0.06064316840787054
sites don,-0.06064316840787054,0.06064316840787054
le,-0.06073014226495544,0.06073014226495544
sure value,-0.06073605270622864,0.06073605270622864
using code,-0.060741889515298436,0.060741889515298436
programmatic,-0.06074227593517556,0.06074227593517556
host port,-0.0607994067705386,0.0607994067705386
comma,-0.060815509764952466,0.060815509764952466
did miss,-0.06083286976459283,0.06083286976459283
block pr,-0.060849048225257565,0.060849048225257565
azure iot,-0.06087528094838619,0.06087528094838619
actually think,-0.06088758090982651,0.06088758090982651
yaml apiversion,-0.06092250574173318,0.06092250574173318
transferring,-0.06097494392970125,0.06097494392970125
security https,-0.06097494392970125,0.06097494392970125
let say,-0.060977991669282756,0.060977991669282756
merging,-0.060997375315006555,0.060997375315006555
previous versions,-0.061014631012423125,0.061014631012423125
l110,-0.06101646843061948,0.06101646843061948
com google,-0.06101646843061948,0.06101646843061948
getuser,-0.06103202654115638,0.06103202654115638
documentation information,-0.061047569948795594,0.061047569948795594
secret contains,-0.061068395255747795,0.061068395255747795
key cert,-0.06109685554669036,0.06109685554669036
expiring,-0.061119296380903916,0.061119296380903916
options,-0.061167798303229874,0.061167798303229874
controller check,-0.061218300926528295,0.061218300926528295
ssl object,-0.06122672692912255,0.06122672692912255
declaration,-0.061239339945608456,0.061239339945608456
able read,-0.061280031892291795,0.061280031892291795
privileges right,-0.061280031892291795,0.061280031892291795
working adding,-0.06128008102245054,0.06128008102245054
hasn used,-0.06133146550619585,0.06133146550619585
cert key,-0.061357190555079814,0.061357190555079814
graph,-0.0614043500652018,0.0614043500652018
consistently,-0.06145143264606596,0.06145143264606596
using admin,-0.06146139606730327,0.06146139606730327
error set,-0.06146692630123633,0.06146692630123633
chose,-0.06148299723510051,0.06148299723510051
admin token,-0.061486576857357034,0.061486576857357034
deprecated,-0.061538420898700284,0.061538420898700284
certificate pem,-0.06155237292868956,0.06155237292868956
start need,-0.061552372928689564,0.061552372928689564
key pem,-0.06155237292868957,0.06155237292868957
_get,-0.06158296246982463,0.06158296246982463
kubernetes secret,-0.06162092312110451,0.06162092312110451
const token,-0.06165807672114972,0.06165807672114972
introduced new,-0.06177624761888913,0.06177624761888913
www terraform,-0.06178418017163151,0.06178418017163151
terraform io,-0.06178418017163151,0.06178418017163151
session authentication,-0.06184130538473064,0.06184130538473064
status authorized,-0.061848588970904866,0.061848588970904866
recommend changing,-0.06186025004909122,0.06186025004909122
ness,-0.06196702231230563,0.06196702231230563
decrypter,-0.06196702231230564,0.06196702231230564
getpassword,-0.06200904411448041,0.06200904411448041
bearer header,-0.06210585045944566,0.06210585045944566
header probably,-0.06210585045944567,0.06210585045944567
profiles,-0.06212477059286144,0.06212477059286144
containing username,-0.062141072988888255,0.062141072988888255
token needed,-0.0621517365628267,0.0621517365628267
suggestion using,-0.06218766665835971,0.06218766665835971
sealed,-0.06226328013076837,0.06226328013076837
running inside,-0.06230990867868112,0.06230990867868112
align,-0.062317911179861185,0.062317911179861185
user profile,-0.062448054566380876,0.062448054566380876
fails think,-0.062458491446709626,0.062458491446709626
doesn credentials,-0.06245849144670963,0.06245849144670963
fetches,-0.06247061392356043,0.06247061392356043
test fails,-0.062481016469288574,0.062481016469288574
import ssl,-0.06257308204596734,0.06257308204596734
encrypt need,-0.06258886884349148,0.06258886884349148
right sure,-0.06258886884349149,0.06258886884349149
sure encrypt,-0.06258886884349149,0.06258886884349149
skillsfundingagency das,-0.06260252201008742,0.06260252201008742
com skillsfundingagency,-0.06260252201008742,0.06260252201008742
skillsfundingagency,-0.06260252201008742,0.06260252201008742
configurations,-0.06262408566248147,0.06262408566248147
certificate authorities,-0.06263391271269193,0.06263391271269193
pssessionopenfailed,-0.06265211596953495,0.06265211596953495
throw errorid,-0.06265211596953495,0.06265211596953495
use pattern,-0.06265211596953495,0.06265211596953495
errorid,-0.06265211596953495,0.06265211596953495
pssession,-0.06265211596953495,0.06265211596953495
new pssession,-0.06265211596953495,0.06265211596953495
pattern powershell,-0.06265211596953495,0.06265211596953495
powershell new,-0.06265211596953495,0.06265211596953495
know makes,-0.06267855584844823,0.06267855584844823
master specification,-0.06270956364707106,0.06270956364707106
api specs,-0.06270956364707106,0.06270956364707106
azure rest,-0.06270956364707106,0.06270956364707106
specs tree,-0.06270956364707106,0.06270956364707106
revoke access,-0.06272703688474876,0.06272703688474876
set certificate,-0.06277268855433275,0.06277268855433275
access https,-0.06283161319116085,0.06283161319116085
current state,-0.06283202033202863,0.06283202033202863
loops,-0.06284551746126178,0.06284551746126178
encrypt https,-0.06286848089289498,0.06286848089289498
isn problem,-0.06291516479080857,0.06291516479080857
spec,-0.06296158243740542,0.06296158243740542
falling,-0.06296823384682781,0.06296823384682781
pre configured,-0.06305327664547167,0.06305327664547167
describes fixed,-0.06306825327358721,0.06306825327358721
roles sql,-0.06306825327358721,0.06306825327358721
roles describes,-0.06306825327358721,0.06306825327358721
fro,-0.06308105654735152,0.06308105654735152
request params,-0.06308105654735152,0.06308105654735152
need refresh,-0.06308450632659182,0.06308450632659182
context authorization,-0.06309478929860772,0.06309478929860772
pkce,-0.06309704874232039,0.06309704874232039
cbc,-0.0631028420395881,0.0631028420395881
value authorization,-0.06310464144151148,0.06310464144151148
query parameters,-0.06314307611163182,0.06314307611163182
oc create,-0.06316599441414428,0.06316599441414428
gitlab,-0.06318798289841868,0.06318798289841868
null encryption,-0.06320339004148982,0.06320339004148982
properly authenticated,-0.06324097821257005,0.06324097821257005
ecr,-0.06327487734069683,0.06327487734069683
index html,-0.06328409136922207,0.06328409136922207
perform actions,-0.0633065244935489,0.0633065244935489
broke,-0.06330910948939904,0.06330910948939904
config secret,-0.0633102354997008,0.0633102354997008
password secrets,-0.063359087088868,0.063359087088868
valid authentication,-0.06338911060678924,0.06338911060678924
authorized user,-0.0634171091551767,0.0634171091551767
tls used,-0.0634289240728021,0.0634289240728021
bootstrap token,-0.06343291168842828,0.06343291168842828
repeated,-0.0634347514628375,0.0634347514628375
packaging,-0.0634347514628375,0.0634347514628375
calls function,-0.06347291053638711,0.06347291053638711
don love,-0.0635283705070242,0.0635283705070242
file environment,-0.06353922945214825,0.06353922945214825
request set,-0.06355572174141656,0.06355572174141656
different methods,-0.063576284796411,0.063576284796411
comment https,-0.0635842099440026,0.0635842099440026
versions dotnet,-0.06359627827049798,0.06359627827049798
element https,-0.06359627827049798,0.06359627827049798
3dvs 100,-0.06359627827049798,0.06359627827049798
en previous,-0.06359627827049798,0.06359627827049798
3dvs,-0.06359627827049798,0.06359627827049798
dotnet netframework,-0.06359627827049798,0.06359627827049798
getting session,-0.06363160289797753,0.06363160289797753
value getting,-0.06363160289797753,0.06363160289797753
set permissions,-0.06363258125526645,0.06363258125526645
datawaveuser,-0.06364421237291093,0.06364421237291093
doesn remove,-0.06365133653602723,0.06365133653602723
authentication login,-0.06365219925661462,0.06365219925661462
user succeeded,-0.06367313937936755,0.06367313937936755
shouldn include,-0.06367313937936755,0.06367313937936755
succeeded isn,-0.06367313937936755,0.06367313937936755
passing user,-0.06367313937936755,0.06367313937936755
problem shouldn,-0.06367313937936755,0.06367313937936755
end result,-0.06367829947909684,0.06367829947909684
completes,-0.06369206323363716,0.06369206323363716
fine grained,-0.06370854547336517,0.06370854547336517
code cr,-0.06374199874642776,0.06374199874642776
avoid security,-0.06377189859276872,0.06377189859276872
secret keys,-0.06379180439981343,0.06379180439981343
password want,-0.06382847878257562,0.06382847878257562
mean users,-0.06387091855345592,0.06387091855345592
does permission,-0.06387473230317751,0.06387473230317751
cancelled,-0.06393894993645578,0.06393894993645578
code looks,-0.0639389499364558,0.0639389499364558
ar,-0.06394244963453755,0.06394244963453755
validation calling,-0.06394244963453755,0.06394244963453755
case wonder,-0.06394244963453756,0.06394244963453756
need manual,-0.06395450471026023,0.06395450471026023
used check,-0.06395727477583571,0.06395727477583571
following steps,-0.0639727967636402,0.0639727967636402
discovery endpoint,-0.06400598438919894,0.06400598438919894
does really,-0.06403072539636212,0.06403072539636212
permissions want,-0.0640317705650171,0.0640317705650171
check non,-0.06406695798316035,0.06406695798316035
tim,-0.06406894611831643,0.06406894611831643
opts,-0.06409211044969867,0.06409211044969867
existing code,-0.0641228379698209,0.0641228379698209
section https,-0.06414170111049991,0.06414170111049991
kafka clients,-0.06415314668575425,0.06415314668575425
global authorization,-0.06416114188980905,0.06416114188980905
mode global,-0.06416114188980905,0.06416114188980905
list view,-0.0642348089791922,0.0642348089791922
suggestion start,-0.06424131934041831,0.06424131934041831
start sandbox,-0.06424131934041831,0.06424131934041831
sandbox using,-0.06424131934041831,0.06424131934041831
pass jdbcurl,-0.06424131934041831,0.06424131934041831
using persistence,-0.06424131934041831,0.06424131934041831
option value,-0.06424131934041831,0.06424131934041831
persistence pass,-0.06424131934041831,0.06424131934041831
value valid,-0.06424131934041831,0.06424131934041831
database connect,-0.06424131934041831,0.06424131934041831
jdbcurl value,-0.06424131934041831,0.06424131934041831
jdbcurl,-0.06424131934041831,0.06424131934041831
value option,-0.06424131934041831,0.06424131934041831
jdbc url,-0.06424131934041831,0.06424131934041831
valid jdbc,-0.06424131934041831,0.06424131934041831
api authentication,-0.06426619727422261,0.06426619727422261
api work,-0.06432982423400302,0.06432982423400302
http www,-0.06437598149656497,0.06437598149656497
use check,-0.06444511217408282,0.06444511217408282
path ssl,-0.06446338439836277,0.06446338439836277
make distinction,-0.06448655044332008,0.06448655044332008
sdk js,-0.06456844011603853,0.06456844011603853
clearly,-0.06457472861219878,0.06457472861219878
redhat com,-0.06457738975276604,0.06457738975276604
unconditionally,-0.06460905583712732,0.06460905583712732
crucial,-0.06462245355747985,0.06462245355747985
être,-0.06463692486397853,0.06463692486397853
symfony blob,-0.06467260952441682,0.06467260952441682
src symfony,-0.06467260952441682,0.06467260952441682
symfony symfony,-0.06467260952441682,0.06467260952441682
pkey,-0.06470233609878928,0.06470233609878928
file list,-0.06473270130772649,0.06473270130772649
reg1,-0.06479412546040336,0.06479412546040336
credential reg1,-0.06479412546040336,0.06479412546040336
split example,-0.06479412546040336,0.06479412546040336
trim extra,-0.06479412546040336,0.06479412546040336
space split,-0.06479412546040336,0.06479412546040336
reg1 username,-0.06479412546040336,0.06479412546040336
better trim,-0.06479412546040336,0.06479412546040336
value suggestion,-0.06479657786048273,0.06479657786048273
client secret,-0.06479945574114468,0.06479945574114468
suggestion optional,-0.06483385580450629,0.06483385580450629
helm install,-0.06485524529159954,0.06485524529159954
way validate,-0.06488458654662768,0.06488458654662768
configuration provide,-0.06491612551357724,0.06491612551357724
required credentials,-0.06494068652899872,0.06494068652899872
like sending,-0.06495171006868165,0.06495171006868165
success case,-0.06496859421829362,0.06496859421829362
act,-0.06499804814655177,0.06499804814655177
password format,-0.06499804814655179,0.06499804814655179
correct password,-0.06499804814655179,0.06499804814655179
error types,-0.06500165316252647,0.06500165316252647
authorization failure,-0.06501475892809427,0.06501475892809427
really use,-0.06503193016514743,0.06503193016514743
master src,-0.06504470114678651,0.06504470114678651
request does,-0.06504968109650902,0.06504968109650902
doesn look,-0.06505191811574923,0.06505191811574923
validation maybe,-0.06506192896246774,0.06506192896246774
initialization,-0.06506731224113219,0.06506731224113219
production,-0.06507732571113498,0.06507732571113498
using existing,-0.06509227799666961,0.06509227799666961
config doesn,-0.06509227799666961,0.06509227799666961
password maybe,-0.0651645989219149,0.0651645989219149
displayproperty namewithtype,-0.0651914687834811,0.0651914687834811
namewithtype,-0.0651914687834811,0.0651914687834811
displayproperty,-0.0651914687834811,0.0651914687834811
suggestion xref,-0.06519146878348112,0.06519146878348112
failed authenticate,-0.06520233572603577,0.06520233572603577
aren required,-0.0652279819146065,0.0652279819146065
returning authorization,-0.06525113297516685,0.06525113297516685
external idp,-0.06527718820286571,0.06527718820286571
forwarded external,-0.06527718820286571,0.06527718820286571
initial application,-0.06527718820286571,0.06527718820286571
idp initial,-0.06527718820286571,0.06527718820286571
use token,-0.0653082845466255,0.0653082845466255
bit weird,-0.06534195315137631,0.06534195315137631
en dotnet,-0.06540865543376033,0.06540865543376033
dotnet api,-0.06540865543376033,0.06540865543376033
cluster autoscaler,-0.06544616081941985,0.06544616081941985
autoscaler requires,-0.06544616081941985,0.06544616081941985
authorization specifies,-0.06544616081941985,0.06544616081941985
cluster perform,-0.06544616081941985,0.06544616081941985
resource cluster,-0.06544616081941985,0.06544616081941985
specifies resource,-0.06544616081941985,0.06544616081941985
idea user,-0.06549351926077446,0.06549351926077446
comment better,-0.0655064153250162,0.0655064153250162
want send,-0.06554684134014248,0.06554684134014248
tests require,-0.06556760883511357,0.06556760883511357
secret names,-0.06556760883511357,0.06556760883511357
istio default,-0.06556760883511357,0.06556760883511357
token code,-0.06556807866130514,0.06556807866130514
link_ssl,-0.06557269726431418,0.06557269726431418
tests doesn,-0.06557269726431418,0.06557269726431418
security no_tls,-0.06557269726431418,0.06557269726431418
need link,-0.06557269726431418,0.06557269726431418
no_tls link_ssl,-0.06557269726431418,0.06557269726431418
link openssl,-0.06557269726431418,0.06557269726431418
openssl tls,-0.06557269726431418,0.06557269726431418
no_tls,-0.06557269726431418,0.06557269726431418
link_ssl tests,-0.06557269726431418,0.06557269726431418
valid token,-0.06560905496260397,0.06560905496260397
expected return,-0.06563352510263903,0.06563352510263903
title enter,-0.06564662420497035,0.06564662420497035
enter encryption,-0.06564662420497035,0.06564662420497035
auth oauth,-0.06567022895677113,0.06567022895677113
verification works,-0.06567022895677113,0.06567022895677113
clear ssl,-0.06567967274239474,0.06567967274239474
requests test,-0.06568653335657554,0.06568653335657554
suggestion following,-0.06569504458715388,0.06569504458715388
session credentials,-0.06571949106232529,0.06571949106232529
solution handling,-0.06572503849127184,0.06572503849127184
class removed,-0.06572503849127184,0.06572503849127184
problem fully,-0.06572503849127184,0.06572503849127184
necessary problem,-0.06572503849127184,0.06572503849127184
fully scoped,-0.06572503849127184,0.06572503849127184
added necessary,-0.06572503849127184,0.06572503849127184
scoped pr,-0.06572503849127184,0.06572503849127184
discussion like,-0.06572503849127184,0.06572503849127184
removed time,-0.06572503849127184,0.06572503849127184
like class,-0.06572503849127184,0.06572503849127184
security client,-0.06572503849127184,0.06572503849127184
time solution,-0.06572503849127184,0.06572503849127184
pr x509,-0.06572503849127184,0.06572503849127184
authentication added,-0.06572503849127184,0.06572503849127184
methods security,-0.06572503849127184,0.06572503849127184
review potentially,-0.06572925075645436,0.06572925075645436
password detected,-0.06572925075645436,0.06572925075645436
expression review,-0.06572925075645436,0.06572925075645436
detected expression,-0.06572925075645436,0.06572925075645436
time user,-0.06575095068666685,0.06575095068666685
descriptive maybe,-0.0657789944167483,0.0657789944167483
credentials reflecting,-0.0657789944167483,0.0657789944167483
reflecting,-0.0657789944167483,0.0657789944167483
eloqua api,-0.0657789944167483,0.0657789944167483
eloqua,-0.0657789944167483,0.0657789944167483
little descriptive,-0.0657789944167483,0.0657789944167483
keys map,-0.06578323765998773,0.06578323765998773
separate method,-0.06578323765998774,0.06578323765998774
firmware,-0.06581543917478722,0.06581543917478722
maybe adding,-0.06584473001252883,0.06584473001252883
password instead,-0.06597231303132972,0.06597231303132972
security error,-0.06601039313931721,0.06601039313931721
maintain consistency,-0.06605843277373011,0.06605843277373011
martijnvg,-0.06606019406886413,0.06606019406886413
com sequenceiq,-0.0660860798663931,0.0660860798663931
cloudbreak,-0.0660860798663931,0.0660860798663931
sequenceiq,-0.0660860798663931,0.0660860798663931
sequenceiq cloudbreak,-0.0660860798663931,0.0660860798663931
key encrypt,-0.06621511082574573,0.06621511082574573
disconnect,-0.06626760506652313,0.06626760506652313
terraform vault,-0.06628931739554023,0.06628931739554023
deciding,-0.06629495834675098,0.06629495834675098
used future,-0.06629856627058725,0.06629856627058725
password combination,-0.06633234579194701,0.06633234579194701
instead use,-0.06633234579194702,0.06633234579194702
authentication based,-0.06633234579194702,0.06633234579194702
use test,-0.06633234579194702,0.06633234579194702
just tls,-0.06638507826082117,0.06638507826082117
request token,-0.06645334044480795,0.06645334044480795
password custom,-0.06649831519587417,0.06649831519587417
used instead,-0.0665045255331155,0.0665045255331155
trust server,-0.06654428191669666,0.06654428191669666
context used,-0.06658411709810612,0.06658411709810612
telling,-0.06662644457958213,0.06662644457958213
et,-0.06663048305736956,0.06663048305736956
package contains,-0.06664960579315765,0.06664960579315765
enrich,-0.06670384462026638,0.06670384462026638
vhost,-0.06671533582364336,0.06671533582364336
spire,-0.06672069877082877,0.06672069877082877
sdk blob,-0.06676538292313218,0.06676538292313218
security need,-0.06676964260595727,0.06676964260595727
trying authenticate,-0.06679280466100142,0.06679280466100142
nh,-0.06682465224940157,0.06682465224940157
impossible,-0.06684200579871931,0.06684200579871931
visible users,-0.06688555649543215,0.06688555649543215
think passing,-0.0669184894767506,0.0669184894767506
joining,-0.06692474803010601,0.06692474803010601
obtained,-0.06692810008661403,0.06692810008661403
sensor,-0.06692810008661403,0.06692810008661403
control model,-0.06692810008661403,0.06692810008661403
new resource,-0.0669865750667982,0.0669865750667982
optional specifies,-0.0669865750667982,0.0669865750667982
false changing,-0.0669865750667982,0.0669865750667982
changing forces,-0.0669865750667982,0.0669865750667982
forces new,-0.0669865750667982,0.0669865750667982
defaults false,-0.0669865750667982,0.0669865750667982
disable_password_authentication,-0.0669865750667982,0.0669865750667982
disabled defaults,-0.0669865750667982,0.0669865750667982
suggestion disable_password_authentication,-0.0669865750667982,0.0669865750667982
disable_password_authentication optional,-0.0669865750667982,0.0669865750667982
specifies password,-0.0669865750667982,0.0669865750667982
enabling authorization,-0.06703151038457521,0.06703151038457521
suggestion want,-0.06703151038457521,0.06703151038457521
authorization change,-0.06703151038457521,0.06703151038457521
line authentication,-0.06706385501614916,0.06706385501614916
cluster cluster,-0.06710016194894539,0.06710016194894539
extra ssh,-0.06710187335145461,0.06710187335145461
l62,-0.06713555432558105,0.06713555432558105
better don,-0.06714186459058276,0.06714186459058276
watch,-0.06715825478273331,0.06715825478273331
provide password,-0.0671756521517951,0.0671756521517951
client http,-0.06721845983577122,0.06721845983577122
secret don,-0.06722595904968467,0.06722595904968467
restriction,-0.06723704397693163,0.06723704397693163
callback set,-0.06726617404883904,0.06726617404883904
extension,-0.06732215790507584,0.06732215790507584
broadcasting,-0.06733196643828487,0.06733196643828487
think verifying,-0.06738714864855047,0.06738714864855047
dependency,-0.06739214313369027,0.06739214313369027
security level,-0.06742353706803697,0.06742353706803697
combined,-0.06742441887825508,0.06742441887825508
refer,-0.06742900256934352,0.06742900256934352
based authentication,-0.06747957490492669,0.06747957490492669
safely,-0.06751104111432679,0.06751104111432679
expected location,-0.06753784937124235,0.06753784937124235
alive,-0.0675739149606096,0.0675739149606096
flows,-0.06757473212067433,0.06757473212067433
namespaces,-0.06763255969500279,0.06763255969500279
characters,-0.06765881112620356,0.06765881112620356
configuration individual,-0.06767516882667395,0.06767516882667395
token refer,-0.06773349017654189,0.06773349017654189
error like,-0.06774055199425451,0.06774055199425451
leaves,-0.06782996496161253,0.06782996496161253
new secret,-0.06783915308688752,0.06783915308688752
certificates https,-0.0678394552578454,0.0678394552578454
used authorization,-0.06784127591102398,0.06784127591102398
need figure,-0.06785340643778816,0.06785340643778816
session using,-0.06786168462126553,0.06786168462126553
ldap server,-0.067863674864915,0.067863674864915
scratch,-0.06788446442277088,0.06788446442277088
didn come,-0.067906984607497,0.067906984607497
param used,-0.067906984607497,0.067906984607497
steps test,-0.06791540820611554,0.06791540820611554
account use,-0.06796093210187225,0.06796093210187225
turned make,-0.06798380265089467,0.06798380265089467
connection instead,-0.0680788102050039,0.0680788102050039
looks prefix,-0.06809881562390284,0.06809881562390284
encrypted object,-0.06809881562390284,0.06809881562390284
object bucket,-0.06809881562390284,0.06809881562390284
bucket creates,-0.06809881562390284,0.06809881562390284
creates kubernetes,-0.06809881562390284,0.06809881562390284
secret prefix,-0.06809881562390284,0.06809881562390284
suggestion secretspopulator,-0.06809881562390284,0.06809881562390284
prefix encrypted,-0.06809881562390284,0.06809881562390284
secretspopulator,-0.06809881562390284,0.06809881562390284
oauth2 authentication,-0.06810596775034969,0.06810596775034969
rarely,-0.06812303393114759,0.06812303393114759
raw handle,-0.06820204777972755,0.06820204777972755
instead shows,-0.06820204777972755,0.06820204777972755
gui does,-0.06820204777972755,0.06820204777972755
does decrypted,-0.06820204777972755,0.06820204777972755
shows raw,-0.06820204777972755,0.06820204777972755
suggestion agent,-0.06820204777972755,0.06820204777972755
agent gui,-0.06820204777972755,0.06820204777972755
flood,-0.06822318974733925,0.06822318974733925
credentials probably,-0.06822842473339041,0.06822842473339041
considers,-0.06826869715976326,0.06826869715976326
raised authentication,-0.06830277056880008,0.06830277056880008
ll double,-0.06830633439554089,0.06830633439554089
u8,-0.06834077155174319,0.06834077155174319
contains credentials,-0.06836301803979791,0.06836301803979791
tests user,-0.0683764358241986,0.0683764358241986
health checks,-0.06841219164957588,0.06841219164957588
specify authorization,-0.06847941741776621,0.06847941741776621
authorization backend,-0.06847941741776623,0.06847941741776623
solve,-0.06859644994384054,0.06859644994384054
friendly,-0.06860874863279974,0.06860874863279974
method renamed,-0.06867634452336963,0.06867634452336963
contains sensitive,-0.0687292653986435,0.0687292653986435
encompass,-0.06873815520659127,0.06873815520659127
cert md,-0.06873977409544535,0.06873977409544535
abstract,-0.06874628196987177,0.06874628196987177
controller layer,-0.06875635124963124,0.06875635124963124
understand need,-0.06875635124963124,0.06875635124963124
volumes,-0.06880397020190682,0.06880397020190682
save password,-0.0688257846366108,0.0688257846366108
components,-0.068883332922611,0.068883332922611
di,-0.06889983983276417,0.06889983983276417
k8s,-0.06898581816737744,0.06898581816737744
lang,-0.06901452630613872,0.06901452630613872
firebase,-0.0691202924419112,0.0691202924419112
did spec,-0.06917775995924726,0.06917775995924726
spec authorization,-0.06917775995924726,0.06917775995924726
io did,-0.06917775995924726,0.06917775995924726
w3c ccg,-0.06917775995924726,0.06917775995924726
https w3c,-0.06917775995924726,0.06917775995924726
authorization delegation,-0.06917775995924726,0.06917775995924726
ccg,-0.06917775995924726,0.06917775995924726
ccg github,-0.06917775995924726,0.06917775995924726
coded credential,-0.06919001888881207,0.06919001888881207
potentially hard,-0.06919001888881207,0.06919001888881207
querying,-0.06919531708245011,0.06919531708245011
needed authenticate,-0.06924780124402766,0.06924780124402766
token agree,-0.06929103185708506,0.06929103185708506
agree,-0.06932534069125461,0.06932534069125461
suse,-0.06937689627583846,0.06937689627583846
expl,-0.06941112788712273,0.06941112788712273
exists doesn,-0.06941527837151423,0.06941527837151423
token class,-0.06941527837151423,0.06941527837151423
token problem,-0.06943826447795706,0.06943826447795706
strategies,-0.06946949261989613,0.06946949261989613
saying authentication,-0.0694763522294886,0.0694763522294886
maybe split,-0.0694763522294886,0.0694763522294886
tower,-0.06960054430028388,0.06960054430028388
envoy ssl,-0.0696457005422961,0.0696457005422961
token config,-0.06965866293209491,0.06965866293209491
round,-0.06971877026901832,0.06971877026901832
password change,-0.06972103313343257,0.06972103313343257
cas authentication,-0.06974472931304855,0.06974472931304855
going work,-0.0697527886913798,0.0697527886913798
reminder,-0.06975859066216822,0.06975859066216822
ferb,-0.06975859066216822,0.06975859066216822
signs,-0.06975940901808957,0.06975940901808957
public static,-0.06976064642646712,0.06976064642646712
termination,-0.06979296954586638,0.06979296954586638
api clouddriver,-0.06980352566867169,0.06980352566867169
reality,-0.0698035256686717,0.0698035256686717
repeat steps,-0.06981544496590977,0.06981544496590977
psk,-0.06981544496590977,0.06981544496590977
store certificate,-0.06981544496590977,0.06981544496590977
runs,-0.06981845433644632,0.06981845433644632
secretid,-0.06982050607597755,0.06982050607597755
password vault,-0.06988525697150522,0.06988525697150522
think definitely,-0.06991134122493514,0.06991134122493514
partly,-0.06991704000005883,0.06991704000005883
dedicated http,-0.069928500592898,0.069928500592898
master requires,-0.06993595332138826,0.06993595332138826
juju solutions,-0.06993595332138826,0.06993595332138826
juju,-0.06993595332138826,0.06993595332138826
certificates blob,-0.06993595332138826,0.06993595332138826
interface tls,-0.06993595332138826,0.06993595332138826
solutions interface,-0.06993595332138826,0.06993595332138826
com juju,-0.06993595332138826,0.06993595332138826
requires py,-0.06993595332138826,0.06993595332138826
user experience,-0.06995703774847002,0.06995703774847002
unique,-0.06995872350069952,0.06995872350069952
403 error,-0.06995972306454341,0.06995972306454341
authorization don,-0.07009268588731898,0.07009268588731898
com helm,-0.07010275766296166,0.07010275766296166
awesome,-0.07012978563097819,0.07012978563097819
suddenly,-0.07013198336658183,0.07013198336658183
stored token,-0.07014680406671397,0.07014680406671397
think steps,-0.07015166673741356,0.07015166673741356
openid token,-0.07019716491454896,0.07019716491454896
authentication let,-0.07027274762224663,0.07027274762224663
maybe rephrase,-0.07027637732871617,0.07027637732871617
kem,-0.07029718492367845,0.07029718492367845
complication,-0.07029975524212767,0.07029975524212767
complication api,-0.07029975524212767,0.07029975524212767
use watchface,-0.07029975524212767,0.07029975524212767
watchface complication,-0.07029975524212767,0.07029975524212767
user shouldn,-0.07030236556959624,0.07030236556959624
return headers,-0.07030236556959625,0.07030236556959625
indices grant,-0.07033400418027513,0.07033400418027513
needed cluster,-0.07033400418027513,0.07033400418027513
privilege needed,-0.07033400418027513,0.07033400418027513
roughly cluster,-0.07033400418027513,0.07033400418027513
roughly,-0.07033400418027513,0.07033400418027513
cluster holding,-0.07033400418027513,0.07033400418027513
version just,-0.07034848187015375,0.07034848187015375
sure remove,-0.0704176842829802,0.0704176842829802
secret certificate,-0.07043449278038949,0.07043449278038949
expired refresh,-0.07044458816072281,0.07044458816072281
right way,-0.07044458816072281,0.07044458816072281
worker,-0.0704505897475305,0.0704505897475305
returned authorization,-0.07047976420166405,0.07047976420166405
need provide,-0.07049654334039142,0.07049654334039142
core authorization,-0.0705131898073425,0.0705131898073425
know did,-0.07053242646728142,0.07053242646728142
just moved,-0.07053242646728142,0.07053242646728142
used secure,-0.07055038533632502,0.07055038533632502
dump data,-0.07060375910430497,0.07060375910430497
require extra,-0.07060559687185686,0.07060559687185686
backups,-0.07064909037674205,0.07064909037674205
lib authentication,-0.0707115826105651,0.0707115826105651
just looks,-0.07077255118150168,0.07077255118150168
azure sdk,-0.07078453301089539,0.07078453301089539
tls cert,-0.07078605577237417,0.07078605577237417
need different,-0.0708368639010501,0.0708368639010501
occur,-0.07084802643579118,0.07084802643579118
removing secret,-0.07085550647264709,0.07085550647264709
secret deleted,-0.07085550647264709,0.07085550647264709
set cookie,-0.07088026535038279,0.07088026535038279
path peer,-0.07095052546419786,0.07095052546419786
etcd cluster,-0.07095052546419786,0.07095052546419786
file certificate,-0.07095052546419786,0.07095052546419786
cluster members,-0.07095052546419786,0.07095052546419786
secures,-0.07095052546419786,0.07095052546419786
secures communication,-0.07095052546419786,0.07095052546419786
peer server,-0.07095052546419786,0.07095052546419786
communication etcd,-0.07095052546419786,0.07095052546419786
description path,-0.07095052546419786,0.07095052546419786
certificate secures,-0.07095052546419786,0.07095052546419786
later,-0.07104901622775067,0.07104901622775067
option tls,-0.07106060829513139,0.07106060829513139
io v1beta1,-0.0710907058836786,0.0710907058836786
kubelet,-0.07111577661129782,0.07111577661129782
approving,-0.07112014985011883,0.07112014985011883
enable tls,-0.07117240463351514,0.07117240463351514
lowest,-0.07118354918728163,0.07118354918728163
sso,-0.07129000110929923,0.07129000110929923
l99,-0.07129239349497621,0.07129239349497621
create ssl,-0.07130405024404099,0.07130405024404099
removed session,-0.07130509565913208,0.07130509565913208
equal,-0.07130802342718458,0.07130802342718458
need want,-0.07134671948028799,0.07134671948028799
depending,-0.07138343310593709,0.07138343310593709
wanted point,-0.07139293378958973,0.07139293378958973
cookie based,-0.07140145253557445,0.07140145253557445
limiting,-0.07140515074444782,0.07140515074444782
volumemounts,-0.07140531168180816,0.07140531168180816
database permissions,-0.0714098634524786,0.0714098634524786
header apikey,-0.07142512357460581,0.07142512357460581
addbearerauth,-0.07142512357460581,0.07142512357460581
authorization authorizationoptions,-0.07149023589108311,0.07149023589108311
authorizationoptions,-0.07149023589108311,0.07149023589108311
suggestion connect,-0.07150421861274915,0.07150421861274915
sslmode,-0.07159347528342222,0.07159347528342222
flow set,-0.07161696624445534,0.07161696624445534
service accounts,-0.07166627718823518,0.07166627718823518
playing,-0.07172265752681942,0.07172265752681942
testing authorization,-0.07173677839646499,0.07173677839646499
token necessary,-0.07175891860243165,0.07175891860243165
tizen manifest,-0.07179315845675172,0.07179315845675172
manifest xml,-0.07179315845675172,0.07179315845675172
explicitly test,-0.07188629522392333,0.07188629522392333
cluster wide,-0.07188971617209967,0.07188971617209967
graphql query,-0.07198883177955867,0.07198883177955867
error raised,-0.0720126005394963,0.0720126005394963
forwarding,-0.07202036692783342,0.07202036692783342
com sdk,-0.07202644612401081,0.07202644612401081
oauth application,-0.07203397751978825,0.07203397751978825
authorization implemented,-0.07217054124857593,0.07217054124857593
based service,-0.07217054124857593,0.07217054124857593
wrong sure,-0.07217461231119443,0.07217461231119443
sanitizing,-0.0721940881582153,0.0721940881582153
needs enabled,-0.07220365871411252,0.07220365871411252
updated pr,-0.07220365871411254,0.07220365871411254
issued tls,-0.0722181113360926,0.0722181113360926
certificates issued,-0.0722181113360926,0.0722181113360926
possible disable,-0.07221957251776781,0.07221957251776781
oauth2_proxy,-0.07221957251776781,0.07221957251776781
authorization enabled,-0.0722312956337722,0.0722312956337722
knative dev,-0.07226279038833293,0.07226279038833293
user specify,-0.0722650115060805,0.0722650115060805
encrypt don,-0.07227700106814243,0.07227700106814243
sub heading,-0.07231201883955653,0.07231201883955653
check credentials,-0.07231228995647217,0.07231228995647217
session username,-0.0723266243222115,0.0723266243222115
goes wrong,-0.07238038029666001,0.07238038029666001
443,-0.07240008599317253,0.07240008599317253
password provided,-0.07243229941580336,0.07243229941580336
additional step,-0.07244647645487322,0.07244647645487322
test pass,-0.07246168115442843,0.07246168115442843
used verify,-0.07263670379255588,0.07263670379255588
wasn,-0.07263918510644675,0.07263918510644675
harder,-0.07264876581795825,0.07264876581795825
109,-0.07270831911269805,0.07270831911269805
hmmm,-0.07271978655442915,0.07271978655442915
filter class,-0.07282801434997373,0.07282801434997373
place case,-0.07292173909312848,0.07292173909312848
communi,-0.07293484994684347,0.07293484994684347
string ssl,-0.07293484994684347,0.07293484994684347
streamname decrypted,-0.07295203919785909,0.07295203919785909
suggestion streamname,-0.07295203919785909,0.07295203919785909
streamname,-0.07295203919785909,0.07295203919785909
couldn use,-0.07297760180689493,0.07297760180689493
authentication fails,-0.07299549213712407,0.07299549213712407
authorization plugin,-0.07301428754793883,0.07301428754793883
allow run,-0.07302796102823914,0.07302796102823914
key token,-0.07306798384083163,0.07306798384083163
broken,-0.0730869818333719,0.0730869818333719
null credentials,-0.07310047190421765,0.07310047190421765
using bearer,-0.07311434995191293,0.07311434995191293
don access,-0.07313064555954422,0.07313064555954422
data like,-0.07316934275442681,0.07316934275442681
like access,-0.07317681737817971,0.07317681737817971
want authorization,-0.07319107457328412,0.07319107457328412
iam roles,-0.07323284353466368,0.07323284353466368
line client,-0.0732857233668333,0.0732857233668333
client login,-0.0732857233668333,0.0732857233668333
docker_email required,-0.07329743790745497,0.07329743790745497
required export,-0.07329743790745497,0.07329743790745497
test takes,-0.07329743790745497,0.07329743790745497
docker_username docker_password,-0.07329743790745497,0.07329743790745497
docker_password,-0.07329743790745497,0.07329743790745497
secret image_pull_secret_weblogic,-0.07329743790745497,0.07329743790745497
image_pull_secret_weblogic created,-0.07329743790745497,0.07329743790745497
image_pull_secret_weblogic test,-0.07329743790745497,0.07329743790745497
provided docker_username,-0.07329743790745497,0.07329743790745497
tbarnes,-0.07329743790745497,0.07329743790745497
docker_email,-0.07329743790745497,0.07329743790745497
tbarnes secret,-0.07329743790745497,0.07329743790745497
export image_pull_secret_weblogic,-0.07329743790745497,0.07329743790745497
docker_password docker_email,-0.07329743790745497,0.07329743790745497
docker_username,-0.07329743790745497,0.07329743790745497
dialog,-0.07330246726424314,0.07330246726424314
returned code,-0.07330246726424315,0.07330246726424315
suggested text,-0.07334139993378616,0.07334139993378616
action,-0.07341034120159459,0.07341034120159459
truth,-0.07342471091880316,0.07342471091880316
injects,-0.07342486341167517,0.07342486341167517
privilege tizen,-0.07343218929375847,0.07343218929375847
following privilege,-0.07343218929375847,0.07343218929375847
location ssl,-0.07343357991797687,0.07343357991797687
specially second,-0.07343357991797687,0.07343357991797687
x86_64 specially,-0.07343357991797687,0.07343357991797687
shouldn applied,-0.07343357991797687,0.07343357991797687
applied x86_64,-0.07343357991797687,0.07343357991797687
second location,-0.07343357991797687,0.07343357991797687
required users,-0.07345417097538627,0.07345417097538627
certificate valid,-0.07349533631076673,0.07349533631076673
certificate certificate,-0.07349533631076673,0.07349533631076673
selected option,-0.07353816676187012,0.07353816676187012
option apply,-0.07353816676187012,0.07353816676187012
certificate distributor,-0.07353816676187012,0.07353816676187012
password author,-0.07353816676187012,0.07353816676187012
apply password,-0.07353816676187012,0.07353816676187012
existence,-0.0735572084679375,0.0735572084679375
credentials aws,-0.07355928760636599,0.07355928760636599
auth logout,-0.07357928251404829,0.07357928251404829
intended used,-0.07358027743372256,0.07358027743372256
scheduler,-0.0736500271132176,0.0736500271132176
downloads,-0.07365726971915881,0.07365726971915881
pkcs5,-0.07366185725436232,0.07366185725436232
pkcs5 padding,-0.07366185725436232,0.07366185725436232
cafile,-0.0736831599787917,0.0736831599787917
different cloud,-0.07374514669722713,0.07374514669722713
user privileges,-0.0738040992186959,0.0738040992186959
verify server,-0.07387971705970446,0.07387971705970446
thing does,-0.07391063876363793,0.07391063876363793
translated,-0.07393245014534515,0.07393245014534515
certificates default,-0.07394585796053936,0.07394585796053936
using client,-0.0740030927499011,0.0740030927499011
password generated,-0.07404191677180813,0.07404191677180813
authenticated access,-0.0740592060362554,0.0740592060362554
decrypt time,-0.07409128237481814,0.07409128237481814
answers,-0.07409953277482446,0.07409953277482446
kind certificate,-0.07410454182014611,0.07410454182014611
lot people,-0.07411727641694199,0.07411727641694199
user change,-0.07412123503605382,0.07412123503605382
microsoft com,-0.07413570945915704,0.07413570945915704
reference secret,-0.07416907554030969,0.07416907554030969
com docker,-0.07416926068709888,0.07416926068709888
assumption correct,-0.07417783565174502,0.07417783565174502
assumes pwd,-0.07417783565174502,0.07417783565174502
generated tls,-0.07417783565174502,0.07417783565174502
secrets assumption,-0.07417783565174502,0.07417783565174502
pwd generated,-0.07417783565174502,0.07417783565174502
permission permission,-0.07417870077414868,0.07417870077414868
tor,-0.07420524348403901,0.07420524348403901
structures,-0.07421254571272207,0.07421254571272207
key server,-0.0742364818411839,0.0742364818411839
headers authorization,-0.07423947112277328,0.07423947112277328
requ,-0.07424013544259767,0.07424013544259767
kerberos authentication,-0.07424013544259767,0.07424013544259767
auth service,-0.0742446701993238,0.0742446701993238
32,-0.07425931138111946,0.07425931138111946
ir model,-0.07431325939537108,0.07431325939537108
ir,-0.07431325939537108,0.07431325939537108
model access,-0.07431325939537108,0.07431325939537108
address use,-0.07435657325767629,0.07435657325767629
following section,-0.07435974222059973,0.07435974222059973
kubectl apply,-0.07437569422758857,0.07437569422758857
using following,-0.0743830345166085,0.0743830345166085
process env,-0.07441223113243489,0.07441223113243489
server,-0.07443632490855595,0.07443632490855595
remove authorization,-0.0744507320258402,0.0744507320258402
token oauth2,-0.07449054209135654,0.07449054209135654
hash functions,-0.07449185333265793,0.07449185333265793
token credential,-0.07451565739872691,0.07451565739872691
golang,-0.07457976463946077,0.07457976463946077
bot rest,-0.07459765230360578,0.07459765230360578
api secret,-0.07460102459639568,0.07460102459639568
rely vault,-0.0746010245963957,0.0746010245963957
naming convention,-0.07460197600499559,0.07460197600499559
staticpodpath,-0.07464654317611247,0.07464654317611247
contain sensitive,-0.07470912789107718,0.07470912789107718
gorilla,-0.07470912789107721,0.07470912789107721
granting,-0.0747492984676712,0.0747492984676712
contain secrets,-0.0747844977201246,0.0747844977201246
service principal,-0.07479845086915049,0.07479845086915049
api generating,-0.07482339679023299,0.07482339679023299
use request,-0.07482339679023299,0.07482339679023299
id returned,-0.07482339679023299,0.07482339679023299
default service,-0.07483913957953464,0.07483913957953464
users using,-0.07484958401335208,0.07484958401335208
user sign,-0.07487554613435275,0.07487554613435275
aren raising,-0.07487554613435277,0.07487554613435277
raising,-0.07487554613435277,0.07487554613435277
add authorization,-0.07489322409144321,0.07489322409144321
solve issue,-0.07507806175429384,0.07507806175429384
pubkey,-0.07510447592549119,0.07510447592549119
secret environment,-0.07514165694363723,0.07514165694363723
vs tls,-0.07517127914260248,0.07517127914260248
yes probably,-0.07517127914260248,0.07517127914260248
ssl vs,-0.07517127914260248,0.07517127914260248
focused,-0.07517127914260248,0.07517127914260248
equivalent,-0.07525250677543321,0.07525250677543321
loopback,-0.07527143726250035,0.07527143726250035
kibana provided,-0.07529329485504027,0.07529329485504027
provided login,-0.07529329485504027,0.07529329485504027
verbose,-0.07534503249444593,0.07534503249444593
jwt io,-0.075346810832213,0.075346810832213
token_secret,-0.07534681083221301,0.07534681083221301
approved,-0.07535346517044807,0.07535346517044807
add separate,-0.07535745733640746,0.07535745733640746
like works,-0.0753777404768393,0.0753777404768393
validation let,-0.0753846396962954,0.0753846396962954
def leaf,-0.07539333139423546,0.07539333139423546
invalid session,-0.07542175511802335,0.07542175511802335
attempt,-0.07554649106489654,0.07554649106489654
tpm,-0.07556566294392507,0.07556566294392507
symmetric key,-0.07556566294392508,0.07556566294392508
token configuration,-0.07560235739042229,0.07560235739042229
additional privileges,-0.075645298939124,0.075645298939124
belong,-0.07565071885565111,0.07565071885565111
sure comment,-0.07567718044294015,0.07567718044294015
ships,-0.07568997184807524,0.07568997184807524
step https,-0.07570124910298216,0.07570124910298216
token access,-0.07571155590078844,0.07571155590078844
need defined,-0.07572743298716916,0.07572743298716916
kibana security,-0.07572778548474175,0.07572778548474175
secret token,-0.07578306517005072,0.07578306517005072
needs able,-0.07579243947346156,0.07579243947346156
counter,-0.07581144624744496,0.07581144624744496
surprised,-0.07588994946798111,0.07588994946798111
task,-0.07589875637910486,0.07589875637910486
com openshift,-0.07594602433456715,0.07594602433456715
node,-0.07603426296741451,0.07603426296741451
instead redirecting,-0.07604013449680047,0.07604013449680047
platform setup,-0.07607219766972648,0.07607219766972648
pull policy,-0.07609996487139749,0.07609996487139749
tag path,-0.07609996487139749,0.07609996487139749
tag optional,-0.07609996487139749,0.07609996487139749
label argument,-0.07609996487139749,0.07609996487139749
policy specified,-0.07609996487139749,0.07609996487139749
using secret,-0.07611060363572894,0.07611060363572894
indicate azure,-0.07615496942019176,0.07615496942019176
azure authentication,-0.07615496942019176,0.07615496942019176
notice following,-0.07615496942019176,0.07615496942019176
authorization docs,-0.07617150873313645,0.07617150873313645
run tls,-0.0761717127626271,0.0761717127626271
broad,-0.07618259032916413,0.07618259032916413
contain base64,-0.07622034667037293,0.07622034667037293
kubernetes engine,-0.07624801277988856,0.07624801277988856
dns,-0.0762504025782847,0.0762504025782847
placing,-0.07627610406800488,0.07627610406800488
serialized,-0.07629020655301545,0.07629020655301545
secrets cloud,-0.0762975917189173,0.0762975917189173
pattern checking,-0.07632395017739597,0.07632395017739597
hashes,-0.07633096752751471,0.07633096752751471
web tokens,-0.07634890932854647,0.07634890932854647
certificate password,-0.07635328392275287,0.07635328392275287
verb,-0.0763544382555268,0.0763544382555268
enabling istio,-0.07636531975787383,0.07636531975787383
new client,-0.0763980883654884,0.0763980883654884
authorization later,-0.07640270584251974,0.07640270584251974
secret storage,-0.07652544523552365,0.07652544523552365
actual encryption,-0.07652544523552365,0.07652544523552365
domain socket,-0.07653928461383558,0.07653928461383558
sure right,-0.07654470054035309,0.07654470054035309
come authentication,-0.07655190003538993,0.07655190003538993
user type,-0.0765947282473429,0.0765947282473429
cnf,-0.07661063500488124,0.07661063500488124
way remove,-0.0766158686065146,0.0766158686065146
remove ll,-0.07662842338278444,0.07662842338278444
información,-0.076635853185072,0.076635853185072
administer cluster,-0.076635853185072,0.076635853185072
información sensible,-0.076635853185072,0.076635853185072
tasks administer,-0.076635853185072,0.076635853185072
cluster encrypt,-0.076635853185072,0.076635853185072
base authorization,-0.07665354284959838,0.07665354284959838
current_user,-0.07668579532801954,0.07668579532801954
quite right,-0.07668579532801954,0.07668579532801954
file updated,-0.07668587648602013,0.07668587648602013
completely agree,-0.07670921745817472,0.07670921745817472
62,-0.07673745491635722,0.07673745491635722
amazons3,-0.0767422611013291,0.0767422611013291
com amazons3,-0.0767422611013291,0.0767422611013291
latest dev,-0.0767422611013291,0.0767422611013291
amazons3 latest,-0.0767422611013291,0.0767422611013291
extra space,-0.07675500954197093,0.07675500954197093
possible way,-0.07677483627057108,0.07677483627057108
func tls,-0.07677877693979641,0.07677877693979641
failed does,-0.07681120818597628,0.07681120818597628
authentication uses,-0.0768135644109557,0.0768135644109557
l18,-0.07682125567804861,0.07682125567804861
validation logic,-0.07682828073351751,0.07682828073351751
authorization istio,-0.07686153358211315,0.07686153358211315
port 443,-0.07686206705252045,0.07686206705252045
think needs,-0.07686580539531088,0.07686580539531088
credentials grant,-0.07696935030582483,0.07696935030582483
know used,-0.0769818714528369,0.0769818714528369
revocation,-0.07698680246305287,0.07698680246305287
admin role,-0.07699293021251674,0.07699293021251674
method return,-0.07701215798855007,0.07701215798855007
jwts used,-0.07701718971183107,0.07701718971183107
flask session,-0.07709461224472618,0.07709461224472618
secrettypeabstraction,-0.07712420943067178,0.07712420943067178
use ssl,-0.0771316627573094,0.0771316627573094
cgroupdriver systemd,-0.0771694498853028,0.0771694498853028
cgroupdriver,-0.0771694498853028,0.0771694498853028
systemd staticpodpath,-0.0771694498853028,0.0771694498853028
config k8s,-0.0771694498853028,0.0771694498853028
kubernetes manifests,-0.0771694498853028,0.0771694498853028
kubeletconfiguration apiversion,-0.0771694498853028,0.0771694498853028
kube local,-0.0771694498853028,0.0771694498853028
kubeletconfiguration,-0.0771694498853028,0.0771694498853028
kubelet config,-0.0771694498853028,0.0771694498853028
staticpodpath kubernetes,-0.0771694498853028,0.0771694498853028
manifests authorization,-0.0771694498853028,0.0771694498853028
kind kubeletconfiguration,-0.0771694498853028,0.0771694498853028
v1beta1 clusterdomain,-0.0771694498853028,0.0771694498853028
local clusterdns,-0.0771694498853028,0.0771694498853028
254 10,-0.0771694498853028,0.0771694498853028
manifests,-0.0771694498853028,0.0771694498853028
mode alwaysallow,-0.0771694498853028,0.0771694498853028
10 cgroupdriver,-0.0771694498853028,0.0771694498853028
clusterdns 10,-0.0771694498853028,0.0771694498853028
10 254,-0.0771694498853028,0.0771694498853028
apiversion kubelet,-0.0771694498853028,0.0771694498853028
alwaysallow authenticati,-0.0771694498853028,0.0771694498853028
clusterdns,-0.0771694498853028,0.0771694498853028
clusterdomain kube,-0.0771694498853028,0.0771694498853028
clusterdomain,-0.0771694498853028,0.0771694498853028
host inventory,-0.0772206918950651,0.0772206918950651
dehort insights,-0.0772206918950651,0.0772206918950651
dehort,-0.0772206918950651,0.0772206918950651
inventory blob,-0.0772206918950651,0.0772206918950651
com dehort,-0.0772206918950651,0.0772206918950651
insights host,-0.0772206918950651,0.0772206918950651
passed request,-0.07723606847515853,0.07723606847515853
kyma,-0.0772430678158903,0.0772430678158903
bootstrapping certificate,-0.07732086390310991,0.07732086390310991
kubelet tls,-0.07732086390310991,0.07732086390310991
tls bootstrapping,-0.07732086390310991,0.07732086390310991
certificates sds,-0.07735183859532724,0.07735183859532724
specify version,-0.07736357600940354,0.07736357600940354
privileges md,-0.07736357600940354,0.07736357600940354
does convey,-0.07736357600940354,0.07736357600940354
suggest rephrasing,-0.07736357600940354,0.07736357600940354
sec privileges,-0.07736357600940354,0.07736357600940354
apps api,-0.07736357600940354,0.07736357600940354
apps does,-0.07736357600940354,0.07736357600940354
good specify,-0.07736357600940354,0.07736357600940354
old apps,-0.07736357600940354,0.07736357600940354
privileges apps,-0.07736357600940354,0.07736357600940354
convey right,-0.07736357600940354,0.07736357600940354
old versioned,-0.07736357600940354,0.07736357600940354
rephrasing security,-0.07736357600940354,0.07736357600940354
earlier old,-0.07736357600940354,0.07736357600940354
right meaning,-0.07736357600940354,0.07736357600940354
suggestion old,-0.07736357600940354,0.07736357600940354
versioned sec,-0.07736357600940354,0.07736357600940354
md securit,-0.07736357600940354,0.07736357600940354
meaning good,-0.07736357600940354,0.07736357600940354
version suggest,-0.07736357600940354,0.07736357600940354
likelihood,-0.07742369895848582,0.07742369895848582
servers choose,-0.07742369895848583,0.07742369895848583
authentication bearer,-0.07743001725560747,0.07743001725560747
nasa cumulus,-0.07748587726799816,0.07748587726799816
cumulus pull,-0.07748587726799816,0.07748587726799816
com nasa,-0.07748587726799816,0.07748587726799816
nasa,-0.07748587726799816,0.07748587726799816
inherent,-0.0775293913398133,0.0775293913398133
looks wrong,-0.07755934217225348,0.07755934217225348
authentication oauth,-0.0775701350783935,0.0775701350783935
provide certificate,-0.07758718663958449,0.07758718663958449
password actually,-0.07759506488005896,0.07759506488005896
recommended,-0.07761502177460337,0.07761502177460337
primarily,-0.07766074968564561,0.07766074968564561
run certbot,-0.07774854670609439,0.07774854670609439
docker image,-0.0777485467060944,0.0777485467060944
requests authenticated,-0.07782522616943015,0.07782522616943015
step verify,-0.07783184101807465,0.07783184101807465
password command,-0.07783229405934922,0.07783229405934922
convention,-0.07784957650501319,0.07784957650501319
file default,-0.07785226937779116,0.07785226937779116
ll authorization,-0.07785814730490587,0.07785814730490587
add,-0.0778942205927301,0.0778942205927301
authentication available,-0.07792651289786161,0.07792651289786161
took,-0.0779363463621384,0.0779363463621384
server capable,-0.07794147808006345,0.07794147808006345
encrypt software,-0.07794147808006345,0.07794147808006345
boulder divergences,-0.07794147808006345,0.07794147808006345
acme https,-0.07794147808006345,0.07794147808006345
certificates def,-0.07794147808006345,0.07794147808006345
leaf let,-0.07794147808006345,0.07794147808006345
software boulder,-0.07794147808006345,0.07794147808006345
boulder acme,-0.07794147808006345,0.07794147808006345
boulder boulder,-0.07794147808006345,0.07794147808006345
divergences acme,-0.07794147808006345,0.07794147808006345
compatible boulder,-0.07794147808006345,0.07794147808006345
capable,-0.07794147808006345,0.07794147808006345
divergences,-0.07794147808006345,0.07794147808006345
capable generate,-0.07794147808006345,0.07794147808006345
lot,-0.07795979670490469,0.07795979670490469
authenticated authorized,-0.07797430891065704,0.07797430891065704
validation isn,-0.07799547438939541,0.07799547438939541
tls disabled,-0.07804946098389094,0.07804946098389094
secret provider,-0.07807909120099121,0.07807909120099121
provision,-0.07807909120099121,0.07807909120099121
provider credentials,-0.07807909120099121,0.07807909120099121
refresh page,-0.07812693412838097,0.07812693412838097
baseline,-0.07814955950118956,0.07814955950118956
adoc,-0.07816295143747212,0.07816295143747212
policy authorization,-0.07821614669103372,0.07821614669103372
serverless,-0.07825816609070982,0.07825816609070982
encrypt credentials,-0.07827690146732348,0.07827690146732348
indicating,-0.07827738380110176,0.07827738380110176
validation services,-0.07828145446753924,0.07828145446753924
flow simply,-0.07834249905635618,0.07834249905635618
config html,-0.07838515076503652,0.07838515076503652
account powers,-0.07845488087037943,0.07845488087037943
masterdata igorframos,-0.07845488087037943,0.07845488087037943
user vtexidclientautcookie_,-0.07845488087037943,0.07845488087037943
magic using,-0.07845488087037943,0.07845488087037943
router magic,-0.07845488087037943,0.07845488087037943
surprised user,-0.07845488087037943,0.07845488087037943
vtexidclientautcookie_ account,-0.07845488087037943,0.07845488087037943
instead proxy,-0.07845488087037943,0.07845488087037943
powers,-0.07845488087037943,0.07845488087037943
powers masterdata,-0.07845488087037943,0.07845488087037943
proxy authorizati,-0.07845488087037943,0.07845488087037943
igorframos,-0.07845488087037943,0.07845488087037943
maybe router,-0.07845488087037943,0.07845488087037943
authorizati,-0.07845488087037943,0.07845488087037943
working surprised,-0.07845488087037943,0.07845488087037943
igorframos possible,-0.07845488087037943,0.07845488087037943
vtexidclientautcookie_,-0.07845488087037943,0.07845488087037943
masterdata,-0.07845488087037943,0.07845488087037943
var log,-0.07845810554706897,0.07845810554706897
replaces,-0.07845970040852432,0.07845970040852432
native unix,-0.07855573282121195,0.07855573282121195
unix security,-0.07855573282121195,0.07855573282121195
src native,-0.07855573282121195,0.07855573282121195
cryptography native,-0.07855573282121195,0.07855573282121195
integers,-0.07862574224445275,0.07862574224445275
header expected,-0.07864946811244468,0.07864946811244468
8443,-0.07868216794142022,0.07868216794142022
dont use,-0.0786829927160923,0.0786829927160923
argument validation,-0.07876124156066062,0.07876124156066062
issuers,-0.07876297052843145,0.07876297052843145
te,-0.07878477422608252,0.07878477422608252
job,-0.07880055077667585,0.07880055077667585
legacy authorization,-0.07884505893570788,0.07884505893570788
changing password,-0.07885012140382623,0.07885012140382623
don way,-0.07885012140382623,0.07885012140382623
src core,-0.07886812615594263,0.07886812615594263
dùng,-0.0789097077324597,0.0789097077324597
reasoning,-0.0789142953980604,0.0789142953980604
alternative user,-0.07893089027768792,0.07893089027768792
controller host,-0.07893089027768792,0.07893089027768792
shouldn token,-0.07893089027768792,0.07893089027768792
just way,-0.07893089027768792,0.07893089027768792
host specified,-0.07893089027768792,0.07893089027768792
pwd controller,-0.07893089027768792,0.07893089027768792
moved user,-0.07893089027768792,0.07893089027768792
authenticate alternative,-0.07893089027768792,0.07893089027768792
pwd just,-0.07893089027768792,0.07893089027768792
beats,-0.07893782815103982,0.07893782815103982
beats pull,-0.07893782815103982,0.07893782815103982
elastic beats,-0.07893782815103982,0.07893782815103982
png https,-0.07894551924616817,0.07894551924616817
returns error,-0.07898775741718717,0.07898775741718717
non public,-0.0789883314305294,0.0789883314305294
je ne,-0.0789949890715615,0.0789949890715615
docs admin,-0.07904167448940413,0.07904167448940413
rejects,-0.07904192708751431,0.07904192708751431
options object,-0.07907384848083178,0.07907384848083178
tls encryption,-0.0791167084027275,0.0791167084027275
statement does,-0.07914958738770306,0.07914958738770306
directives queries,-0.07919266212286082,0.07919266212286082
authorization directives,-0.07919266212286082,0.07919266212286082
implementation don,-0.07919904771496773,0.07919904771496773
cli https,-0.07922291972395673,0.07922291972395673
raise exception,-0.07922291972395673,0.07922291972395673
action called,-0.07922972285501051,0.07922972285501051
return non,-0.07923866286450444,0.07923866286450444
encryption algorithm,-0.07925956165762307,0.07925956165762307
client request,-0.07927917855918037,0.07927917855918037
making changes,-0.07934771135398196,0.07934771135398196
jwk,-0.07941039493558741,0.07941039493558741
defaulting false,-0.07945482820408593,0.07945482820408593
features authenticate,-0.0794625264095689,0.0794625264095689
stack security,-0.0794625264095689,0.0794625264095689
using realms,-0.0794625264095689,0.0794625264095689
suggestion stack,-0.0794625264095689,0.0794625264095689
credentials check,-0.07946868140531314,0.07946868140531314
change scope,-0.07947227317349218,0.07947227317349218
azure service,-0.07955796142175109,0.07955796142175109
func,-0.07962687330524863,0.07962687330524863
main java,-0.07966508915651653,0.07966508915651653
authenticate app,-0.07968026500738688,0.07968026500738688
tighter,-0.0796981478923342,0.0796981478923342
home assistant,-0.07979325421215322,0.07979325421215322
assistant,-0.07979325421215322,0.07979325421215322
enum,-0.07979603629614963,0.07979603629614963
like checking,-0.07984649605902845,0.07984649605902845
mm,-0.07990159871246179,0.07990159871246179
secret instead,-0.07991735302385664,0.07991735302385664
authentication required,-0.07992104319291125,0.07992104319291125
authentication data,-0.07999753627008799,0.07999753627008799
healthcatalyst,-0.08001088293936487,0.08001088293936487
com healthcatalyst,-0.08001088293936487,0.08001088293936487
healthcatalyst fabric,-0.08001088293936487,0.08001088293936487
tokens returned,-0.08004588193284977,0.08004588193284977
server database,-0.0800874186901579,0.0800874186901579
use credentials,-0.08009102257987571,0.08009102257987571
digest,-0.08012308021757417,0.08012308021757417
make note,-0.08014621406097712,0.08014621406097712
programming,-0.08015965048892867,0.08015965048892867
position,-0.08016433711340366,0.08016433711340366
specifications,-0.08018903895278418,0.08018903895278418
app api,-0.08019185345804254,0.08019185345804254
investigated,-0.08019902218233506,0.08019902218233506
toggle,-0.08020273312678951,0.08020273312678951
file credentials,-0.08020929733693241,0.08020929733693241
fromstring,-0.08021496123659276,0.08021496123659276
send email,-0.08021596996401403,0.08021596996401403
h3,-0.08022943261686931,0.08022943261686931
client post,-0.0802484887512754,0.0802484887512754
im,-0.08031303479118473,0.08031303479118473
authentication fail,-0.0803234560620534,0.0803234560620534
control plane,-0.08035113408801764,0.08035113408801764
token authenticated,-0.08037077783087324,0.08037077783087324
convinced,-0.08042914966335481,0.08042914966335481
checks,-0.08046698733464795,0.08046698733464795
raise error,-0.0804871334753275,0.0804871334753275
server token,-0.0805402798023401,0.0805402798023401
machine machine,-0.0805402798023401,0.0805402798023401
qui,-0.08059759156574478,0.08059759156574478
reques,-0.08060044565607746,0.08060044565607746
ssl configuration,-0.08060937626738049,0.08060937626738049
token check,-0.08062674272849656,0.08062674272849656
minimal,-0.08071389686043902,0.08071389686043902
read following,-0.08071801129905554,0.08071801129905554
section learn,-0.08071801129905554,0.08071801129905554
provision instance,-0.08071801129905554,0.08071801129905554
note provision,-0.08071801129905554,0.08071801129905554
broker namespace,-0.08071801129905554,0.08071801129905554
namespace create,-0.08071801129905554,0.08071801129905554
credentials read,-0.08071801129905554,0.08071801129905554
token load,-0.08078452993714337,0.08078452993714337
suggestion log,-0.08079963222665346,0.08079963222665346
think rename,-0.08081317699056162,0.08081317699056162
http proxy,-0.08082434921173079,0.08082434921173079
une,-0.08082470774345463,0.08082470774345463
aiohttp,-0.08083426060515353,0.08083426060515353
bundled,-0.08085244305653394,0.08085244305653394
privileges using,-0.08085808413172264,0.08085808413172264
application permission,-0.08085808413172267,0.08085808413172267
privilege privilege,-0.08086169298878942,0.08086169298878942
impact,-0.08086209625318738,0.08086209625318738
10 minutes,-0.08088485200287458,0.08088485200287458
value like,-0.08088485200287461,0.08088485200287461
enforces,-0.08089785907252169,0.08089785907252169
considered,-0.08097501654974673,0.08097501654974673
requires cluster,-0.08103799254790144,0.08103799254790144
authentication https,-0.08106565865623366,0.08106565865623366
emitted,-0.0810711746534629,0.0810711746534629
screwed,-0.08113255611463384,0.08113255611463384
tuple,-0.08116903539183368,0.08116903539183368
enterprise,-0.08118018689333743,0.08118018689333743
certificate paths,-0.08130476097419417,0.08130476097419417
fork,-0.08132206284077934,0.08132206284077934
aes 192,-0.08138203748165858,0.08138203748165858
keys public,-0.08139306679687223,0.08139306679687223
anonymous request,-0.0814281253399153,0.0814281253399153
28,-0.08154117365867476,0.08154117365867476
100 sure,-0.08155840873523802,0.08155840873523802
sense ll,-0.08156982433538794,0.08156982433538794
apis work,-0.08161641695853057,0.08161641695853057
ensure implemented,-0.08161641695853057,0.08161641695853057
work device,-0.08161641695853057,0.08161641695853057
implemented apis,-0.08161641695853057,0.08161641695853057
string set,-0.08165449130661814,0.08165449130661814
credentials example,-0.08170373905225262,0.08170373905225262
secret optional,-0.08172775180677186,0.08172775180677186
google cloud,-0.0817685364723855,0.0817685364723855
error code,-0.08177271195646837,0.08177271195646837
chunk,-0.08182221289262906,0.08182221289262906
sense encryption,-0.0818343363579536,0.0818343363579536
key ssl,-0.08186479638313462,0.08186479638313462
relative,-0.08189199169486412,0.08189199169486412
html rfc6749,-0.08191782131003195,0.08191782131003195
address set,-0.08194039923499101,0.08194039923499101
confidential,-0.08197833687264659,0.08197833687264659
instantiate,-0.0820056648285513,0.0820056648285513
tell,-0.08202052034359306,0.08202052034359306
_not_,-0.08210190289302814,0.08210190289302814
indirect,-0.08215282204638852,0.08215282204638852
permissions access,-0.08222136463841713,0.08222136463841713
https security,-0.08244522176406649,0.08244522176406649
daemon,-0.08247185339868233,0.08247185339868233
need read,-0.08248476695751406,0.08248476695751406
caught exception,-0.08250777775580333,0.08250777775580333
signed ssl,-0.08253064295228711,0.08253064295228711
wonder,-0.08255790171022992,0.08255790171022992
listener,-0.0825761928553548,0.0825761928553548
server use,-0.08260991268050907,0.08260991268050907
users configure,-0.08261839682595258,0.08261839682595258
information user,-0.08271989264809208,0.08271989264809208
ma,-0.08273842108309025,0.08273842108309025
example hold,-0.08275127569897499,0.08275127569897499
server used,-0.08275127569897499,0.08275127569897499
state example,-0.08275127569897499,0.08275127569897499
extra state,-0.08275127569897499,0.08275127569897499
attach extra,-0.08275127569897499,0.08275127569897499
hold authentication,-0.08275127569897499,0.08275127569897499
want attach,-0.08275127569897499,0.08275127569897499
make really,-0.08276266525685096,0.08276266525685096
secure transport,-0.08276266525685096,0.08276266525685096
new code,-0.08276266525685096,0.08276266525685096
feels bit,-0.08276397445571944,0.08276397445571944
authentication openshift,-0.08277336362100478,0.08277336362100478
realms,-0.08277473661059456,0.08277473661059456
voter,-0.08281926796493617,0.08281926796493617
respect,-0.08284806353214048,0.08284806353214048
password information,-0.08285447423070619,0.08285447423070619
access secret,-0.08286348703389906,0.08286348703389906
grant permissions,-0.08287045033964491,0.08287045033964491
response type,-0.08293829866820676,0.08293829866820676
clienthelloinfo,-0.08295656315062512,0.08295656315062512
getcertificate func,-0.08295656315062512,0.08295656315062512
know specific,-0.08297492764830836,0.08297492764830836
method names,-0.08302071643975734,0.08302071643975734
equality,-0.08305144639061564,0.08305144639061564
requestor,-0.08318885594578856,0.08318885594578856
dependent,-0.0832700735933753,0.0832700735933753
server user,-0.0832758624769259,0.0832758624769259
clarify,-0.08328627552081223,0.08328627552081223
directly server,-0.08328735977779009,0.08328735977779009
sni,-0.08329755474944132,0.08329755474944132
gossip,-0.08334920886950725,0.08334920886950725
_authenticateviaheader,-0.0833801732073305,0.0833801732073305
expect request,-0.0833801732073305,0.0833801732073305
bearer xxxx,-0.0833801732073305,0.0833801732073305
xxxx,-0.0833801732073305,0.0833801732073305
store cookie,-0.0833801732073305,0.0833801732073305
http_authorization,-0.08342676251341612,0.08342676251341612
write token,-0.08343563821342334,0.08343563821342334
channel,-0.08343892425973842,0.08343892425973842
dockerfile,-0.0834556039163724,0.0834556039163724
password default,-0.08345600335882167,0.08345600335882167
better,-0.08346203820718869,0.08346203820718869
api calls,-0.0834761584206207,0.0834761584206207
git credentials,-0.08349145010771558,0.08349145010771558
peer identity,-0.08349531393929968,0.08349531393929968
generate certificate,-0.08350385279500241,0.08350385279500241
token id,-0.08352940252907294,0.08352940252907294
access given,-0.0835533289463572,0.0835533289463572
id unknown,-0.0835533289463572,0.0835533289463572
unknown blog,-0.0835533289463572,0.0835533289463572
blog thrown,-0.0835533289463572,0.0835533289463572
thrown user,-0.0835533289463572,0.0835533289463572
thrown given,-0.0835533289463572,0.0835533289463572
required thrown,-0.0835533289463572,0.0835533289463572
postgresql,-0.08355796044134982,0.08355796044134982
did check,-0.08356160326181791,0.08356160326181791
invalidates,-0.08356876429956808,0.08356876429956808
use privileges,-0.08359092873869815,0.08359092873869815
exact parameters,-0.08360657996234444,0.08360657996234444
password function,-0.08363983136558106,0.08363983136558106
validation just,-0.08365743690184002,0.08365743690184002
just fetch,-0.08368931978313363,0.08368931978313363
tls just,-0.08368931978313363,0.08368931978313363
added security,-0.08372250236540972,0.08372250236540972
karma,-0.08376015761621457,0.08376015761621457
error validation,-0.08376790666161059,0.08376790666161059
network error,-0.0837887457950314,0.0837887457950314
ability,-0.08380642513121193,0.08380642513121193
rewording,-0.08385793839631409,0.08385793839631409
feels like,-0.0838975893254456,0.0838975893254456
forget,-0.0839521542368311,0.0839521542368311
job able,-0.08398212637036674,0.08398212637036674
azure ad,-0.08398865567477282,0.08398865567477282
tlssocket,-0.08405053254222099,0.08405053254222099
artifacts,-0.0841052021639397,0.0841052021639397
reasonable,-0.08412495834117364,0.08412495834117364
aes 128,-0.08413259068391006,0.08413259068391006
192 aes,-0.08413259068391006,0.08413259068391006
128 aes,-0.08413259068391006,0.08413259068391006
time running,-0.08417079216822161,0.08417079216822161
password step,-0.08428601740854277,0.08428601740854277
retrieved,-0.08430135263917614,0.08430135263917614
life,-0.08435351943799149,0.08435351943799149
du,-0.08437606794656553,0.08437606794656553
way doing,-0.08444742770049933,0.08444742770049933
engine need,-0.08445185904836339,0.08445185904836339
default example,-0.08445430574840347,0.08445430574840347
token invalid,-0.0845010007533903,0.0845010007533903
change need,-0.0845266985463966,0.0845266985463966
upload step,-0.08453215258224542,0.08453215258224542
s3 upload,-0.08453215258224542,0.08453215258224542
authentication s3,-0.08453215258224542,0.08453215258224542
ideal share,-0.08453215258224542,0.08453215258224542
session bound,-0.08458828594294503,0.08458828594294503
bound connection,-0.08458828594294503,0.08458828594294503
doesn affect,-0.08460015239038135,0.08460015239038135
ips,-0.08470697806560405,0.08470697806560405
secret files,-0.08477057834391603,0.08477057834391603
place fix,-0.08477057834391605,0.08477057834391605
credential files,-0.08477729541162403,0.08477729541162403
mind,-0.08489304117591315,0.08489304117591315
committing,-0.08495048196928907,0.08495048196928907
stored credentials,-0.0850106489621377,0.0850106489621377
sasl_ssl,-0.08502914516220939,0.08502914516220939
security protocol,-0.08502914516220939,0.08502914516220939
factory,-0.08503363014202818,0.08503363014202818
aspnetcore authentication,-0.08505729348733118,0.08505729348733118
new machine,-0.08505886817530897,0.08505886817530897
secret password,-0.08522773376816356,0.08522773376816356
web browser,-0.08522942111450317,0.08522942111450317
token parameter,-0.0852445104506803,0.0852445104506803
disallow,-0.08524572463566849,0.08524572463566849
tls set,-0.08526175061924984,0.08526175061924984
endpoints need,-0.08527259025258813,0.08527259025258813
implementation send,-0.08527802086997172,0.08527802086997172
kms,-0.08528845312205319,0.08528845312205319
ngx ctx,-0.08532398863838857,0.08532398863838857
ngx,-0.08532398863838857,0.08532398863838857
purposes security,-0.0853300021043121,0.0853300021043121
details does,-0.08535735976266712,0.08535735976266712
use different,-0.08536230707866435,0.08536230707866435
nice test,-0.0853654968392033,0.0853654968392033
agree considering,-0.0853857539965598,0.0853857539965598
required access,-0.08543031195236851,0.08543031195236851
admin kyma,-0.08545176711190398,0.08545176711190398
kyma cx,-0.08545176711190398,0.08545176711190398
cx,-0.08545176711190398,0.08545176711190398
createuser,-0.08548092752832068,0.08548092752832068
section use,-0.08548789725143296,0.08548789725143296
remove todo,-0.08552477000401368,0.08552477000401368
users login,-0.08553122580826457,0.08553122580826457
api level,-0.08553818182537204,0.08553818182537204
secrets end,-0.08553881740339961,0.08553881740339961
having manipulate,-0.08556123441645154,0.08556123441645154
scary having,-0.08556123441645154,0.08556123441645154
2fa token,-0.08556123441645154,0.08556123441645154
agree passing,-0.08556123441645154,0.08556123441645154
current flow,-0.08556123441645154,0.08556123441645154
way current,-0.08556123441645154,0.08556123441645154
manipulate authentication,-0.08556123441645154,0.08556123441645154
flow step,-0.08556123441645154,0.08556123441645154
passing 2fa,-0.08556123441645154,0.08556123441645154
verification feels,-0.08556123441645154,0.08556123441645154
tokens permissions,-0.08558434745817979,0.08558434745817979
example authorization,-0.085624162679132,0.085624162679132
groups direct,-0.0856261476518218,0.0856261476518218
direct messages,-0.0856261476518218,0.0856261476518218
messages insert,-0.0856261476518218,0.0856261476518218
private groups,-0.0856261476518218,0.0856261476518218
encrypted private,-0.0856261476518218,0.0856261476518218
access resources,-0.08569213757926886,0.08569213757926886
cluster access,-0.0857157383216303,0.0857157383216303
uuid,-0.08573225640952346,0.08573225640952346
ca certificate,-0.08582415706860105,0.08582415706860105
group authorization,-0.0858400232779667,0.0858400232779667
mozilla org,-0.0858433353457472,0.0858433353457472
making request,-0.08586190806290714,0.08586190806290714
rephrase sentence,-0.08594649793393573,0.08594649793393573
authorisation,-0.08596377578028583,0.08596377578028583
ve just,-0.08597211665052291,0.08597211665052291
catched,-0.08597211665052293,0.08597211665052293
ll open,-0.08601640642890909,0.08601640642890909
central source,-0.08602148802667016,0.08602148802667016
org mozilla,-0.08602148802667016,0.08602148802667016
mozilla central,-0.08602148802667016,0.08602148802667016
source security,-0.08602148802667016,0.08602148802667016
token expire,-0.08608711467877314,0.08608711467877314
22,-0.08612478755266555,0.08612478755266555
keyvault,-0.0861524285311413,0.0861524285311413
maven apache,-0.08617256720436288,0.08617256720436288
https maven,-0.08617256720436288,0.08617256720436288
privilege net_admin,-0.08617549498877884,0.08617549498877884
test later,-0.08617549498877884,0.08617549498877884
cap add,-0.08617549498877884,0.08617549498877884
big privilege,-0.08617549498877884,0.08617549498877884
cap,-0.08617549498877884,0.08617549498877884
need big,-0.08617549498877884,0.08617549498877884
add net_admin,-0.08617549498877884,0.08617549498877884
using cap,-0.08617549498877884,0.08617549498877884
permission using,-0.08617549498877884,0.08617549498877884
net_admin need,-0.08617549498877884,0.08617549498877884
url endpoint,-0.08629503187892887,0.08629503187892887
binary authorization,-0.08629618480867794,0.08629618480867794
depending authenticated,-0.08632321950623521,0.08632321950623521
certificate appropriate,-0.08632418610272358,0.08632418610272358
application distributor,-0.08632418610272358,0.08632418610272358
test integration,-0.08632969988698999,0.08632969988698999
l38,-0.08634050253954953,0.08634050253954953
mgmt,-0.08634597925407592,0.08634597925407592
docker login,-0.0864033615457484,0.0864033615457484
ok think,-0.08641647999966034,0.08641647999966034
guide authentication,-0.08642989151350791,0.08642989151350791
django rest,-0.08642989151350791,0.08642989151350791
framework org,-0.08642989151350791,0.08642989151350791
rest framework,-0.08642989151350791,0.08642989151350791
api guide,-0.08642989151350791,0.08642989151350791
www django,-0.08642989151350791,0.08642989151350791
body similar,-0.0864539856556628,0.0864539856556628
returned http,-0.0864539856556628,0.0864539856556628
packets arrive,-0.08648601513688411,0.08648601513688411
isn possible,-0.08648601513688411,0.08648601513688411
arrive order,-0.08648601513688411,0.08648601513688411
exists select,-0.08654412467042161,0.08654412467042161
pg_catalog pg_roles,-0.08654412467042161,0.08654412467042161
pg_roles,-0.08654412467042161,0.08654412467042161
pg_roles rolname,-0.08654412467042161,0.08654412467042161
pg_catalog,-0.08654412467042161,0.08654412467042161
begin exists,-0.08654412467042161,0.08654412467042161
user role_id,-0.08654412467042161,0.08654412467042161
role_literal,-0.08654412467042161,0.08654412467042161
role_literal create,-0.08654412467042161,0.08654412467042161
select pg_catalog,-0.08654412467042161,0.08654412467042161
rolname,-0.08654412467042161,0.08654412467042161
rolname role_literal,-0.08654412467042161,0.08654412467042161
fi,-0.08655079312926066,0.08655079312926066
vpp,-0.08657320204245435,0.08657320204245435
firstly,-0.08657320204245435,0.08657320204245435
credentials separate,-0.08657704144984454,0.08657704144984454
ajgarlag,-0.08663123779731122,0.08663123779731122
fault,-0.0866618305900057,0.0866618305900057
specify credentials,-0.08672023729331377,0.08672023729331377
sends,-0.08672992355175399,0.08672992355175399
completely,-0.08674729787452509,0.08674729787452509
suggestion description,-0.08676538204681433,0.08676538204681433
method authentication,-0.0867666613724744,0.0867666613724744
time password,-0.08676735042695065,0.08676735042695065
suggestion fixed,-0.08681573947012482,0.08681573947012482
wary,-0.08682730745798864,0.08682730745798864
loginattempt,-0.08686689375684353,0.08686689375684353
support ssl,-0.08690645638195327,0.08690645638195327
keys key,-0.08690645638195328,0.08690645638195328
pre req,-0.08702749574977772,0.08702749574977772
authentication described,-0.08705910556095396,0.08705910556095396
identifying,-0.08710192042980276,0.08710192042980276
enforcement,-0.08711428811816777,0.08711428811816777
access app,-0.0871528354091956,0.0871528354091956
chosen,-0.08721392939496206,0.08721392939496206
guides security,-0.08721606572099984,0.08721606572099984
key generated,-0.08723525205012328,0.08723525205012328
fix initial,-0.08725996717412406,0.08725996717412406
contribution aware,-0.08725996717412406,0.08725996717412406
strictly required,-0.08725996717412406,0.08725996717412406
yaml provided,-0.08725996717412406,0.08725996717412406
required fix,-0.08725996717412406,0.08725996717412406
secure secret,-0.08725996717412406,0.08725996717412406
aware creating,-0.08725996717412406,0.08725996717412406
contribution,-0.08725996717412406,0.08725996717412406
initial contribution,-0.08725996717412406,0.08725996717412406
secrets sensitive,-0.08725996717412406,0.08725996717412406
upgraded,-0.08727099350674652,0.08727099350674652
decoded,-0.08728104634359317,0.08728104634359317
shared,-0.08729008407357718,0.08729008407357718
add basic,-0.08738950782266602,0.08738950782266602
practice,-0.08741273793243025,0.08741273793243025
discovery,-0.08742488261584033,0.08742488261584033
slack,-0.08745293221948612,0.08745293221948612
encry,-0.08746573329020889,0.08746573329020889
types password,-0.08748928336695103,0.08748928336695103
credentials automatically,-0.08751341980298913,0.08751341980298913
listens,-0.08752577717733201,0.08752577717733201
authentication necessary,-0.08752577717733202,0.08752577717733202
sound,-0.08753500725866092,0.08753500725866092
grants,-0.0875606522498668,0.0875606522498668
like current,-0.08756646074975323,0.08756646074975323
types authorization,-0.0875668781297889,0.0875668781297889
spiffe id,-0.08757932366396319,0.08757932366396319
security instead,-0.08760280715794239,0.08760280715794239
user new,-0.08765483898913032,0.08765483898913032
given ssl,-0.08766546847369215,0.08766546847369215
var password,-0.08767915177593263,0.08767915177593263
remove token,-0.08768947410448596,0.08768947410448596
certificates automatically,-0.08773042999425697,0.08773042999425697
don end,-0.08773042999425697,0.08773042999425697
indirection encrypter,-0.08773342257335551,0.08773342257335551
indirection,-0.08773342257335551,0.08773342257335551
der,-0.08773623304271157,0.08773623304271157
endpoints just,-0.08774608854833038,0.08774608854833038
speak,-0.08775969686146687,0.08775969686146687
privileges https,-0.08777877400166513,0.08777877400166513
als,-0.08784349810054123,0.08784349810054123
cryptographic key,-0.08787795633054456,0.08787795633054456
use authenticate,-0.08788966965780222,0.08788966965780222
app config,-0.08789410520963849,0.08789410520963849
list https,-0.0878978466316445,0.0878978466316445
check result,-0.08792881534304685,0.08792881534304685
like changed,-0.08793938271953691,0.08793938271953691
clients validate,-0.08794276401468763,0.08794276401468763
cycle,-0.08794367670316303,0.08794367670316303
parameter pass,-0.08796313973620147,0.08796313973620147
launcher,-0.08800288973955314,0.08800288973955314
clients ca,-0.08803719168301771,0.08803719168301771
currently used,-0.08805135265105711,0.08805135265105711
write data,-0.08805951111873135,0.08805951111873135
user minimum,-0.08806648879504553,0.08806648879504553
user input,-0.08807917032356768,0.08807917032356768
practice use,-0.08810577403625271,0.08810577403625271
alright,-0.088143430513885,0.088143430513885
authorization decision,-0.08815743786892824,0.08815743786892824
io v1,-0.08816925541732955,0.08816925541732955
actually used,-0.08817977297908498,0.08817977297908498
readers,-0.08820998386067813,0.08820998386067813
block size,-0.08821605571918757,0.08821605571918757
authentication need,-0.08824076098407829,0.08824076098407829
data encryption,-0.0882769673534023,0.0882769673534023
tokens validation,-0.08828774037185862,0.08828774037185862
certificate authentication,-0.08831991679755513,0.08831991679755513
copies,-0.08833857465055986,0.08833857465055986
gathered previous,-0.08837722045855555,0.08837722045855555
brackets variables,-0.08837722045855555,0.08837722045855555
variables square,-0.08837722045855555,0.08837722045855555
angled brackets,-0.08837722045855555,0.08837722045855555
angled,-0.08837722045855555,0.08837722045855555
certificate gathered,-0.08837722045855555,0.08837722045855555
gathered,-0.08837722045855555,0.08837722045855555
use angled,-0.08837722045855555,0.08837722045855555
previous section,-0.08837722045855555,0.08837722045855555
secret identifier,-0.08837722045855555,0.08837722045855555
formatting,-0.08839225587970828,0.08839225587970828
future use,-0.08840505133241981,0.08840505133241981
tls auth,-0.08841945454764973,0.08841945454764973
serving certificates,-0.08842786574851623,0.08842786574851623
talked,-0.08847896465648528,0.08847896465648528
bmoore msft,-0.08849500434761266,0.08849500434761266
bmoore,-0.08849500434761266,0.08849500434761266
circular,-0.0885180913903696,0.0885180913903696
circular dependency,-0.0885180913903696,0.0885180913903696
stored encrypted,-0.08852424661953118,0.08852424661953118
security transport,-0.08852810019858304,0.08852810019858304
transport ssl,-0.08852810019858304,0.08852810019858304
way just,-0.08852810019858304,0.08852810019858304
authorization grant,-0.08852835036903009,0.08852835036903009
satisfied,-0.08857001568896945,0.08857001568896945
authorizer,-0.08858622990592264,0.08858622990592264
security classification,-0.08862944520327987,0.08862944520327987
maybe clarify,-0.08863743104245544,0.08863743104245544
secret key,-0.08873732938274005,0.08873732938274005
cloudconfig,-0.08875047751613255,0.08875047751613255
vues,-0.08875180887792766,0.08875180887792766
workers,-0.08877089287204708,0.08877089287204708
invalid tokens,-0.0888066137728228,0.0888066137728228
blob master,-0.08882028736410846,0.08882028736410846
class sfa,-0.08882879500707694,0.08882879500707694
ended,-0.0888628128580384,0.0888628128580384
controller secret,-0.08888107105264413,0.08888107105264413
ca controller,-0.08888107105264413,0.08888107105264413
github access,-0.08888673790826154,0.08888673790826154
like invalid,-0.08891759771918696,0.08891759771918696
credentials received,-0.08891759771918696,0.08891759771918696
received expired,-0.08891759771918696,0.08891759771918696
qualified,-0.08893869053298704,0.08893869053298704
fully qualified,-0.08893869053298704,0.08893869053298704
necessary privileges,-0.08898331578581958,0.08898331578581958
terminal,-0.08899985252860426,0.08899985252860426
uses different,-0.08906549819462531,0.08906549819462531
steps set,-0.08907289120876777,0.08907289120876777
password credential,-0.08907409088274515,0.08907409088274515
secret does,-0.08908230436955418,0.08908230436955418
think possible,-0.08917953984543148,0.08917953984543148
myidpt,-0.0891940218998567,0.0891940218998567
predictable,-0.08920586040473415,0.08920586040473415
looping,-0.0892274495052711,0.0892274495052711
make things,-0.08927170195172662,0.08927170195172662
actually need,-0.08927400178105797,0.08927400178105797
mechanism let,-0.08927960232230375,0.08927960232230375
token required,-0.08934107884982634,0.08934107884982634
key user,-0.08936046139722006,0.08936046139722006
aspnetcore authorization,-0.08936430457409339,0.08936430457409339
credentials think,-0.08940335053652224,0.08940335053652224
ietf org,-0.08940532851029766,0.08940532851029766
io api,-0.08946200349658011,0.08946200349658011
sql begin,-0.08946914629207761,0.08946914629207761
connection authentication,-0.08952544613207956,0.08952544613207956
credentials directly,-0.08954586766424834,0.08954586766424834
behavior need,-0.08956158858503616,0.08956158858503616
need list,-0.08956225588707471,0.08956225588707471
authentication azure,-0.08956225588707471,0.08956225588707471
docs agent,-0.08959968837978144,0.08959968837978144
stop,-0.08962179457821404,0.08962179457821404
secrets https,-0.08963256537938417,0.08963256537938417
issue authentication,-0.08965121117610565,0.08965121117610565
sane,-0.08966267204963348,0.08966267204963348
credentials request,-0.08969995604679322,0.08969995604679322
appveyor,-0.08972834480828416,0.08972834480828416
payload,-0.08974065778068933,0.08974065778068933
mfa,-0.08974157042424355,0.08974157042424355
user github,-0.08974879025286203,0.08974879025286203
want test,-0.08975719961055655,0.08975719961055655
environment variables,-0.08977631159440007,0.08977631159440007
ts const,-0.0898279629158281,0.0898279629158281
just make,-0.08988324169847403,0.08988324169847403
doesn actually,-0.08988767165032699,0.08988767165032699
class method,-0.08996253154728749,0.08996253154728749
actually named,-0.09000571662343226,0.09000571662343226
refresh_token,-0.09005663020354289,0.09005663020354289
involve,-0.09005858014574553,0.09005858014574553
hits,-0.0900651263867687,0.0900651263867687
simpler,-0.0900823265797969,0.0900823265797969
pin,-0.090144557209614,0.090144557209614
didn really,-0.0901590440500549,0.0901590440500549
tls code,-0.09016632876131025,0.09016632876131025
token validation,-0.0901684213761556,0.0901684213761556
quite bit,-0.09017593299305698,0.09017593299305698
credentia,-0.09017612598326842,0.09017612598326842
passing data,-0.09019591739596611,0.09019591739596611
marked required,-0.09022454867137843,0.09022454867137843
work proxy,-0.09029086210184094,0.09029086210184094
password authenticate,-0.0903557628038041,0.0903557628038041
key going,-0.09037766774436042,0.09037766774436042
dsn,-0.09037766774436043,0.09037766774436043
gardener gardener,-0.09038014775782684,0.09038014775782684
com gardener,-0.09038014775782684,0.09038014775782684
chrome,-0.09038270208326651,0.09038270208326651
kafka client,-0.0903862391574465,0.0903862391574465
voice,-0.0904242676588947,0.0904242676588947
clusterrolebinding,-0.09044336053075075,0.09044336053075075
ll create,-0.09046588230146828,0.09046588230146828
way use,-0.09048811265727885,0.09048811265727885
password parameters,-0.09049616296868421,0.09049616296868421
3127522,-0.09051652312819898,0.09051652312819898
appliances kiwi,-0.09051652312819898,0.09051652312819898
prid 3127522,-0.09051652312819898,0.09051652312819898
kiwi pullrequest,-0.09051652312819898,0.09051652312819898
kiwi,-0.09051652312819898,0.09051652312819898
app appliances,-0.09051652312819898,0.09051652312819898
appliances,-0.09051652312819898,0.09051652312819898
exchanging,-0.09055034413294963,0.09055034413294963
noting,-0.09055235827692586,0.09055235827692586
maybe future,-0.09056909486091834,0.09056909486091834
complete list,-0.09063547591428214,0.09063547591428214
way authenticate,-0.09064737875268003,0.09064737875268003
controller method,-0.09065892175440866,0.09065892175440866
added,-0.09074545603307696,0.09074545603307696
set secret,-0.0908089339282414,0.0908089339282414
printed,-0.09081248075754475,0.09081248075754475
true datatype,-0.090846894984904,0.090846894984904
apiimplicitparam,-0.090846894984904,0.090846894984904
globalwebservicevalues authorization,-0.090846894984904,0.090846894984904
required true,-0.090846894984904,0.090846894984904
datatype globalwebservicevalues,-0.090846894984904,0.090846894984904
paramtype globalwebservicevalues,-0.090846894984904,0.090846894984904
data_type_string,-0.090846894984904,0.090846894984904
paramtype,-0.090846894984904,0.090846894984904
data_type_string paramtype,-0.090846894984904,0.090846894984904
apiimplicitparams apiimplicitparam,-0.090846894984904,0.090846894984904
apiimplicitparams,-0.090846894984904,0.090846894984904
globalwebservicevalues data_type_string,-0.090846894984904,0.090846894984904
apiimplicitparam globalwebservicevalues,-0.090846894984904,0.090846894984904
option use,-0.09085340200387487,0.09085340200387487
organisation,-0.090870191876713,0.090870191876713
separation,-0.09088147488780236,0.09088147488780236
add bit,-0.09089278436721332,0.09089278436721332
jwt authentication,-0.09090503996298621,0.09090503996298621
mic flow,-0.09091167213164787,0.09091167213164787
method deprecated,-0.09091167213164787,0.09091167213164787
mic,-0.09091167213164787,0.09091167213164787
normal mic,-0.09091167213164787,0.09091167213164787
deprecating normal,-0.09091167213164787,0.09091167213164787
flow test,-0.09091167213164787,0.09091167213164787
single quotes,-0.09094466026909444,0.09094466026909444
initializing,-0.09096083038131365,0.09096083038131365
jwttoken,-0.09098124195488125,0.09098124195488125
kubernetes service,-0.0910224588630693,0.0910224588630693
implement correctly,-0.0910558396587044,0.0910558396587044
database stored,-0.09106064586329199,0.09106064586329199
things,-0.09107097986318521,0.09107097986318521
using docker,-0.09107483461477311,0.09107483461477311
bunch,-0.09108141937195371,0.09108141937195371
rs plugin,-0.09110159564388742,0.09110159564388742
byte validation,-0.09110431875089349,0.09110431875089349
standalone mode,-0.09122639691335598,0.09122639691335598
key required,-0.09123687742869295,0.09123687742869295
cluster local,-0.09123823365537607,0.09123823365537607
secret creation,-0.09125114873950152,0.09125114873950152
servicebinding,-0.09125114873950153,0.09125114873950153
dit,-0.09126342328755595,0.09126342328755595
private repos,-0.09127185902565284,0.09127185902565284
affairs,-0.09132111322116554,0.09132111322116554
untouched,-0.09133648602934219,0.09133648602934219
app pass,-0.09134787648017428,0.09134787648017428
tls settings,-0.09142716431721704,0.09142716431721704
identified,-0.09143566891852385,0.09143566891852385
domain need,-0.09146053456620842,0.09146053456620842
login authorize,-0.09163279155545259,0.09163279155545259
going ahead,-0.09163653170799324,0.09163653170799324
flash,-0.09163653170799324,0.09163653170799324
specific information,-0.091675119375222,0.091675119375222
great fit,-0.0917259633530617,0.0917259633530617
hashing passwords,-0.09173753161047389,0.09173753161047389
authorization like,-0.09178787050007743,0.09178787050007743
tu,-0.09186512114830325,0.09186512114830325
api privileges,-0.09187385465692596,0.09187385465692596
boot,-0.09188930056283136,0.09188930056283136
token identifies,-0.09190729614464391,0.09190729614464391
marathon,-0.09196974461846183,0.09196974461846183
spinning,-0.09203592384688626,0.09203592384688626
invalid permissions,-0.09204073377312263,0.09204073377312263
authentication topic,-0.09204073377312263,0.09204073377312263
safe ignore,-0.09204073377312263,0.09204073377312263
errors authentication,-0.09204073377312263,0.09204073377312263
change sure,-0.09204073377312263,0.09204073377312263
permissions quite,-0.09204073377312263,0.09204073377312263
ignore errors,-0.09204073377312263,0.09204073377312263
sure worthwhile,-0.09204073377312263,0.09204073377312263
quite test,-0.09204073377312263,0.09204073377312263
topic tests,-0.09204073377312263,0.09204073377312263
files change,-0.09204073377312263,0.09204073377312263
check invalid,-0.09204073377312263,0.09204073377312263
worthwhile revert,-0.09204073377312263,0.09204073377312263
resource created,-0.09208016353284207,0.09208016353284207
user isn,-0.09210477599471593,0.09210477599471593
watchface,-0.09212281985199738,0.09212281985199738
creating secret,-0.09214991083106007,0.09214991083106007
fetch secrets,-0.09216292299296912,0.09216292299296912
indented,-0.09216507132721853,0.09216507132721853
sole,-0.09216631530554549,0.09216631530554549
browser session,-0.09218282233675097,0.09218282233675097
credential secret,-0.09218567993362864,0.09218567993362864
permissions think,-0.09228335020918664,0.09228335020918664
terminology,-0.09235188367847601,0.09235188367847601
like change,-0.09236864636191151,0.09236864636191151
exercise,-0.09238876338203393,0.09238876338203393
authorization cookie,-0.09241689477387173,0.09241689477387173
address,-0.09243970889746761,0.09243970889746761
password check,-0.09245106680991666,0.09245106680991666
forth,-0.09247326930746703,0.09247326930746703
outputs,-0.09248930732161893,0.09248930732161893
verify token,-0.09255465370097121,0.09255465370097121
rename file,-0.09258200242847721,0.09258200242847721
nuxeo,-0.09261329484158544,0.09261329484158544
root ca,-0.09269743548628781,0.09269743548628781
return,-0.09272083102028707,0.09272083102028707
389,-0.09272618197381591,0.09272618197381591
ssl encrypted,-0.09274785700782778,0.09274785700782778
token html,-0.09275370054275404,0.09275370054275404
structuring,-0.09279080084435441,0.09279080084435441
credential helper,-0.09279080084435443,0.09279080084435443
isn going,-0.09279413741311597,0.09279413741311597
makes sure,-0.09282083416510006,0.09282083416510006
validation doesn,-0.09285339696339695,0.09285339696339695
let rename,-0.09285807268015633,0.09285807268015633
secrets kubernetes,-0.09287491284426823,0.09287491284426823
certificate rotation,-0.09288353540218955,0.09288353540218955
personal,-0.09289144386593784,0.09289144386593784
effects,-0.09290469275875905,0.09290469275875905
think like,-0.0929163094405007,0.0929163094405007
com javase,-0.09291633595117872,0.09291633595117872
javase docs,-0.09291633595117872,0.09291633595117872
javase,-0.09291633595117872,0.09291633595117872
config authorization,-0.0929428146295665,0.0929428146295665
permissions use,-0.09298120920816014,0.09298120920816014
openshift dedicated,-0.09299236088174248,0.09299236088174248
glance,-0.09304868954352875,0.09304868954352875
values passwords,-0.09304868954352875,0.09304868954352875
exec arguments,-0.0930578232445874,0.0930578232445874
token path,-0.09305877835608263,0.09305877835608263
header fields,-0.09312384224545192,0.09312384224545192
provisioned,-0.0931554490990942,0.0931554490990942
check security,-0.0931585362647945,0.0931585362647945
ca root,-0.09316151714830981,0.09316151714830981
code 401,-0.09317242035087787,0.09317242035087787
https swagger,-0.09321075672308876,0.09321075672308876
swagger io,-0.09321075672308876,0.09321075672308876
really need,-0.0932290102384007,0.0932290102384007
api api,-0.0932367907437541,0.0932367907437541
password field,-0.09324655830296483,0.09324655830296483
inside,-0.09327141466789209,0.09327141466789209
just password,-0.09327666163890949,0.09327666163890949
datatype,-0.09329114552549896,0.09329114552549896
debug,-0.09329172094730502,0.09329172094730502
using api,-0.09329832080065896,0.09329832080065896
extension method,-0.09335200014264554,0.09335200014264554
data secret,-0.0933922773679674,0.0933922773679674
test doing,-0.09340821287294634,0.09340821287294634
namespace using,-0.0934135000472009,0.0934135000472009
leading,-0.09343435109863889,0.09343435109863889
gardener blob,-0.09343481943388648,0.09343481943388648
won help,-0.09348009270970362,0.09348009270970362
different privileges,-0.09351363236447845,0.09351363236447845
validating jwt,-0.09354614445677195,0.09354614445677195
mention choose,-0.09355060720159031,0.09355060720159031
wouldn need,-0.09355145229030835,0.09355145229030835
mnemonic,-0.09357375839655313,0.09357375839655313
httpheaders authorization,-0.09366628193622938,0.09366628193622938
httpheaders,-0.09366628193622938,0.09366628193622938
groups cases,-0.09367152241172448,0.09367152241172448
whitelists specific,-0.09367152241172448,0.09367152241172448
reason separat,-0.09367152241172448,0.09367152241172448
whitelists,-0.09367152241172448,0.09367152241172448
cases sure,-0.09367152241172448,0.09367152241172448
implement authorization,-0.09367152241172448,0.09367152241172448
ways implement,-0.09367152241172448,0.09367152241172448
based groups,-0.09367152241172448,0.09367152241172448
black whitelists,-0.09367152241172448,0.09367152241172448
know reason,-0.09367152241172448,0.09367152241172448
consider black,-0.09367152241172448,0.09367152241172448
specific consider,-0.09367152241172448,0.09367152241172448
specific ways,-0.09367152241172448,0.09367152241172448
get_to_be_blocked plugin,-0.09367152241172448,0.09367152241172448
plugin specific,-0.09367152241172448,0.09367152241172448
sure groups,-0.09367152241172448,0.09367152241172448
get_to_be_blocked,-0.09367152241172448,0.09367152241172448
guess default,-0.0936798457063439,0.0936798457063439
read permissions,-0.09379390841129812,0.09379390841129812
complex,-0.0938015586343426,0.0938015586343426
add required,-0.09380264034534687,0.09380264034534687
authorization false,-0.09380264034534687,0.09380264034534687
raw,-0.09384017725417,0.09384017725417
duplicates,-0.09386372619581185,0.09386372619581185
need enable,-0.09387165182305467,0.09387165182305467
use parameter,-0.09388618872328668,0.09388618872328668
extracted certificate,-0.0938907981027761,0.0938907981027761
smt,-0.09389079810277612,0.09389079810277612
try encrypt,-0.09391543413314689,0.09391543413314689
prompting,-0.09391543413314689,0.09391543413314689
org project,-0.09391709604708226,0.09391709604708226
lifespan,-0.09396478215492096,0.09396478215492096
sure permissions,-0.09396532888290317,0.09396532888290317
server listening,-0.093969356559271,0.093969356559271
mutually,-0.093969356559271,0.093969356559271
deliberately,-0.09397161904508006,0.09397161904508006
rough,-0.0939727766375006,0.0939727766375006
user key,-0.09398614979011968,0.09398614979011968
signed cert,-0.0939864066943659,0.0939864066943659
token credentials,-0.09416775757441685,0.09416775757441685
delivers,-0.0941896682873379,0.0941896682873379
help users,-0.0942768736177456,0.0942768736177456
actually doesn,-0.0942855970479056,0.0942855970479056
mounting,-0.09430030386986743,0.09430030386986743
pravega standalone,-0.09430967015060383,0.09430967015060383
worries,-0.09434900991911618,0.09434900991911618
kind secret,-0.09436534422765781,0.09436534422765781
flow authorization,-0.09436847406478045,0.09436847406478045
api usage,-0.09438560456306352,0.09438560456306352
reason don,-0.09446026617048296,0.09446026617048296
mean ll,-0.0944748876534528,0.0944748876534528
html twig,-0.09449185430369747,0.09449185430369747
twig,-0.09449185430369747,0.09449185430369747
major changes,-0.09450184900697205,0.09450184900697205
just alias,-0.0945335447089811,0.0945335447089811
i18n,-0.09458528632858312,0.09458528632858312
completely different,-0.09461924360776718,0.09461924360776718
nuget,-0.09462685584573793,0.09462685584573793
does need,-0.09464936610184038,0.09464936610184038
zoiper,-0.09464942957094777,0.09464942957094777
credentials kafka,-0.09470477666379395,0.09470477666379395
param password,-0.09475043024399697,0.09475043024399697
complicate,-0.09475043024399697,0.09475043024399697
14,-0.09477539191424149,0.09477539191424149
remove,-0.09477747914406338,0.09477747914406338
mirror,-0.09480755277694226,0.09480755277694226
future authorization,-0.09480755277694226,0.09480755277694226
application sees,-0.0948125833325128,0.0948125833325128
don add,-0.09484483792421503,0.09484483792421503
cast,-0.0949412152976962,0.0949412152976962
mutations subscriptions,-0.0950364377052753,0.0950364377052753
queries mutations,-0.0950364377052753,0.0950364377052753
mutations,-0.0950364377052753,0.0950364377052753
security wise,-0.09505957174469812,0.09505957174469812
serving certificate,-0.09513359766720862,0.09513359766720862
certificate secrets,-0.09513359766720862,0.09513359766720862
want allow,-0.09518844845809461,0.09518844845809461
v1beta1,-0.09522484017408578,0.09522484017408578
token exist,-0.09522657337368737,0.09522657337368737
answer,-0.09529552934452895,0.09529552934452895
create key,-0.09529597374659017,0.09529597374659017
citadel,-0.09535366777415474,0.09535366777415474
require valid,-0.0953601042215231,0.0953601042215231
clouddriver front50,-0.09537141057155513,0.09537141057155513
front50,-0.09537141057155513,0.09537141057155513
scc,-0.09537587912840104,0.09537587912840104
failed user,-0.09541252298046411,0.09541252298046411
string request,-0.09548115862319391,0.09548115862319391
definitely worth,-0.09549224240679553,0.09549224240679553
tls data,-0.0954957463456462,0.0954957463456462
encrypted tls,-0.0954957463456462,0.0954957463456462
homepage,-0.09551667423688964,0.09551667423688964
pod security,-0.09552992489667153,0.09552992489667153
property authentication,-0.09559868438537827,0.09559868438537827
authentication password,-0.09559993185856298,0.09559993185856298
client application,-0.09566984000152781,0.09566984000152781
url provided,-0.0957050617980051,0.0957050617980051
provided does,-0.0957050617980051,0.0957050617980051
wraps,-0.09570697616314111,0.09570697616314111
suggestion def,-0.09572930014897765,0.09572930014897765
apart,-0.09573651485942092,0.09573651485942092
used set,-0.09574773568174223,0.09574773568174223
just bit,-0.09575007789701323,0.09575007789701323
demonstrates,-0.09577138551233536,0.09577138551233536
acc,-0.09579744904722866,0.09579744904722866
request send,-0.09588610759312055,0.09588610759312055
think instead,-0.09591830849499854,0.09591830849499854
user specific,-0.09591856508181766,0.09591856508181766
fundamental,-0.09594926940399418,0.09594926940399418
way tell,-0.09598005412958892,0.09598005412958892
used example,-0.09602299668172276,0.09602299668172276
utilities,-0.09616412897744342,0.09616412897744342
token error,-0.09616865106971624,0.09616865106971624
certificate broker,-0.09619987014903382,0.09619987014903382
noun,-0.09622435571716832,0.09622435571716832
sha256withrsa,-0.09622435571716832,0.09622435571716832
sql server,-0.0962454383446767,0.0962454383446767
source control,-0.09627619964894618,0.09627619964894618
needed username,-0.09628216240527228,0.09628216240527228
serviceaccount token,-0.09629218368497275,0.09629218368497275
io serviceaccount,-0.09629218368497275,0.09629218368497275
function method,-0.09629274738194159,0.09629274738194159
securekeyid,-0.09630653437994728,0.09630653437994728
class citizen,-0.09630653437994728,0.09630653437994728
inlining,-0.09631893073950984,0.09631893073950984
servicerole,-0.09632412547939599,0.09632412547939599
suggestion preset,-0.09633223712726588,0.09633223712726588
listeners,-0.09635270638290522,0.09635270638290522
just http,-0.09638017048050541,0.09638017048050541
url https,-0.09651797601556182,0.09651797601556182
default configuration,-0.09653460361269221,0.09653460361269221
returns,-0.09656038294042307,0.09656038294042307
client applications,-0.09662177557243724,0.09662177557243724
docstring,-0.0966761869358799,0.0966761869358799
troubleshooting,-0.09668585593438939,0.09668585593438939
correct statement,-0.0967036279456343,0.0967036279456343
authenticate webhook,-0.09673148097179245,0.09673148097179245
webhook trigger,-0.09673148097179245,0.09673148097179245
using testing,-0.09673368177413784,0.09673368177413784
mutual tls,-0.09674225567061591,0.09674225567061591
reference kubelet,-0.0967997261594312,0.0967997261594312
reference command,-0.0967997261594312,0.0967997261594312
tools reference,-0.0967997261594312,0.0967997261594312
use multi,-0.09681397614232941,0.09681397614232941
make calls,-0.09689125962029667,0.09689125962029667
travis decrypt,-0.0969195715699634,0.0969195715699634
likely,-0.09692111446623795,0.09692111446623795
authorization orthogonal,-0.09699350581890255,0.09699350581890255
orthogonal,-0.09699350581890255,0.09699350581890255
active,-0.09703226920027999,0.09703226920027999
dos attacks,-0.09704022206092346,0.09704022206092346
sticking,-0.09713383618633778,0.09713383618633778
disable authentication,-0.09714017330460029,0.09714017330460029
activated,-0.09715999711808503,0.09715999711808503
documentation https,-0.09722114016635114,0.09722114016635114
actual tls,-0.09729716125102598,0.09729716125102598
just adding,-0.09729775270966277,0.09729775270966277
s3 access,-0.09730413893804599,0.09730413893804599
prettier,-0.09731623717110509,0.09731623717110509
second,-0.09732065796294553,0.09732065796294553
user access,-0.09744873044661793,0.09744873044661793
kb,-0.09745147253696203,0.09745147253696203
ports,-0.09748671660679513,0.09748671660679513
rework,-0.09753189566360088,0.09753189566360088
pxc,-0.09753189566360088,0.09753189566360088
cluster credentials,-0.09753189566360089,0.09753189566360089
cancan,-0.09753300641418565,0.09753300641418565
password management,-0.097555821197049,0.097555821197049
https preliminary,-0.09759165757205099,0.09759165757205099
preliminary istio,-0.09759165757205099,0.09759165757205099
preliminary,-0.09759165757205099,0.09759165757205099
token url,-0.09759611498091868,0.09759611498091868
ch,-0.0976095905076383,0.0976095905076383
return 404,-0.09762322403387703,0.09762322403387703
credssecretref,-0.09773179530253888,0.09773179530253888
use validation,-0.09777700592086137,0.09777700592086137
credentials just,-0.0978014857512847,0.0978014857512847
add random,-0.09784282901540306,0.09784282901540306
scale,-0.09784499270956962,0.09784499270956962
kafka enabled,-0.0979056123123216,0.0979056123123216
spark security,-0.0979056123123216,0.0979056123123216
weblate pullrequest,-0.09792725149848952,0.09792725149848952
prid 2313887,-0.09792725149848952,0.09792725149848952
app weblate,-0.09792725149848952,0.09792725149848952
2313887,-0.09792725149848952,0.09792725149848952
weblate weblate,-0.09792725149848952,0.09792725149848952
longer need,-0.0980076142571636,0.0980076142571636
certificate information,-0.09807561368788813,0.09807561368788813
authent,-0.09808986212399114,0.09808986212399114
blank,-0.0981314388960541,0.0981314388960541
gotten,-0.09819288963221612,0.09819288963221612
stick,-0.09820557527920386,0.09820557527920386
don authorization,-0.09821544917044701,0.09821544917044701
message like,-0.09824760561989859,0.09824760561989859
checks authorization,-0.09825115100064691,0.09825115100064691
file src,-0.09825115100064694,0.09825115100064694
src test,-0.09825115100064694,0.09825115100064694
user creds,-0.09825885878833275,0.09825885878833275
using security,-0.09827058295639617,0.09827058295639617
peerid,-0.09832950080921975,0.09832950080921975
registry secrets,-0.09836974130944938,0.09836974130944938
admin account,-0.09843294162865905,0.09843294162865905
forgot password,-0.0984450447272887,0.0984450447272887
sessionstorage,-0.09844504472728871,0.09844504472728871
docker run,-0.09850019125194905,0.09850019125194905
run command,-0.09850019125194905,0.09850019125194905
method obtaining,-0.098507175222717,0.098507175222717
decrypting secret,-0.09851679069663802,0.09851679069663802
used decrypting,-0.09851679069663802,0.09851679069663802
updated comment,-0.09851679069663802,0.09851679069663802
default constructor,-0.09851679069663803,0.09851679069663803
method used,-0.09854621449255448,0.09854621449255448
target credential,-0.09855758602779742,0.09855758602779742
source credential,-0.09855758602779742,0.09855758602779742
localhost,-0.09857434223659634,0.09857434223659634
cover,-0.09860670205569325,0.09860670205569325
kibana blob,-0.09864129656494956,0.09864129656494956
security server,-0.09864129656494956,0.09864129656494956
note set,-0.09866162087218594,0.09866162087218594
rephrased,-0.09867974126466272,0.09867974126466272
tls related,-0.0986886240790895,0.0986886240790895
portion,-0.0987026936576352,0.0987026936576352
data network,-0.09872331521760537,0.09872331521760537
urls using,-0.098744950430514,0.098744950430514
dynamic static,-0.0987998375049574,0.0987998375049574
socket data,-0.09887372544146761,0.09887372544146761
instance,-0.09888835364491055,0.09888835364491055
custom authorization,-0.09890720161417943,0.09890720161417943
nixos,-0.09893247178747007,0.09893247178747007
pam,-0.09893247178747007,0.09893247178747007
token response,-0.09893417432418138,0.09893417432418138
test method,-0.09895911317638176,0.09895911317638176
bootstrapping,-0.09899111411804236,0.09899111411804236
buf,-0.09906011692819683,0.09906011692819683
8122,-0.09907277115376366,0.09907277115376366
assume certificates,-0.09907277115376366,0.09907277115376366
selector,-0.0991151181648197,0.0991151181648197
blog post,-0.09912102896465781,0.09912102896465781
secret manager,-0.09914117840579557,0.09914117840579557
need handled,-0.09914117840579559,0.09914117840579559
manager environment,-0.09914117840579559,0.09914117840579559
v1 kind,-0.09916217042127846,0.09916217042127846
authors,-0.09919520570158263,0.09919520570158263
cryptography hashalgorithm,-0.09920424999155074,0.09920424999155074
authentication note,-0.09925802955017311,0.09925802955017311
wondering set,-0.0992865344082979,0.0992865344082979
want provide,-0.09928663451097718,0.09928663451097718
conn,-0.09928817224921378,0.09928817224921378
lets,-0.0993688915478604,0.0993688915478604
exchanged,-0.09938354238423121,0.09938354238423121
dtls,-0.09949942664627982,0.09949942664627982
tie,-0.09953571727451216,0.09953571727451216
read little,-0.099678852116012,0.099678852116012
host,-0.09968180799943452,0.09968180799943452
caused,-0.0996956607026441,0.0996956607026441
amz,-0.09969937545098041,0.09969937545098041
amz security,-0.09969937545098041,0.09969937545098041
faire,-0.09971238695758493,0.09971238695758493
deux,-0.09971238695758493,0.09971238695758493
represents,-0.09971280501758907,0.09971280501758907
oracle com,-0.0997837569291456,0.0997837569291456
sufficiently,-0.09979881873769167,0.09979881873769167
try change,-0.09981166354986444,0.09981166354986444
issue pr,-0.09982767843852207,0.09982767843852207
ceph,-0.09984302018216394,0.09984302018216394
certificate just,-0.09984383107827358,0.09984383107827358
documents,-0.09991431368299182,0.09991431368299182
authenticate facebook,-0.09993614260184179,0.09993614260184179
socialcontroller,-0.09993614260184179,0.09993614260184179
passport authenticate,-0.09993614260184179,0.09993614260184179
false socialcontroller,-0.09993614260184179,0.09993614260184179
facebook session,-0.09993614260184179,0.09993614260184179
session false,-0.09993614260184179,0.09993614260184179
callback passport,-0.09993614260184179,0.09993614260184179
facebook callback,-0.09993614260184179,0.09993614260184179
ref security,-0.09995346128256444,0.09995346128256444
jwtauthprovider,-0.1000062057784046,0.1000062057784046
auth jwtauthprovider,-0.1000062057784046,0.1000062057784046
kubectl create,-0.10004156231278812,0.10004156231278812
web authentication,-0.10005043922356462,0.10005043922356462
projects spring,-0.10009675908230649,0.10009675908230649
using authorization,-0.10009935939680231,0.10009935939680231
pullrequest,-0.10011531415790005,0.10011531415790005
pullrequest prid,-0.10011531415790005,0.10011531415790005
prid,-0.10011531415790005,0.10011531415790005
encrypted credentials,-0.10013112762115797,0.10013112762115797
traditional,-0.10014364455278359,0.10014364455278359
authorization based,-0.10014681972722242,0.10014681972722242
affect,-0.10018020292008889,0.10018020292008889
truly,-0.10019346731665335,0.10019346731665335
auth security,-0.10021521661908905,0.10021521661908905
def id,-0.100224621083904,0.100224621083904
original filename,-0.10024282510923266,0.10024282510923266
filename recovered,-0.10024282510923266,0.10024282510923266
user original,-0.10024282510923266,0.10024282510923266
mule shall,-0.10024282510923266,0.10024282510923266
payload pgp,-0.10024282510923266,0.10024282510923266
pgp encrypted,-0.10024282510923266,0.10024282510923266
resulting pgp,-0.10024282510923266,0.10024282510923266
case file,-0.10024282510923266,0.10024282510923266
using mule,-0.10024282510923266,0.10024282510923266
shall help,-0.10024282510923266,0.10024282510923266
decrypted payload,-0.10024282510923266,0.10024282510923266
pgp file,-0.10024282510923266,0.10024282510923266
recovered decryption,-0.10024282510923266,0.10024282510923266
decryption resulting,-0.10024282510923266,0.10024282510923266
registers,-0.10024344517505895,0.10024344517505895
service endpoints,-0.10026739546275155,0.10026739546275155
think problem,-0.10028510490790023,0.10028510490790023
client encryption,-0.10035786895603577,0.10035786895603577
plays,-0.10035786895603577,0.10035786895603577
encryption decrypted,-0.10035786895603577,0.10035786895603577
file data,-0.10035786895603577,0.10035786895603577
add registry,-0.10036328716558562,0.10036328716558562
authorization just,-0.10039387588147539,0.10039387588147539
scrypt,-0.10049824558792704,0.10049824558792704
pack plugins,-0.10055342867519923,0.10055342867519923
plugins security,-0.10055342867519923,0.10055342867519923
https medium,-0.10057516631019009,0.10057516631019009
medium com,-0.10057516631019009,0.10057516631019009
medium,-0.10057516631019009,0.10057516631019009
reworded,-0.10059207318314563,0.10059207318314563
change,-0.10063796943634083,0.10063796943634083
shot,-0.10065800514236585,0.10065800514236585
yes https,-0.10066046243524461,0.10066046243524461
yes use,-0.1006693534468129,0.1006693534468129
disabling ssl,-0.10067009727335516,0.10067009727335516
security groups,-0.10068556933628782,0.10068556933628782
inside signed,-0.1006990888134195,0.1006990888134195
purpose expiry,-0.1006990888134195,0.1006990888134195
expiry metadata,-0.1006990888134195,0.1006990888134195
encrypted cookies,-0.1006990888134195,0.1006990888134195
cookies increased,-0.1006990888134195,0.1006990888134195
username,-0.10082792026630799,0.10082792026630799
having unique,-0.10096513100709818,0.10096513100709818
criteria,-0.10101758042334424,0.10101758042334424
store users,-0.10105423247991727,0.10105423247991727
kv password,-0.10110098420303722,0.10110098420303722
suggestion encrypt,-0.10110252172570218,0.10110252172570218
value using,-0.10110252172570218,0.10110252172570218
decrypt input,-0.10110252172570218,0.10110252172570218
input value,-0.10110252172570218,0.10110252172570218
env vars,-0.1011159817660966,0.1011159817660966
obscure,-0.10115060885136505,0.10115060885136505
permission check,-0.10118793691457283,0.10118793691457283
header missing,-0.10119881932293717,0.10119881932293717
authenticate using,-0.10123418123882515,0.10123418123882515
combining,-0.10127016548203764,0.10127016548203764
parties,-0.10127553244848382,0.10127553244848382
understand ssl,-0.10127553244848382,0.10127553244848382
just logging,-0.10138285046708367,0.10138285046708367
suggestion return,-0.10141250204802567,0.10141250204802567
grant flow,-0.10151767035621083,0.10151767035621083
dot org,-0.10156992685644808,0.10156992685644808
client authenticated,-0.10157166574989111,0.10157166574989111
story,-0.10161813349995368,0.10161813349995368
social,-0.10162996454409123,0.10162996454409123
keys,-0.10167821957263892,0.10167821957263892
docs oracle,-0.10171803529277142,0.10171803529277142
cognito,-0.10172490665269728,0.10172490665269728
superclass,-0.10173163596267823,0.10173163596267823
validation tokens,-0.1017373472825602,0.1017373472825602
read comment,-0.10178929128605316,0.10178929128605316
ty,-0.10181053896625213,0.10181053896625213
authorizationurl,-0.10181053896625213,0.10181053896625213
kubeconfig,-0.10181075140500949,0.10181075140500949
mapped authorization,-0.10181509658070716,0.10181509658070716
like secret,-0.10185115149780262,0.10185115149780262
receiver,-0.10185354011950566,0.10185354011950566
user object,-0.10197174814201188,0.10197174814201188
build failed,-0.10201455049213244,0.10201455049213244
fully clear,-0.10202612022438426,0.10202612022438426
reduce,-0.10212774220624907,0.10212774220624907
storage encryption,-0.10213658759511354,0.10213658759511354
tbh sure,-0.10213658759511354,0.10213658759511354
cdn,-0.10219780392972282,0.10219780392972282
previous comment,-0.10220067515452368,0.10220067515452368
authentication instead,-0.10220371036841137,0.10220371036841137
dex,-0.10225747605859224,0.10225747605859224
label,-0.10227785032707033,0.10227785032707033
authentication case,-0.10230332719439761,0.10230332719439761
stronger,-0.1023092991339299,0.1023092991339299
stronger security,-0.1023092991339299,0.1023092991339299
aborted,-0.10231950565339752,0.10231950565339752
does contain,-0.10233834399425705,0.10233834399425705
validation function,-0.10236865311646424,0.10236865311646424
defaulting,-0.10242385339486569,0.10242385339486569
graphql,-0.10243086153096992,0.10243086153096992
session auth,-0.1024638470424944,0.1024638470424944
xml file,-0.10255060744763304,0.10255060744763304
connecting kafka,-0.1025787106842099,0.1025787106842099
health check,-0.10260931248380065,0.10260931248380065
configs,-0.10264697011277787,0.10264697011277787
user browser,-0.10267033483560363,0.10267033483560363
use message,-0.10267135421468769,0.10267135421468769
federation,-0.1026942206984198,0.1026942206984198
chan,-0.1027394710364362,0.1027394710364362
confirm,-0.10275685150636965,0.10275685150636965
don mix,-0.1028401157276157,0.1028401157276157
password argument,-0.1028747664204277,0.1028747664204277
update pr,-0.10289382105380354,0.10289382105380354
steps like,-0.10292402628217756,0.10292402628217756
needs set,-0.10295202289696723,0.10295202289696723
policy tag,-0.1029876582771271,0.1029876582771271
set authentication,-0.10303906688966696,0.10303906688966696
dependency security,-0.10304791339078029,0.10304791339078029
ll update,-0.10309461248278577,0.10309461248278577
id acme,-0.10313771964167869,0.10313771964167869
symmetricalgorithm,-0.10314910284099654,0.10314910284099654
cryptography symmetricalgorithm,-0.10314910284099654,0.10314910284099654
docs authorization,-0.10316836226700746,0.10316836226700746
mult,-0.10322486370640868,0.10322486370640868
square,-0.10329746658218934,0.10329746658218934
quoted,-0.10331105593110125,0.10331105593110125
key passed,-0.10333133685439859,0.10333133685439859
ca used,-0.10344076131257134,0.10344076131257134
file recommended,-0.10347674237878289,0.10347674237878289
error error,-0.10348393487823168,0.10348393487823168
change order,-0.10354330694849477,0.10354330694849477
true set,-0.10357547832417682,0.10357547832417682
like username,-0.10357563928396339,0.10357563928396339
accepting,-0.10359509419452909,0.10359509419452909
session permissions,-0.10361498225831405,0.10361498225831405
hashalgorithm,-0.10362564203635644,0.10362564203635644
04232019,-0.10364710338005119,0.10364710338005119
04232019 dedicated,-0.10364710338005119,0.10364710338005119
ahardin,-0.10364710338005119,0.10364710338005119
file rdu,-0.10364710338005119,0.10364710338005119
security architecture,-0.10364710338005119,0.10364710338005119
dedicated security,-0.10364710338005119,0.10364710338005119
http file,-0.10364710338005119,0.10364710338005119
com ahardin,-0.10364710338005119,0.10364710338005119
rdu redhat,-0.10364710338005119,0.10364710338005119
rdu,-0.10364710338005119,0.10364710338005119
ahardin 04232019,-0.10364710338005119,0.10364710338005119
app getting,-0.10364883817784591,0.10364883817784591
secret yaml,-0.10366445434360208,0.10366445434360208
magic,-0.10369467396867195,0.10369467396867195
exposed client,-0.10371069011990487,0.10371069011990487
kubernetes io,-0.10371559545622085,0.10371559545622085
tasks security,-0.10371585044344189,0.10371585044344189
aws reg,-0.10372264215740902,0.10372264215740902
reg,-0.10372264215740902,0.10372264215740902
reg token,-0.10372264215740902,0.10372264215740902
sign verify,-0.10373327897923988,0.10373327897923988
authorities,-0.10377677093171186,0.10377677093171186
authprovider,-0.10378587284425086,0.10378587284425086
auth authprovider,-0.10378587284425086,0.10378587284425086
private public,-0.103891875838493,0.103891875838493
password wrong,-0.10389661542976575,0.10389661542976575
certificate cert,-0.10394457807828293,0.10394457807828293
file does,-0.10397256929363764,0.10397256929363764
256 bit,-0.10397440961156126,0.10397440961156126
bold,-0.10400746470408878,0.10400746470408878
file source,-0.10403764053134024,0.10403764053134024
yuchaoran2011,-0.10405542703616305,0.10405542703616305
pm,-0.10406004823374189,0.10406004823374189
press,-0.10408774999940208,0.10408774999940208
earlier,-0.10414481454430041,0.10414481454430041
permissions right,-0.1041786139418412,0.1041786139418412
request body,-0.10421539321237111,0.10421539321237111
hour,-0.10428986341629985,0.10428986341629985
request using,-0.10431233229483501,0.10431233229483501
settings file,-0.10431281979456858,0.10431281979456858
wildcard,-0.10431946151098982,0.10431946151098982
proposal,-0.10433941517733605,0.10433941517733605
think skip,-0.10434768400991304,0.10434768400991304
sure add,-0.1043789675314247,0.1043789675314247
running rest,-0.10440296458973769,0.10440296458973769
acme compatible,-0.10445088445943108,0.10445088445943108
token needs,-0.10445253814787825,0.10445253814787825
domain secret,-0.10452250334828538,0.10452250334828538
prints,-0.10452528160394627,0.10452528160394627
credential data,-0.10459307890358825,0.10459307890358825
istio rbac,-0.10460323612723192,0.10460323612723192
helper function,-0.10463493911373606,0.10463493911373606
provides way,-0.10464445739372605,0.10464445739372605
generated time,-0.10467424466475271,0.10467424466475271
registering,-0.10473915516130117,0.10473915516130117
updated,-0.10475019692816392,0.10475019692816392
version control,-0.10480403724268228,0.10480403724268228
permission case,-0.10482594279876419,0.10482594279876419
originally try,-0.10482594279876419,0.10482594279876419
security permission,-0.10482594279876419,0.10482594279876419
introduce change,-0.10482594279876419,0.10482594279876419
catching exception,-0.10482594279876419,0.10482594279876419
finally revert,-0.10482594279876419,0.10482594279876419
exception introduce,-0.10482594279876419,0.10482594279876419
revert security,-0.10482594279876419,0.10482594279876419
error catching,-0.10482594279876419,0.10482594279876419
mesh,-0.10483901104775649,0.10483901104775649
validation permission,-0.10487279495113018,0.10487279495113018
creates secret,-0.10488342322337117,0.10488342322337117
idam,-0.1049107046608887,0.1049107046608887
intent use,-0.10493739115263918,0.10493739115263918
ciphertext,-0.10494597754514554,0.10494597754514554
don allow,-0.10496864484979994,0.10496864484979994
enforcing,-0.10500336652822488,0.10500336652822488
ui just,-0.10506292216669012,0.10506292216669012
certificate authority,-0.10512207925217469,0.10512207925217469
settings security,-0.10516509971358846,0.10516509971358846
need auth,-0.10519951504893678,0.10519951504893678
data access,-0.10520946207813499,0.10520946207813499
expand,-0.10521488070342135,0.10521488070342135
session ends,-0.10523551249826593,0.10523551249826593
correspond,-0.1052527611095031,0.1052527611095031
section,-0.10525348717551858,0.10525348717551858
marking,-0.10526761616661076,0.10526761616661076
retrieval,-0.10531621945584257,0.10531621945584257
really just,-0.10532778280908175,0.10532778280908175
role set,-0.1053351270547394,0.1053351270547394
instead using,-0.10537287186319393,0.10537287186319393
header instead,-0.1054127724723177,0.1054127724723177
trying make,-0.10550645473093104,0.10550645473093104
receives message,-0.10552935778201762,0.10552935778201762
suggestion enable,-0.10559642498569236,0.10559642498569236
example https,-0.10564809498419087,0.10564809498419087
eclipse che,-0.10565716045855109,0.10565716045855109
need pass,-0.10575945916906304,0.10575945916906304
fails security,-0.10578955687349541,0.10578955687349541
aggregation,-0.10580181558957731,0.10580181558957731
need protect,-0.10583337144053129,0.10583337144053129
secret agent,-0.10586113616877212,0.10586113616877212
make permission,-0.10596019234681028,0.10596019234681028
default authorization,-0.10596661488998356,0.10596661488998356
authorization protocol,-0.10596661488998356,0.10596661488998356
suggest set,-0.10596986913444328,0.10596986913444328
security store,-0.10598923445831147,0.10598923445831147
kick,-0.10602430043928511,0.10602430043928511
relates,-0.10603209083647416,0.10603209083647416
method auth,-0.10610052629165875,0.10610052629165875
cipher suites,-0.10621486943861412,0.10621486943861412
een,-0.10624714298315314,0.10624714298315314
work want,-0.10633173764662877,0.10633173764662877
panel,-0.1063602714621249,0.1063602714621249
needs changed,-0.10637944259672115,0.10637944259672115
authorization related,-0.10638319670919803,0.10638319670919803
2018 10,-0.10641533434154989,0.10641533434154989
client don,-0.10642658373843977,0.10642658373843977
provide built,-0.10643901328537318,0.10643901328537318
secret access,-0.10645070499807387,0.10645070499807387
server example,-0.10646408465160526,0.10646408465160526
appear,-0.10648767829718572,0.10648767829718572
sense think,-0.10649188471157787,0.10649188471157787
use existing,-0.10649614393205316,0.10649614393205316
editing,-0.10650151897345995,0.10650151897345995
generate certificates,-0.10650474665804129,0.10650474665804129
kerberos credentials,-0.10650582337042874,0.10650582337042874
key rsa,-0.10650661494349987,0.10650661494349987
password use,-0.1065326009429185,0.1065326009429185
occurrences,-0.10664125795193964,0.10664125795193964
role authorization,-0.1067192977470555,0.1067192977470555
role names,-0.1067192977470555,0.1067192977470555
transport_sockets tls,-0.10678309814097325,0.10678309814097325
source extensions,-0.10678309814097325,0.10678309814097325
transport_sockets,-0.10678309814097325,0.10678309814097325
extensions transport_sockets,-0.10678309814097325,0.10678309814097325
level roles,-0.10678383521301471,0.10678383521301471
categories,-0.10682287957700085,0.10682287957700085
cryptography icryptotransform,-0.10682327537037367,0.10682327537037367
code security,-0.10682327537037367,0.10682327537037367
icryptotransform code,-0.10682327537037367,0.10682327537037367
ll use,-0.10687900865719709,0.10687900865719709
don really,-0.10695864929174718,0.10695864929174718
want change,-0.10700717008077629,0.10700717008077629
user credentials,-0.107055479474227,0.107055479474227
distinguish,-0.10712669349937663,0.10712669349937663
aut,-0.1071443553917418,0.1071443553917418
authorization create,-0.10723638028996564,0.10723638028996564
aead,-0.10739469031984103,0.10739469031984103
appears,-0.10741937531906359,0.10741937531906359
use session,-0.10743781863193579,0.10743781863193579
dropped,-0.10744697361103771,0.10744697361103771
token auth,-0.10745922744027464,0.10745922744027464
user error,-0.10748003374171657,0.10748003374171657
pass,-0.1074895536411816,0.1074895536411816
hopefully,-0.10749785275886763,0.10749785275886763
client knows,-0.1075491667077845,0.1075491667077845
data using,-0.10759054429295402,0.10759054429295402
dans,-0.10762195676163233,0.10762195676163233
bit,-0.1076924027313599,0.1076924027313599
taken care,-0.10771118719499967,0.10771118719499967
planning use,-0.10771258606410548,0.10771258606410548
access secrets,-0.10772221804684066,0.10772221804684066
worth explaining,-0.10774728525661409,0.10774728525661409
netframework,-0.10780330717036786,0.10780330717036786
auth command,-0.10781778158420348,0.10781778158420348
generate access,-0.10790026169810973,0.10790026169810973
based configuration,-0.10791907654840469,0.10791907654840469
remove comment,-0.10793484153715643,0.10793484153715643
certificate used,-0.10793677311047056,0.10793677311047056
cached,-0.10803556344220011,0.10803556344220011
shoot,-0.10805515889720506,0.10805515889720506
default domain,-0.10805515889720506,0.10805515889720506
encrypts,-0.1080868461145054,0.1080868461145054
rfc,-0.10811269256912517,0.10811269256912517
did use,-0.10811277218058345,0.10811277218058345
distributes,-0.10817141798391434,0.10817141798391434
contained,-0.1081797402327449,0.1081797402327449
url_encoded,-0.10820340984695836,0.10820340984695836
rs,-0.10820604649867019,0.10820604649867019
referencesource,-0.10824249113456358,0.10824249113456358
referencesource microsoft,-0.10824249113456358,0.10824249113456358
https referencesource,-0.10824249113456358,0.10824249113456358
secr,-0.10825347833615502,0.10825347833615502
acl token,-0.10826410456529335,0.10826410456529335
sentence bit,-0.10828098497010732,0.10828098497010732
hashable,-0.10831495121804725,0.10831495121804725
parameters forwarded,-0.10833386981369443,0.10833386981369443
error trying,-0.10835301130398757,0.10835301130398757
regularly,-0.10840269181077879,0.10840269181077879
generate tokens,-0.10842655510169301,0.10842655510169301
malformed,-0.1084592345464224,0.1084592345464224
mobile app,-0.10846733858422049,0.10846733858422049
context just,-0.10852437155776821,0.10852437155776821
tls hostname,-0.10854112340956272,0.10854112340956272
enable authentication,-0.10854918297028417,0.10854918297028417
want file,-0.10855390223308477,0.10855390223308477
obtaining,-0.1085740439437861,0.1085740439437861
connection use,-0.10863496606880335,0.10863496606880335
best practice,-0.10864400973703395,0.10864400973703395
viewing,-0.1086932337684743,0.1086932337684743
displays,-0.10869608016917597,0.10869608016917597
bump,-0.1087655140408603,0.1087655140408603
phase,-0.10877530029245107,0.10877530029245107
unauthenticated users,-0.10882907441824119,0.10882907441824119
able create,-0.10887353460694435,0.10887353460694435
linux distro,-0.10900087997699041,0.10900087997699041
inventory,-0.10900704310857753,0.10900704310857753
page security,-0.10904058258275807,0.10904058258275807
used make,-0.10906249809281637,0.10906249809281637
lasts,-0.10909075103391168,0.10909075103391168
host api,-0.10909227063820734,0.10909227063820734
httpie,-0.10909227063820734,0.10909227063820734
doing validation,-0.10928897397231928,0.10928897397231928
authorizationmiddlewareinvokedkey,-0.10931935128145552,0.10931935128145552
open ssl,-0.10934426310517176,0.10934426310517176
api credentials,-0.10934882475587553,0.10934882475587553
stored vault,-0.1093718500137125,0.1093718500137125
services running,-0.10940025550369972,0.10940025550369972
credentials created,-0.10940184763839048,0.10940184763839048
overhead,-0.10941685030867977,0.10941685030867977
prow cluster,-0.10941838832625236,0.10941838832625236
make sense,-0.10948394848201881,0.10948394848201881
authorization used,-0.10949378903824161,0.10949378903824161
enabling tls,-0.10949996133598322,0.10949996133598322
token complete,-0.10950333714702024,0.10950333714702024
timeout set,-0.10951866596372455,0.10951866596372455
load balancer,-0.10958207745592698,0.10958207745592698
delegation tokens,-0.10958498326993842,0.10958498326993842
data use,-0.10958754204571712,0.10958754204571712
small,-0.10961410468016027,0.10961410468016027
hmac,-0.1097061057240075,0.1097061057240075
need mention,-0.10984281262483514,0.10984281262483514
sure accept,-0.10986779338384686,0.10986779338384686
set following,-0.10986779338384686,0.10986779338384686
private key,-0.10987081275102122,0.10987081275102122
http requests,-0.10988919935696,0.10988919935696
authorization makes,-0.10997485904908118,0.10997485904908118
insert,-0.11000152242240688,0.11000152242240688
cat,-0.11002875620764742,0.11002875620764742
app installed,-0.11003319594302972,0.11003319594302972
agree comment,-0.1100535977000763,0.1100535977000763
want spend,-0.1100665232682568,0.1100665232682568
spend cycles,-0.1100665232682568,0.1100665232682568
cycles copying,-0.1100665232682568,0.1100665232682568
copying data,-0.1100665232682568,0.1100665232682568
place don,-0.1100665232682568,0.1100665232682568
data place,-0.1100665232682568,0.1100665232682568
fixed use,-0.11007164463120186,0.11007164463120186
clear need,-0.11007425498561335,0.11007425498561335
unit test,-0.11007771600857011,0.11007771600857011
place https,-0.1100977215425609,0.1100977215425609
hostnames,-0.11010398765800793,0.11010398765800793
user model,-0.11020371985882414,0.11020371985882414
user updating,-0.11020371985882414,0.11020371985882414
great question,-0.11020371985882417,0.11020371985882417
combination authentication,-0.11025915300316157,0.11025915300316157
multiple sessions,-0.11026879124889385,0.11026879124889385
consider using,-0.11030287426327672,0.11030287426327672
authentication filter,-0.11031860910559138,0.11031860910559138
database roles,-0.11034762044695512,0.11034762044695512
referring,-0.11039170036405685,0.11039170036405685
know user,-0.11040072730680196,0.11040072730680196
oc secret,-0.11040709217955295,0.11040709217955295
credentials run,-0.11049130946229513,0.11049130946229513
check permission,-0.1104976978393236,0.1104976978393236
security like,-0.11055920285039679,0.11055920285039679
make changes,-0.11065187800753461,0.11065187800753461
secretsmanager,-0.11065979360847138,0.11065979360847138
authentication certificate,-0.11069722159592445,0.11069722159592445
01,-0.11071014160925242,0.11071014160925242
file used,-0.11071615320350062,0.11071615320350062
given security,-0.11075809487898278,0.11075809487898278
apache,-0.11076189947923071,0.11076189947923071
try,-0.11078373527324921,0.11078373527324921
code gets,-0.11082632514901553,0.11082632514901553
authorization param,-0.11090263706941737,0.11090263706941737
passing client,-0.11093358116853326,0.11093358116853326
pairing,-0.11098522536439226,0.11098522536439226
2019 domain,-0.11100875005407145,0.11100875005407145
trust authentication,-0.11100875005407145,0.11100875005407145
domain controllers,-0.11100875005407145,0.11100875005407145
server 2019,-0.11100875005407145,0.11100875005407145
certificate use,-0.11101427068513779,0.11101427068513779
use jwt,-0.11104249071023357,0.11104249071023357
alter,-0.1110458555687058,0.1110458555687058
tell way,-0.1110458555687058,0.1110458555687058
legal,-0.11110789910349494,0.11110789910349494
values need,-0.11114970900363277,0.11114970900363277
remember,-0.11120551037190049,0.11120551037190049
authentication use,-0.11124275693971707,0.11124275693971707
ignoring,-0.11128674654737213,0.11128674654737213
powershell,-0.11128813411562676,0.11128813411562676
support just,-0.11128990392503581,0.11128990392503581
use constants,-0.11129937554378105,0.11129937554378105
case like,-0.11131969826905705,0.11131969826905705
windows server,-0.11144842783173141,0.11144842783173141
key trust,-0.11144842783173141,0.11144842783173141
client certificates,-0.11145250228755917,0.11145250228755917
ddf blob,-0.11147886050694297,0.11147886050694297
value url,-0.11151219113173201,0.11151219113173201
validation fails,-0.11152335136648278,0.11152335136648278
forked branch,-0.11155755653394339,0.11155755653394339
server like,-0.11163370963963856,0.11163370963963856
kyma integration,-0.1116370451358109,0.1116370451358109
developed,-0.11165906153518579,0.11165906153518579
img,-0.11166979705270395,0.11166979705270395
jwe,-0.11175428186079994,0.11175428186079994
servlet,-0.1117599512614789,0.1117599512614789
jwt payload,-0.111790644771449,0.111790644771449
security x509,-0.11180776538814302,0.11180776538814302
expired token,-0.11181210764950966,0.11181210764950966
encryption process,-0.11189952659492436,0.11189952659492436
need add,-0.11196684055644429,0.11196684055644429
reason couldn,-0.1120325208709739,0.1120325208709739
file think,-0.11204018481063953,0.11204018481063953
tls case,-0.1120784652634043,0.1120784652634043
user authorized,-0.11210765628725981,0.11210765628725981
secret controller,-0.11213879532782026,0.11213879532782026
session implementation,-0.11216165764469627,0.11216165764469627
authorization better,-0.11218377473749087,0.11218377473749087
changelog,-0.11227350852992993,0.11227350852992993
deafult,-0.11228254323001205,0.11228254323001205
authorization controller,-0.11229998446585067,0.11229998446585067
new error,-0.11230306444376593,0.11230306444376593
credentials stored,-0.11230381650458378,0.11230381650458378
support including,-0.11234236681823528,0.11234236681823528
responses,-0.1123720938197149,0.1123720938197149
sec,-0.11239348610372366,0.11239348610372366
default certificate,-0.11240199459616393,0.11240199459616393
27,-0.11246751260921696,0.11246751260921696
csharp using,-0.11250874178166302,0.11250874178166302
attack vector,-0.11258885790494094,0.11258885790494094
security problem,-0.11261437136320607,0.11261437136320607
creating token,-0.11261696401979522,0.11261696401979522
want,-0.11262739582369426,0.11262739582369426
changes api,-0.1126647679063697,0.1126647679063697
session lasts,-0.11277780439209252,0.11277780439209252
optimization,-0.11283035712553104,0.11283035712553104
message details,-0.11283694930182285,0.11283694930182285
image metadata,-0.1128763639521607,0.1128763639521607
gce,-0.11290116202497587,0.11290116202497587
authorization start,-0.11290176710657128,0.11290176710657128
cluster privilege,-0.11290628114233213,0.11290628114233213
endpoints require,-0.11302568439059418,0.11302568439059418
fails return,-0.11309288216553451,0.11309288216553451
favour,-0.11311598543528462,0.11311598543528462
token probably,-0.11313486618481552,0.11313486618481552
oeps,-0.11314829467736669,0.11314829467736669
command work,-0.11323049196592755,0.11323049196592755
service auth,-0.11327437876213078,0.11327437876213078
multi factor,-0.11328321750801944,0.11328321750801944
certificate data,-0.1132913859654353,0.1132913859654353
pla,-0.11337577533685034,0.11337577533685034
delete secret,-0.11341395686343998,0.11341395686343998
hmac token,-0.11341395686343998,0.11341395686343998
account access,-0.11343747655900809,0.11343747655900809
determines,-0.11347313261776956,0.11347313261776956
require certificate,-0.1134790178916017,0.1134790178916017
does mean,-0.11350696434399674,0.11350696434399674
permission denied,-0.11351173324403534,0.11351173324403534
remain,-0.11357482756772891,0.11357482756772891
test common,-0.11359077662785667,0.11359077662785667
copied modified,-0.1136032387019722,0.1136032387019722
pkcs11,-0.11361544097334327,0.11361544097334327
create encrypted,-0.11362167825080181,0.11362167825080181
necessary order,-0.11362167825080181,0.11362167825080181
order create,-0.11362167825080183,0.11362167825080183
drbg,-0.11362779314188731,0.11362779314188731
token work,-0.11363471354799541,0.11363471354799541
rfc6749,-0.11375777212607482,0.11375777212607482
rfc6749 section,-0.11375777212607482,0.11375777212607482
need store,-0.11376507787040635,0.11376507787040635
endpoints authorization,-0.11376798043170394,0.11376798043170394
proposed change,-0.11388552888377468,0.11388552888377468
assignments,-0.11396617395952297,0.11396617395952297
want support,-0.11403461590560894,0.11403461590560894
case tls,-0.11404830573538302,0.11404830573538302
password login,-0.1140688768112897,0.1140688768112897
customer authorization,-0.11407103030120604,0.11407103030120604
think ideal,-0.11408414468295773,0.11408414468295773
server credentials,-0.11409047107608286,0.11409047107608286
encryption credentials,-0.11410093939346257,0.11410093939346257
sanitized,-0.11410329320400216,0.11410329320400216
x509certificates,-0.11410698520831207,0.11410698520831207
cryptography x509certificates,-0.11410698520831207,0.11410698520831207
msi,-0.1141405840398649,0.1141405840398649
database credentials,-0.11420223554263932,0.11420223554263932
iot,-0.1142368488444905,0.1142368488444905
half,-0.11427438634734835,0.11427438634734835
bonus,-0.11428778820075541,0.11428778820075541
node authentication,-0.11431140448712605,0.11431140448712605
sound better,-0.11431140448712605,0.11431140448712605
mode node,-0.11431140448712605,0.11431140448712605
ssl connection,-0.11431585726990226,0.11431585726990226
think look,-0.114317539659553,0.114317539659553
idea verify,-0.11432632996534486,0.11432632996534486
migrating,-0.11434948393289122,0.11434948393289122
creating account,-0.11435002585459238,0.11435002585459238
attempts,-0.11440765933756537,0.11440765933756537
fail,-0.11443305335627116,0.11443305335627116
explicit state,-0.1144385705073427,0.1144385705073427
certificate don,-0.11443857050734271,0.11443857050734271
tech,-0.11446075084418961,0.11446075084418961
codepipeline,-0.11447069030110507,0.11447069030110507
ll rename,-0.11449767638180028,0.11449767638180028
point having,-0.11449788857836816,0.11449788857836816
handling different,-0.11450247424644046,0.11450247424644046
wasn sure,-0.1146072615441397,0.1146072615441397
keys https,-0.11462114867202604,0.11462114867202604
securely store,-0.11464114169991116,0.11464114169991116
credentials access,-0.11465630293405363,0.11465630293405363
console output,-0.11466518316458002,0.11466518316458002
way authentication,-0.11466976447394157,0.11466976447394157
demo,-0.11469947707608452,0.11469947707608452
certificate file,-0.11471417427539118,0.11471417427539118
cl,-0.11473748853090963,0.11473748853090963
isvalid,-0.11482446360799929,0.11482446360799929
resume,-0.11486168203429434,0.11486168203429434
svc,-0.11487580255573597,0.11487580255573597
service like,-0.11487580255573597,0.11487580255573597
app gateway,-0.11487580255573598,0.11487580255573598
authority issue,-0.11487824963710916,0.11487824963710916
certificate service,-0.11487824963710916,0.11487824963710916
control flags,-0.11488057315598353,0.11488057315598353
token management,-0.11495242825079412,0.11495242825079412
adding authentication,-0.11498796933165097,0.11498796933165097
getting,-0.11500509481223621,0.11500509481223621
logic like,-0.115020517119686,0.115020517119686
dict don,-0.11502691992432676,0.11502691992432676
exception indicating,-0.11505865522482486,0.11505865522482486
cookie header,-0.11506113914077461,0.11506113914077461
objects example,-0.11509971283455243,0.11509971283455243
signed certificates,-0.11514348009816103,0.11514348009816103
work spaces,-0.11518574317483754,0.11518574317483754
modifying,-0.11519450861777276,0.11519450861777276
authorization resource,-0.11522043362826992,0.11522043362826992
ddf common,-0.11524662728004482,0.11524662728004482
distribution ddf,-0.11524662728004482,0.11524662728004482
default policy,-0.11524662728004482,0.11524662728004482
main resources,-0.11524662728004482,0.11524662728004482
security default,-0.11524662728004482,0.11524662728004482
dont need,-0.11529104772838882,0.11529104772838882
requiring,-0.11530023294304577,0.11530023294304577
isn use,-0.11530399541341016,0.11530399541341016
authori,-0.11536304900795327,0.11536304900795327
ingressroute,-0.11537701741391145,0.11537701741391145
key signing,-0.1154255359293638,0.1154255359293638
interface secret,-0.1154255359293638,0.1154255359293638
bearer xxx,-0.11542896417630398,0.11542896417630398
viewed,-0.11556182445973028,0.11556182445973028
just note,-0.11557680058840063,0.11557680058840063
regexp,-0.11560435515236779,0.11560435515236779
cloud credential,-0.11563842987611513,0.11563842987611513
wrong password,-0.11565736531162979,0.11565736531162979
email credentials,-0.11569901453098469,0.11569901453098469
instead adding,-0.11573743962149709,0.11573743962149709
similar way,-0.1157745535829744,0.1157745535829744
server does,-0.11577610009008532,0.11577610009008532
way don,-0.11581878985325494,0.11581878985325494
methods methods,-0.11583779620170838,0.11583779620170838
having,-0.1158711564224858,0.1158711564224858
don exist,-0.1159382948846223,0.1159382948846223
pairs,-0.11602182794827313,0.11602182794827313
key think,-0.11607151587089348,0.11607151587089348
long authorization,-0.11609232423235481,0.11609232423235481
creation,-0.11617622278597045,0.11617622278597045
permission like,-0.11619138078570873,0.11619138078570873
security risks,-0.11619138078570873,0.11619138078570873
tmp,-0.11619138078570873,0.11619138078570873
csharp,-0.11619451494968186,0.11619451494968186
validating server,-0.11625251632586432,0.11625251632586432
error fail,-0.11627183928316304,0.11627183928316304
ce,-0.11629580682302816,0.11629580682302816
test authentication,-0.11633298497237193,0.11633298497237193
unencrypted,-0.11633515139421532,0.11633515139421532
ietf,-0.11634769123553873,0.11634769123553873
api client,-0.1163908374678225,0.1163908374678225
decorator,-0.116397005005058,0.116397005005058
hashed password,-0.11642200281108347,0.11642200281108347
plugins,-0.11644088663158379,0.11644088663158379
cou,-0.11644974800744279,0.11644974800744279
architecture additional_concepts,-0.11650316701833396,0.11650316701833396
additional_concepts,-0.11650316701833396,0.11650316701833396
auth instead,-0.11651238293701892,0.11651238293701892
retrieve password,-0.11651238293701892,0.11651238293701892
http response,-0.11661571269594262,0.11661571269594262
access permissions,-0.11665365289260825,0.11665365289260825
near,-0.11665798075635028,0.11665798075635028
client need,-0.11668122499526545,0.11668122499526545
entire security,-0.11671439215797542,0.11671439215797542
canvas,-0.11674990504867067,0.11674990504867067
application token,-0.1167509087696701,0.1167509087696701
help user,-0.11678173354421882,0.11678173354421882
return user,-0.11683910540870428,0.11683910540870428
ssl ca,-0.11686862007465568,0.11686862007465568
tostring,-0.11687782420162589,0.11687782420162589
necessary user,-0.11693302713344463,0.11693302713344463
way specify,-0.1169679205023081,0.1169679205023081
venue,-0.11699664940231756,0.11699664940231756
upfront,-0.11703753508988864,0.11703753508988864
ssl nsstspreloadlist,-0.11705055428783417,0.11705055428783417
nsstspreloadlist,-0.11705055428783417,0.11705055428783417
currently support,-0.11706242312161713,0.11706242312161713
application allows,-0.11709284877467895,0.11709284877467895
cryptographic keys,-0.11709284877467896,0.11709284877467896
smile,-0.11719418562666097,0.11719418562666097
secrets store,-0.11722023567699101,0.11722023567699101
desired,-0.11731014352253007,0.11731014352253007
shared key,-0.11732490927647046,0.11732490927647046
space,-0.1173537550561015,0.1173537550561015
tokens revoked,-0.11737275346943918,0.11737275346943918
revoked aws,-0.11737275346943918,0.11737275346943918
input like,-0.11740521965414441,0.11740521965414441
com en,-0.11743788652294171,0.11743788652294171
way pass,-0.11747291145813368,0.11747291145813368
secret following,-0.11748502108737445,0.11748502108737445
cases,-0.11750619516574759,0.11750619516574759
need encryption,-0.11751713216647713,0.11751713216647713
có,-0.11754780837856171,0.11754780837856171
token audience,-0.11756869963818425,0.11756869963818425
essentially secret,-0.11756869963818425,0.11756869963818425
audience set,-0.11756869963818425,0.11756869963818425
hex encoded,-0.11758291813410078,0.11758291813410078
code access,-0.11759774524392105,0.11759774524392105
holding,-0.11769301790114088,0.11769301790114088
shouldn able,-0.11772960863299675,0.11772960863299675
idk,-0.11773613343498789,0.11773613343498789
certificate generated,-0.11783463487978736,0.11783463487978736
required optional,-0.11783790177156232,0.11783790177156232
bajtos,-0.11789081157406218,0.11789081157406218
external authentication,-0.11797369148044612,0.11797369148044612
instead example,-0.11799831184630451,0.11799831184630451
required certificate,-0.11800820202224942,0.11800820202224942
unify,-0.1180293741054701,0.1180293741054701
psql,-0.11803498941758933,0.11803498941758933
form user,-0.11803800860148293,0.11803800860148293
different values,-0.11803956233745069,0.11803956233745069
net_admin permission,-0.11806160515654389,0.11806160515654389
11 length,-0.11819386964084008,0.11819386964084008
start 11,-0.11819386964084008,0.11819386964084008
recover,-0.11820631760038701,0.11820631760038701
checksum,-0.11827745138275654,0.11827745138275654
toc,-0.11829291613922756,0.11829291613922756
explain permissions,-0.1183310193500117,0.1183310193500117
honor,-0.11838655253060706,0.11838655253060706
vote,-0.11844514310800636,0.11844514310800636
file case,-0.11853652882976529,0.11853652882976529
token verification,-0.11857306625057908,0.11857306625057908
credentials configuration,-0.11858806934401223,0.11858806934401223
grammar,-0.11863444897221187,0.11863444897221187
consequence,-0.11865941266658576,0.11865941266658576
01 microsoft,-0.11873610989598103,0.11873610989598103
pilot,-0.11876441910425471,0.11876441910425471
request returns,-0.11878124377020939,0.11878124377020939
teams,-0.1187840016052731,0.1187840016052731
opinion,-0.11881340806477274,0.11881340806477274
enhanced,-0.11883759479879387,0.11883759479879387
elevate,-0.11884739391915147,0.11884739391915147
cookie headers,-0.11887947814143152,0.11887947814143152
hono,-0.11888529688888226,0.11888529688888226
recovery,-0.11894320863387277,0.11894320863387277
helps avoid,-0.1190627317584756,0.1190627317584756
ter,-0.11907586750374749,0.11907586750374749
default tls,-0.11909311154295077,0.11909311154295077
current,-0.11909736313669042,0.11909736313669042
ansible blob,-0.11910977563508816,0.11910977563508816
ansible ansible,-0.11910977563508816,0.11910977563508816
permission security,-0.11913744820912077,0.11913744820912077
li,-0.11914229360236732,0.11914229360236732
authorization order,-0.11916037901370305,0.11916037901370305
future need,-0.11918769836809494,0.11918769836809494
aws secrets,-0.11919862478249728,0.11919862478249728
secrets manager,-0.11919862478249728,0.11919862478249728
opt,-0.11921126939382552,0.11921126939382552
set config,-0.11930049122963111,0.11930049122963111
described,-0.11933426631001887,0.11933426631001887
thought add,-0.1193489109191506,0.1193489109191506
password require,-0.11943162165287799,0.11943162165287799
sent user,-0.11956119172893757,0.11956119172893757
library dotnet,-0.11956137266448183,0.11956137266448183
dotnet pull,-0.11956137266448183,0.11956137266448183
psm1,-0.11964263527749879,0.11964263527749879
sure fail,-0.1196874939785419,0.1196874939785419
keys does,-0.11970629556783173,0.11970629556783173
links,-0.11970982940940954,0.11970982940940954
pravega,-0.11971870628265195,0.11971870628265195
authorization rules,-0.11974198441796528,0.11974198441796528
difficult,-0.11976736555491012,0.11976736555491012
certificates using,-0.1197705583724377,0.1197705583724377
candidate,-0.11979812547532866,0.11979812547532866
clears,-0.11985158972550748,0.11985158972550748
saves,-0.11992223990896667,0.11992223990896667
pulling,-0.11994111959008374,0.11994111959008374
given instance,-0.11997932026963312,0.11997932026963312
il,-0.11997987866581367,0.11997987866581367
img width,-0.11998010793365786,0.11998010793365786
eof,-0.12001679993291657,0.12001679993291657
authorization right,-0.12002815381592676,0.12002815381592676
unable authenticate,-0.1200459566438317,0.1200459566438317
refresh tokens,-0.12006318353204784,0.12006318353204784
right want,-0.12018162330013933,0.12018162330013933
concourse,-0.12025765290985979,0.12025765290985979
thought,-0.12025782058863388,0.12025782058863388
certification,-0.12026093058449713,0.12026093058449713
encryption encrypted,-0.12026704077298506,0.12026704077298506
changed link,-0.12026704077298507,0.12026704077298507
need secret,-0.12031972218698174,0.12031972218698174
click,-0.12035989194582454,0.12035989194582454
modification,-0.12036634098345156,0.12036634098345156
endpoint required,-0.12043048741621296,0.12043048741621296
careful don,-0.1204678222125111,0.1204678222125111
encrypting decrypting,-0.12048632399853877,0.12048632399853877
null token,-0.12051805309300995,0.12051805309300995
going ask,-0.12051935297393945,0.12051935297393945
explicitly provide,-0.12053007673942824,0.12053007673942824
shouldn necessary,-0.12055720230662045,0.12055720230662045
secret nil,-0.12057506653990899,0.12057506653990899
standards,-0.12057780981544026,0.12057780981544026
postgres,-0.12060789426619489,0.12060789426619489
migrate,-0.12062282105832076,0.12062282105832076
gcb,-0.12062969662324645,0.12062969662324645
does credentials,-0.1206453389363404,0.1206453389363404
instance secret,-0.120678359326919,0.120678359326919
use,-0.12068182717353922,0.12068182717353922
sanitize,-0.12076203141912299,0.12076203141912299
session created,-0.12078230838418173,0.12078230838418173
stuff like,-0.12078697109728911,0.12078697109728911
ssl context,-0.12082349084907126,0.12082349084907126
refresh,-0.12091747952163101,0.12091747952163101
key set,-0.1209177380987051,0.1209177380987051
accessed,-0.1209351507023853,0.1209351507023853
better pass,-0.12098353241565779,0.12098353241565779
touched,-0.1210198190874032,0.1210198190874032
cdk,-0.12105008938445487,0.12105008938445487
secrets use,-0.12106469510749238,0.12106469510749238
aspnet core,-0.12109510355007656,0.12109510355007656
change mistake,-0.121097952005559,0.121097952005559
tokens used,-0.12111804416467854,0.12111804416467854
encrypted certificate,-0.12112337945265444,0.12112337945265444
non encrypted,-0.12112337945265444,0.12112337945265444
support private,-0.12113085662421634,0.12113085662421634
credentials list,-0.12115678801194418,0.12115678801194418
token moved,-0.1211830950365372,0.1211830950365372
user accounts,-0.12120109869738435,0.12120109869738435
expression,-0.12122982476993358,0.12122982476993358
reusing,-0.12123784142228664,0.12123784142228664
incoming,-0.12129596406327763,0.12129596406327763
uses credentials,-0.12140305128559645,0.12140305128559645
audit logs,-0.12140421320505107,0.12140421320505107
source common,-0.12145095801866065,0.12145095801866065
11,-0.12151813906144882,0.12151813906144882
think important,-0.12157103016666446,0.12157103016666446
secrets data,-0.1215910119355855,0.1215910119355855
com codice,-0.1216157687306499,0.1216157687306499
authorization uri,-0.12170106135985943,0.12170106135985943
rolebinding,-0.12174323876277467,0.12174323876277467
origin key,-0.12176195084154849,0.12176195084154849
using hab,-0.12176195084154849,0.12176195084154849
web interface,-0.12176195084154849,0.12176195084154849
upload command,-0.12176195084154849,0.12176195084154849
hab,-0.12176195084154849,0.12176195084154849
key upload,-0.12176195084154849,0.12176195084154849
suggestion upload,-0.12176195084154849,0.12176195084154849
hab origin,-0.12176195084154849,0.12176195084154849
authenticated tls,-0.1218227117456231,0.1218227117456231
custom version,-0.1218228443008974,0.1218228443008974
authentication backend,-0.12182284430089743,0.12182284430089743
decrypt encrypted,-0.12184038121120877,0.12184038121120877
uses tokens,-0.12184713271305646,0.12184713271305646
created,-0.12191938317072648,0.12191938317072648
make precise,-0.12192410033659502,0.12192410033659502
automation,-0.12193659505465748,0.12193659505465748
session api,-0.1219625560363505,0.1219625560363505
permission checking,-0.1219625560363505,0.1219625560363505
errors use,-0.121986198010003,0.121986198010003
kubectl,-0.12200314119107313,0.12200314119107313
custom validation,-0.12204889502163686,0.12204889502163686
username credentials,-0.12210449903129546,0.12210449903129546
interaction,-0.12210611395828103,0.12210611395828103
add line,-0.12211268208756691,0.12211268208756691
token case,-0.12216909074082892,0.12216909074082892
password recover,-0.12220145922454927,0.12220145922454927
best way,-0.12220145922454927,0.12220145922454927
think authentication,-0.12220771725370129,0.12220771725370129
password end,-0.1222263305942633,0.1222263305942633
specification,-0.12228290773014669,0.12228290773014669
mvc mvc,-0.12229538520570994,0.12229538520570994
updates password,-0.12230175256360733,0.12230175256360733
did work,-0.12232194541674254,0.12232194541674254
https github,-0.12234502483294933,0.12234502483294933
github token,-0.12238409687177693,0.12238409687177693
ssl deprecated,-0.12240892445655917,0.12240892445655917
wouldn able,-0.12247625690866441,0.12247625690866441
rephrase,-0.12251657870803297,0.12251657870803297
sfa,-0.12252367743972627,0.12252367743972627
sfa das,-0.12252367743972627,0.12252367743972627
signature algorithm,-0.12254894822844643,0.12254894822844643
authorization quote,-0.12254992650996219,0.12254992650996219
quoted property,-0.12254992650996219,0.12254992650996219
quote props,-0.12254992650996219,0.12254992650996219
unnecessarily quoted,-0.12254992650996219,0.12254992650996219
property authorization,-0.12254992650996219,0.12254992650996219
django,-0.12257936724657564,0.12257936724657564
request invalid,-0.1225877952710162,0.1225877952710162
invalidclienttokenid,-0.1225877952710162,0.1225877952710162
error invalidclienttokenid,-0.1225877952710162,0.1225877952710162
included request,-0.1225877952710162,0.1225877952710162
invalidclienttokenid security,-0.1225877952710162,0.1225877952710162
http port,-0.12261776078342108,0.12261776078342108
secret api,-0.1226189811920836,0.1226189811920836
adding following,-0.12265013079938843,0.12265013079938843
instead,-0.12265654542061953,0.12265654542061953
networking,-0.12270482175952345,0.12270482175952345
data validation,-0.1228774657172873,0.1228774657172873
access keys,-0.12293808569194885,0.12293808569194885
permission https,-0.12295706459994243,0.12295706459994243
used ssl,-0.12299076435259398,0.12299076435259398
ll change,-0.12300069856445844,0.12300069856445844
reason way,-0.12302563300206021,0.12302563300206021
authenticate api,-0.12303605512651736,0.12303605512651736
90 days,-0.1230460433904133,0.1230460433904133
avoid repeat,-0.1230460433904133,0.1230460433904133
90,-0.1230460433904133,0.1230460433904133
information available,-0.1230460433904133,0.1230460433904133
short time,-0.12305018446605226,0.12305018446605226
just calling,-0.12305305366785531,0.12305305366785531
app key,-0.12305480330506266,0.12305480330506266
distinction,-0.12308887411376729,0.12308887411376729
approval,-0.12313751863310451,0.12313751863310451
command line,-0.12314614791644923,0.12314614791644923
token null,-0.12322401627691142,0.12322401627691142
yup,-0.12324212154118452,0.12324212154118452
redirect,-0.12325549942474143,0.12325549942474143
encrypting key,-0.12347223511617747,0.12347223511617747
order decrypt,-0.12347223511617747,0.12347223511617747
need policy,-0.12347223511617747,0.12347223511617747
favio,-0.12347801170545918,0.12347801170545918
vazquezp optimus,-0.12347801170545918,0.12347801170545918
vazquezp,-0.12347801170545918,0.12347801170545918
optimus,-0.12347801170545918,0.12347801170545918
optimus pullrequest,-0.12347801170545918,0.12347801170545918
app favio,-0.12347801170545918,0.12347801170545918
favio vazquezp,-0.12347801170545918,0.12347801170545918
need authenticate,-0.1235035722800835,0.1235035722800835
permissions default,-0.12352538127701346,0.12352538127701346
check user,-0.12353072461788606,0.12353072461788606
2f_output_handling,-0.1236021254404971,0.1236021254404971
article input,-0.1236021254404971,0.1236021254404971
contrexx_input_,-0.1236021254404971,0.1236021254404971
php title,-0.1236021254404971,0.1236021254404971
en index,-0.1236021254404971,0.1236021254404971
contrexx_input_ 2f_output_handling,-0.1236021254404971,0.1236021254404971
contrexx com,-0.1236021254404971,0.1236021254404971
contrexx,-0.1236021254404971,0.1236021254404971
handling http,-0.1236021254404971,0.1236021254404971
user article,-0.1236021254404971,0.1236021254404971
read user,-0.1236021254404971,0.1236021254404971
title security,-0.1236021254404971,0.1236021254404971
http wiki,-0.1236021254404971,0.1236021254404971
input output,-0.1236021254404971,0.1236021254404971
wiki contrexx,-0.1236021254404971,0.1236021254404971
output handling,-0.1236021254404971,0.1236021254404971
security contrexx_input_,-0.1236021254404971,0.1236021254404971
properly sanitize,-0.1236021254404971,0.1236021254404971
uses,-0.12360413129572613,0.12360413129572613
projects,-0.12363400891594872,0.12363400891594872
users need,-0.12364198917127663,0.12364198917127663
security integration,-0.12364625692464838,0.12364625692464838
balance,-0.12368259781833428,0.12368259781833428
code wanted,-0.12368288474737407,0.12368288474737407
application security,-0.1237655341955857,0.1237655341955857
hive,-0.12379792343770195,0.12379792343770195
authenticate services,-0.1238588573894142,0.1238588573894142
need look,-0.1239457431502292,0.1239457431502292
indicator,-0.12395817705551179,0.12395817705551179
loading indicator,-0.12395817705551179,0.12395817705551179
want user,-0.12397359464971353,0.12397359464971353
trying think,-0.12397441340734026,0.12397441340734026
headers using,-0.12399753094366085,0.12399753094366085
jose,-0.12403290444129832,0.12403290444129832
directory password,-0.12403730468694332,0.12403730468694332
make lock,-0.12403730468694332,0.12403730468694332
just saw,-0.1240945720675988,0.1240945720675988
image_pull_secret_weblogic,-0.124103350335275,0.124103350335275
org security,-0.12424314614206958,0.12424314614206958
sorry missed,-0.12426070116047314,0.12426070116047314
quite lot,-0.1243181058348463,0.1243181058348463
type article,-0.12433183079741757,0.12433183079741757
docs related,-0.12433183079741757,0.12433183079741757
related type,-0.12433183079741757,0.12433183079741757
link docs,-0.12433183079741757,0.12433183079741757
pr changed,-0.12433183079741757,0.12433183079741757
href sql,-0.12433183079741757,0.12433183079741757
nit unrelated,-0.12433183079741757,0.12433183079741757
article href,-0.12433183079741757,0.12433183079741757
priv,-0.12438307168249074,0.12438307168249074
type,-0.12446937064316174,0.12446937064316174
override authentication,-0.1244923949610451,0.1244923949610451
log message,-0.12450338976835154,0.12450338976835154
randomly,-0.12454825576948896,0.12454825576948896
randomly generated,-0.12454825576948896,0.12454825576948896
involved,-0.12455877378239492,0.12455877378239492
security pkg,-0.12456359357346752,0.12456359357346752
know client,-0.12457276966923514,0.12457276966923514
client password,-0.12457276966923514,0.12457276966923514
readme md,-0.12461165215577831,0.12461165215577831
annotations,-0.12462479579611468,0.12462479579611468
clouddriver,-0.12466278601306084,0.12466278601306084
generate token,-0.12466930051154793,0.12466930051154793
serves,-0.12470276696391851,0.12470276696391851
think people,-0.12477262262208522,0.12477262262208522
action don,-0.1248055490922001,0.1248055490922001
eclipse,-0.12485533903081757,0.12485533903081757
authn authz,-0.1248604488847792,0.1248604488847792
fast,-0.12487834772127049,0.12487834772127049
pull requests,-0.1248908436005929,0.1248908436005929
long term,-0.12489500132476,0.12489500132476
bound,-0.12490061751450109,0.12490061751450109
axios,-0.12491293354205595,0.12491293354205595
est ce,-0.12493932106617635,0.12493932106617635
lot sense,-0.1250113542427357,0.1250113542427357
tokens security,-0.12504074088863912,0.12504074088863912
tls web,-0.1250895100358972,0.1250895100358972
validation like,-0.1251209764361882,0.1251209764361882
excluded,-0.12515832829553666,0.12515832829553666
authentication encryption,-0.12519403865228715,0.12519403865228715
understanding,-0.12525406167880923,0.12525406167880923
weakness,-0.12528579323917444,0.12528579323917444
proceeding,-0.12531859310035764,0.12531859310035764
password key,-0.12533169420815604,0.12533169420815604
1mb,-0.12536341847062457,0.12536341847062457
suggestion example,-0.125364214744048,0.125364214744048
maybe just,-0.12541760075156752,0.12541760075156752
wasn needed,-0.12547156730000308,0.12547156730000308
able change,-0.12553246642111712,0.12553246642111712
case encryption,-0.12566446097357553,0.12566446097357553
twice case,-0.12566446097357556,0.12566446097357556
normally,-0.12568477977084513,0.12568477977084513
automatic,-0.12572916899370418,0.12572916899370418
hkdf,-0.12575062350211771,0.12575062350211771
monitoring,-0.12575537238804219,0.12575537238804219
generating,-0.12576243678744994,0.12576243678744994
nginx,-0.12579446459914795,0.12579446459914795
wrong,-0.12581125994249434,0.12581125994249434
revert,-0.1258302291613335,0.1258302291613335
tls secrets,-0.1258475106203979,0.1258475106203979
token configured,-0.12593677294722894,0.12593677294722894
use userid,-0.1259801206853821,0.1259801206853821
think section,-0.12600177194365403,0.12600177194365403
tokens supported,-0.12601219956091952,0.12601219956091952
acts like,-0.12608161963271042,0.12608161963271042
query param,-0.1261483206423281,0.1261483206423281
encrypted message,-0.12619501823136584,0.12619501823136584
acls,-0.12621284482519077,0.12621284482519077
secret value,-0.12623980301825305,0.12623980301825305
set false,-0.12624747134361583,0.12624747134361583
mustache,-0.12629180514846192,0.12629180514846192
thanks note,-0.12630462128924647,0.12630462128924647
note going,-0.12630462128924647,0.12630462128924647
moves,-0.12633092257134365,0.12633092257134365
secretkey,-0.12634388368574018,0.12634388368574018
token privileges,-0.12637174183295535,0.12637174183295535
obtain certificate,-0.12639447154372557,0.12639447154372557
unprivileged,-0.1264551831928962,0.1264551831928962
carries,-0.12655433507542288,0.12655433507542288
pending,-0.12662668654334572,0.12662668654334572
widget,-0.12662727173238952,0.12662727173238952
storing credentials,-0.12663707030319662,0.12663707030319662
specified policy,-0.126637227374714,0.126637227374714
encrypted string,-0.12666976874796695,0.12666976874796695
defaultmobileworkerconnector,-0.1266855219917653,0.1266855219917653
worker connector,-0.1266855219917653,0.1266855219917653
inherits defaultmobileworkerconnector,-0.1266855219917653,0.1266855219917653
connector inherits,-0.1266855219917653,0.1266855219917653
mqtt,-0.12669509319746985,0.12669509319746985
asked,-0.12676229645989098,0.12676229645989098
list,-0.12688205273212838,0.12688205273212838
fn,-0.12688820951308893,0.12688820951308893
userprofile,-0.12689216919002486,0.12689216919002486
html creating,-0.12690217383167207,0.12690217383167207
keeps,-0.12692393775612548,0.12692393775612548
redhat,-0.1269524680299464,0.1269524680299464
min,-0.1269765141251612,0.1269765141251612
128 bits,-0.12698212634487777,0.12698212634487777
bits net,-0.12698212634487777,0.12698212634487777
bits xref,-0.12698212634487777,0.12698212634487777
cluster secret,-0.12701315890238646,0.12701315890238646
blog 2018,-0.12702336723430144,0.12702336723430144
accept ssl,-0.12713884413784235,0.12713884413784235
pass encrypted,-0.1271565392641253,0.1271565392641253
token say,-0.12725353346258528,0.12725353346258528
security tls,-0.12727799496814446,0.12727799496814446
paste,-0.1273054206909684,0.1273054206909684
bosh,-0.12731626393695533,0.12731626393695533
array just,-0.1273477667917322,0.1273477667917322
__question __,-0.12734776679173224,0.12734776679173224
__question,-0.12734776679173224,0.12734776679173224
proper,-0.12741617356635568,0.12741617356635568
determining,-0.12742686906478176,0.12742686906478176
updates state,-0.12745093400891447,0.12745093400891447
pal,-0.1274924321015022,0.1274924321015022
just curious,-0.127497326082907,0.127497326082907
validation context,-0.12751339408211498,0.12751339408211498
just tested,-0.12757333660596387,0.12757333660596387
libraries,-0.12758995185177216,0.12758995185177216
authorizations,-0.1276028963668659,0.1276028963668659
server certificates,-0.12760683069642087,0.12760683069642087
shiftleft infrastructure,-0.12761793840123406,0.12761793840123406
argument shiftleft,-0.12761793840123406,0.12761793840123406
fetches security,-0.12761793840123406,0.12761793840123406
file fetches,-0.12761793840123406,0.12761793840123406
policy pull,-0.12761793840123406,0.12761793840123406
infrastructure authorized,-0.12761793840123406,0.12761793840123406
won able,-0.12764250791015863,0.12764250791015863
using credentials,-0.12769846129599094,0.12769846129599094
k8s secrets,-0.12780842051872515,0.12780842051872515
secret running,-0.1278639328963956,0.1278639328963956
exact,-0.1278756007259513,0.1278756007259513
ll spend,-0.12788169935754323,0.12788169935754323
deep,-0.12788169935754323,0.12788169935754323
amqp,-0.12794378916064986,0.12794378916064986
store tokens,-0.12796962179548244,0.12796962179548244
access encrypted,-0.12801417371568105,0.12801417371568105
different version,-0.12811724933867732,0.12811724933867732
warning password,-0.12811724933867732,0.12811724933867732
keys secrets,-0.12832713666139053,0.12832713666139053
meet,-0.12833143531426294,0.12833143531426294
code check,-0.12841005482376228,0.12841005482376228
anti,-0.12843794659856267,0.12843794659856267
iam role,-0.12844107410096983,0.12844107410096983
rx,-0.12844443868638736,0.12844443868638736
sho,-0.12850771829851132,0.12850771829851132
read file,-0.12851930710468878,0.12851930710468878
costs,-0.1286836294100087,0.1286836294100087
cluster admin,-0.12871345457944727,0.12871345457944727
use default,-0.12875264480790655,0.12875264480790655
helps user,-0.12879229997734642,0.12879229997734642
tokens don,-0.12882909563439188,0.12882909563439188
policy label,-0.12884844096271778,0.12884844096271778
black,-0.12894807307765307,0.12894807307765307
default https,-0.1289813851496243,0.1289813851496243
transactions,-0.12898347370332722,0.12898347370332722
curiosity,-0.128988334205818,0.128988334205818
sure credentials,-0.12900711545141172,0.12900711545141172
type secret,-0.12904743317332412,0.12904743317332412
provide certificates,-0.12906731171368938,0.12906731171368938
function check,-0.12907006058052845,0.12907006058052845
login form,-0.12907155435217532,0.12907155435217532
availability,-0.12910681464437712,0.12910681464437712
usable,-0.12926588346756943,0.12926588346756943
gnutls,-0.12929953161994287,0.12929953161994287
que,-0.12935775138742484,0.12935775138742484
message agree,-0.12940373213281542,0.12940373213281542
bo,-0.12941473955486463,0.12941473955486463
netdata,-0.1294262747747683,0.1294262747747683
does access,-0.12945546376324993,0.12945546376324993
page,-0.12946894635132544,0.12946894635132544
certificate creation,-0.12957716656091534,0.12957716656091534
postfix,-0.12969181883638053,0.12969181883638053
authentication needs,-0.12969909036751712,0.12969909036751712
problem need,-0.12981790149096745,0.12981790149096745
credentials permissions,-0.12988568701875464,0.12988568701875464
jwts https,-0.12991490633958505,0.12991490633958505
tokens jwts,-0.12991490633958505,0.12991490633958505
different authorization,-0.12992560789831015,0.12992560789831015
understand correctly,-0.12994258230867117,0.12994258230867117
ou,-0.12995158416504504,0.12995158416504504
password reason,-0.13000563237533044,0.13000563237533044
adding new,-0.13008638384826285,0.13008638384826285
microservice,-0.13012906945842712,0.13012906945842712
inputs,-0.13014054045396245,0.13014054045396245
step verification,-0.13014964450575997,0.13014964450575997
thought want,-0.13018719879836907,0.13018719879836907
authentication examples,-0.1302137025055783,0.1302137025055783
skaffold,-0.13023184703488838,0.13023184703488838
yes maybe,-0.13023247638721797,0.13023247638721797
exam,-0.1302675719133033,0.1302675719133033
breaks,-0.13029428252481776,0.13029428252481776
clientid,-0.13032999249515032,0.13032999249515032
yml,-0.1304854571802341,0.1304854571802341
auth method,-0.1305423283382791,0.1305423283382791
needs,-0.13056171162586233,0.13056171162586233
save token,-0.13072588772608112,0.13072588772608112
tokens generated,-0.13074762492338046,0.13074762492338046
fiat,-0.1308160252381849,0.1308160252381849
good way,-0.13087176459975158,0.13087176459975158
token invalidated,-0.1309096755431977,0.1309096755431977
related authorization,-0.13114473515989306,0.13114473515989306
secret tokens,-0.13121194352979826,0.13121194352979826
added https,-0.13121771509346825,0.13121771509346825
gcp credentials,-0.1312625375348275,0.1312625375348275
credentials testing,-0.1312735282057711,0.1312735282057711
manual tests,-0.13131452435325516,0.13131452435325516
correct error,-0.13131452435325516,0.13131452435325516
tests did,-0.13131452435325516,0.13131452435325516
collected,-0.13131792571449946,0.13131792571449946
return 403,-0.13132105717764225,0.13132105717764225
security provider,-0.13134355861084065,0.13134355861084065
ca crt,-0.13136631707802343,0.13136631707802343
relied,-0.1314259753044648,0.1314259753044648
voters,-0.13147350442751354,0.13147350442751354
encourage people,-0.13154276175096585,0.13154276175096585
weak security,-0.1315616610455517,0.1315616610455517
encrypted file,-0.1315737734439503,0.1315737734439503
configuration file,-0.13161558412266777,0.13161558412266777
hashing,-0.13162694481585133,0.13162694481585133
certbot,-0.13163973264805695,0.13163973264805695
think ok,-0.13164080987875346,0.13164080987875346
var run,-0.13168602005846736,0.13168602005846736
run secrets,-0.13168602005846736,0.13168602005846736
forked,-0.13170468926261134,0.13170468926261134
getcertificate,-0.1317235580805687,0.1317235580805687
remains,-0.13173405985113643,0.13173405985113643
tests check,-0.13181789364453356,0.13181789364453356
30,-0.13183517997237634,0.13183517997237634
author certificate,-0.13184202423452146,0.13184202423452146
result better,-0.13188347269429146,0.13188347269429146
reference config,-0.13189893771407327,0.13189893771407327
ahh,-0.1319450380151139,0.1319450380151139
users easily,-0.13197805278484095,0.13197805278484095
provide better,-0.1319801954159925,0.1319801954159925
validate kind,-0.13199457745213192,0.13199457745213192
options https,-0.13201211647448177,0.13201211647448177
specifies tls,-0.13213871965631213,0.13213871965631213
rule added,-0.13216479894688332,0.13216479894688332
maintainers created,-0.13216479894688332,0.13216479894688332
added prevent,-0.13216479894688332,0.13216479894688332
ripe maintainers,-0.13216479894688332,0.13216479894688332
created unless,-0.13216479894688332,0.13216479894688332
prevent ripe,-0.13216479894688332,0.13216479894688332
unless override,-0.13216479894688332,0.13216479894688332
increased,-0.1322136607178488,0.1322136607178488
gotta,-0.13223652472438385,0.13223652472438385
pkg pki,-0.13224038549415038,0.13224038549415038
break,-0.13224506864221677,0.13224506864221677
true authentication,-0.13224541443018176,0.13224541443018176
balancers,-0.1322513207935665,0.1322513207935665
load balancers,-0.1322513207935665,0.1322513207935665
apart security,-0.13227715357286599,0.13227715357286599
java,-0.1322849395116265,0.1322849395116265
callers,-0.13237015979271555,0.13237015979271555
rename,-0.1323860344805257,0.1323860344805257
standard way,-0.1323878432721173,0.1323878432721173
activation,-0.1323956439798684,0.1323956439798684
constants,-0.1324040194464295,0.1324040194464295
really meant,-0.13259963662761381,0.13259963662761381
thank,-0.1326396875141759,0.1326396875141759
user agent,-0.13264836596943747,0.13264836596943747
authenticated requests,-0.13266256433378792,0.13266256433378792
kubernetes kubernetes,-0.1326868745029486,0.1326868745029486
challenge,-0.1327473590728045,0.1327473590728045
authorization scheme,-0.13277371032678492,0.13277371032678492
user session,-0.1327745947275578,0.1327745947275578
succeeded,-0.13279359267252966,0.13279359267252966
makes test,-0.13289701914108282,0.13289701914108282
request auth,-0.13292909375612838,0.13292909375612838
add code,-0.13293874743792253,0.13293874743792253
revise,-0.13295775630166606,0.13295775630166606
performs,-0.13297775999294253,0.13297775999294253
coming,-0.13304188021149488,0.13304188021149488
personal access,-0.13309895969349603,0.13309895969349603
ugh,-0.13317504337672526,0.13317504337672526
privileges kibana,-0.13317504337672526,0.13317504337672526
decrypted password,-0.13320051900500993,0.13320051900500993
secret maybe,-0.13326020754158024,0.13326020754158024
sanitize value,-0.13326451600215017,0.13326451600215017
debugging,-0.13331470552390587,0.13331470552390587
concrete index,-0.13332221969175254,0.13332221969175254
changed authorization,-0.13337911767120425,0.13337911767120425
sts,-0.1333968802312964,0.1333968802312964
reluctant,-0.1334066620042889,0.1334066620042889
believe need,-0.13346707551776488,0.13346707551776488
25,-0.13348516600085447,0.13348516600085447
credentials username,-0.1334856332750649,0.1334856332750649
achievable,-0.13360379847844062,0.13360379847844062
just like,-0.13360858985954385,0.13360858985954385
user pwd,-0.13364161433275365,0.13364161433275365
authentication types,-0.13366959668421122,0.13366959668421122
decrypt methods,-0.13374341521316305,0.13374341521316305
lindgrenj6,-0.13374560588127268,0.13374560588127268
master pkg,-0.13381288288392473,0.13381288288392473
basic username,-0.13381750371560844,0.13381750371560844
change text,-0.1338416735256533,0.1338416735256533
text require,-0.1338416735256533,0.1338416735256533
authe,-0.1339155648260441,0.1339155648260441
configure,-0.1340233436253615,0.1340233436253615
password saved,-0.1340298909590274,0.1340298909590274
secret file,-0.13403546820853776,0.13403546820853776
session timeout,-0.13413632202221856,0.13413632202221856
mule,-0.13413943751544552,0.13413943751544552
does user,-0.13415182057390643,0.13415182057390643
need new,-0.13418143497039803,0.13418143497039803
github io,-0.13419079240446982,0.13419079240446982
object user,-0.13423064913939442,0.13423064913939442
native apple,-0.13423990179647782,0.13423990179647782
backend token,-0.13433551796845164,0.13433551796845164
challenge resources,-0.1343919967210459,0.1343919967210459
allows users,-0.13444288798483184,0.13444288798483184
user given,-0.1344890835605643,0.1344890835605643
tier,-0.1344890835605643,0.1344890835605643
expires,-0.13450505769656929,0.13450505769656929
authorization request,-0.13459852333368713,0.13459852333368713
tls root,-0.13460028246500044,0.13460028246500044
authorizationmode,-0.13471945915760303,0.13471945915760303
key authentication,-0.1347443402637799,0.1347443402637799
support tls,-0.1347651765650081,0.1347651765650081
false authorization,-0.1347845207116869,0.1347845207116869
expiration,-0.1348235341903652,0.1348235341903652
authentication access,-0.13484522805642737,0.13484522805642737
dnssec,-0.13486687690529617,0.13486687690529617
offending,-0.1348736854724184,0.1348736854724184
assume token,-0.13489742194988713,0.13489742194988713
heading authorization,-0.13490706288097737,0.13490706288097737
set global,-0.13494486563371652,0.13494486563371652
covers,-0.13496619062693396,0.13496619062693396
rpc,-0.13498001761226736,0.13498001761226736
44,-0.13502144152495377,0.13502144152495377
token based,-0.13509334681047655,0.13509334681047655
sessiontimeout,-0.1351755010180866,0.1351755010180866
increased security,-0.1351873111735107,0.1351873111735107
needs store,-0.13519084302013581,0.13519084302013581
errors like,-0.1352009358282417,0.1352009358282417
occurs,-0.13528168869983453,0.13528168869983453
x509 certificate,-0.13529068345309933,0.13529068345309933
maintaining,-0.13529624148888444,0.13529624148888444
retrieve token,-0.1353152391924024,0.1353152391924024
try connect,-0.1353387166752825,0.1353387166752825
response body,-0.1353648160305073,0.1353648160305073
elastic kibana,-0.13536942573886873,0.13536942573886873
permissions checks,-0.13541795097609474,0.13541795097609474
work case,-0.1354591516016353,0.1354591516016353
like idea,-0.13556845354523114,0.13556845354523114
credentials passwords,-0.13556845354523114,0.13556845354523114
proof,-0.13558050207804515,0.13558050207804515
able run,-0.13558301535122383,0.13558301535122383
samples,-0.13563851555886527,0.13563851555886527
password payload,-0.1356406880976765,0.1356406880976765
charts tree,-0.13569493907689767,0.13569493907689767
encrypt wildcard,-0.13569493907689767,0.13569493907689767
probably worth,-0.1357372827832798,0.1357372827832798
like sign,-0.13577182799360257,0.13577182799360257
significantly,-0.13579226612291356,0.13579226612291356
www elastic,-0.13580023492905863,0.13580023492905863
security privileges,-0.13580023492905863,0.13580023492905863
en elastic,-0.13580023492905863,0.13580023492905863
stack overview,-0.13580023492905863,0.13580023492905863
elastic stack,-0.13580023492905863,0.13580023492905863
overview master,-0.13580023492905863,0.13580023492905863
weird suggest,-0.13582287980490018,0.13582287980490018
res,-0.13585444566774268,0.13585444566774268
suggestion set,-0.13588726711777546,0.13588726711777546
latest meta,-0.1358896110046553,0.1358896110046553
data iam,-0.1358896110046553,0.1358896110046553
iam security,-0.1358896110046553,0.1358896110046553
signed certificate,-0.13594804331213622,0.13594804331213622
namespace namespace,-0.1359560697679332,0.1359560697679332
security plugin,-0.13598541729180166,0.13598541729180166
length constant,-0.13613550888622028,0.13613550888622028
need session,-0.1361574837532505,0.1361574837532505
groups don,-0.13615855387041292,0.13615855387041292
submitted,-0.13616641909948313,0.13616641909948313
like authentication,-0.1362240984674101,0.1362240984674101
value instead,-0.13622826856521403,0.13622826856521403
redact,-0.13622826856521403,0.13622826856521403
secret object,-0.13624923720185267,0.13624923720185267
authenticate server,-0.13625172082281892,0.13625172082281892
consider making,-0.13627827515975588,0.13627827515975588
validate id,-0.13630040834283141,0.13630040834283141
kept secret,-0.13631672906861603,0.13631672906861603
service serving,-0.1363678065297506,0.1363678065297506
django contrib,-0.13641471479347952,0.13641471479347952
contrib,-0.13641471479347952,0.13641471479347952
credentials certificate,-0.13642758465173713,0.13642758465173713
certificate stuff,-0.13642758465173713,0.13642758465173713
set user,-0.1364635357732682,0.1364635357732682
gem,-0.13647264188059566,0.13647264188059566
isn actually,-0.13648713932526035,0.13648713932526035
make default,-0.13651097847002963,0.13651097847002963
configurable,-0.13654153512969183,0.13654153512969183
nil secret,-0.13654561366756,0.13654561366756
arrive,-0.13660387276641098,0.13660387276641098
public keys,-0.13663588175972255,0.13663588175972255
role bindings,-0.13664817231574572,0.13664817231574572
pkg apis,-0.13670525515227835,0.13670525515227835
subject,-0.13673722159841054,0.13673722159841054
shipped,-0.13679116227245605,0.13679116227245605
account https,-0.1368181125938329,0.1368181125938329
needed privilege,-0.13683488556929646,0.13683488556929646
api documentation,-0.13688522582521992,0.13688522582521992
encryption keys,-0.136935051614802,0.136935051614802
09,-0.13694897747276,0.13694897747276
like encrypted,-0.1369685645802425,0.1369685645802425
check token,-0.13698231825325197,0.13698231825325197
url containing,-0.13703355305384793,0.13703355305384793
base64 encoded,-0.13704277263302467,0.13704277263302467
bit tricky,-0.13705082223979445,0.13705082223979445
default namespace,-0.13706968992000867,0.13706968992000867
iss,-0.13712463232184055,0.13712463232184055
example code,-0.13717531739613514,0.13717531739613514
hashicorp,-0.13717531739613514,0.13717531739613514
ordered,-0.1372005551575682,0.1372005551575682
need able,-0.13720270814048358,0.13720270814048358
session needed,-0.13733069829709654,0.13733069829709654
gradle properties,-0.13744314816829445,0.13744314816829445
need point,-0.13745288676872097,0.13745288676872097
validate logged,-0.13746126808172618,0.13746126808172618
maybe time,-0.13746210616910645,0.13746210616910645
completion,-0.13746445734671534,0.13746445734671534
certificate https,-0.1375570153446274,0.1375570153446274
serviceaccount,-0.13756887961850964,0.13756887961850964
validation rule,-0.13757501837620706,0.13757501837620706
webhook secrets,-0.1376191635687645,0.1376191635687645
store password,-0.1376314348192816,0.1376314348192816
certificate key,-0.13763897722226243,0.13763897722226243
secret case,-0.13764404528498445,0.13764404528498445
istio authorization,-0.13765156773135745,0.13765156773135745
creating secrets,-0.13771189876475318,0.13771189876475318
typos,-0.13777299175069962,0.13777299175069962
authenticate time,-0.13778297196711478,0.13778297196711478
zone,-0.13779787620807704,0.13779787620807704
use authenticated,-0.13782936499348525,0.13782936499348525
permission view,-0.13783104393599008,0.13783104393599008
truststore,-0.13787568357369345,0.13787568357369345
generic authorization,-0.13790567900584716,0.13790567900584716
add additional,-0.137931877936004,0.137931877936004
requests work,-0.13798387528595035,0.13798387528595035
customer using,-0.13807938997089206,0.13807938997089206
credentials file,-0.13810141991364472,0.13810141991364472
authenticated encryption,-0.13814322192672712,0.13814322192672712
cloudfoundry,-0.13817502436920684,0.13817502436920684
cmakelists,-0.13823761893839198,0.13823761893839198
cmakelists txt,-0.13823761893839198,0.13823761893839198
merely,-0.13826922354781387,0.13826922354781387
know https,-0.13836755903249628,0.13836755903249628
replace following,-0.13839646051366497,0.13839646051366497
streaming,-0.13843226135918132,0.13843226135918132
server lib,-0.13843770354110513,0.13843770354110513
original secret,-0.13845695666901542,0.13845695666901542
endpoint user,-0.13848348889134263,0.13848348889134263
cause additional,-0.1384955111263183,0.1384955111263183
pki ca,-0.13850266057818195,0.13850266057818195
old code,-0.13856175561754452,0.13856175561754452
su,-0.1386308128143775,0.1386308128143775
think ve,-0.13863259269901504,0.13863259269901504
yield,-0.13867866382954872,0.13867866382954872
browsers,-0.1386949764525775,0.1386949764525775
test test,-0.13869612425774977,0.13869612425774977
definition yaml,-0.13871681077150289,0.13871681077150289
yaml session,-0.13871681077150289,0.13871681077150289
openapi definition,-0.13871681077150289,0.13871681077150289
apikeyauth,-0.13871681077150289,0.13871681077150289
exception thrown,-0.13872026297799014,0.13872026297799014
user email,-0.13873252244683204,0.13873252244683204
validation think,-0.1388283221474071,0.1388283221474071
case change,-0.1388340367120327,0.1388340367120327
does valid,-0.13883802442980822,0.13883802442980822
ssl use,-0.13883875773910334,0.13883875773910334
afraid,-0.13887098778875032,0.13887098778875032
generate secret,-0.13887360422318,0.13887360422318
token expires,-0.13889457102067837,0.13889457102067837
ve read,-0.1389057647040501,0.1389057647040501
authentication github,-0.13898679383321963,0.13898679383321963
app js,-0.13898679383321963,0.13898679383321963
ci,-0.13902480795246527,0.13902480795246527
write read,-0.13904258295262079,0.13904258295262079
authorization attributes,-0.13911541511367417,0.13911541511367417
authentication options,-0.13916556314112247,0.13916556314112247
new privileges,-0.13917343913298152,0.13917343913298152
bcrypt,-0.13925111777721944,0.13925111777721944
bad security,-0.13925871894969075,0.13925871894969075
authorization pass,-0.1392728997937571,0.1392728997937571
sections,-0.13931217823862885,0.13931217823862885
higher,-0.13945793008406812,0.13945793008406812
sasl_plaintext,-0.13956254520844136,0.13956254520844136
authentication tests,-0.13956726678956055,0.13956726678956055
possible generate,-0.13958122515628107,0.13958122515628107
ssl using,-0.1395911636585492,0.1395911636585492
type authorization,-0.1396263604501897,0.1396263604501897
change authentication,-0.13963366951514553,0.13963366951514553
didn notice,-0.13965000152948465,0.13965000152948465
unfortunately,-0.1396533987054298,0.1396533987054298
filtering,-0.13965757383616922,0.13965757383616922
authorization middleware,-0.1396959925381267,0.1396959925381267
security add,-0.13971737077998228,0.13971737077998228
engineering,-0.1397250716883569,0.1397250716883569
information stored,-0.1397351619134563,0.1397351619134563
private registry,-0.13973652542446438,0.13973652542446438
percent,-0.13978794784126228,0.13978794784126228
things need,-0.13979148244507483,0.13979148244507483
existing token,-0.13979881939095978,0.13979881939095978
send receive,-0.13986898901150221,0.13986898901150221
send cookies,-0.13986898901150221,0.13986898901150221
figure load,-0.13990073445821588,0.13990073445821588
usb,-0.13993605291146635,0.13993605291146635
created tokens,-0.14001145933242462,0.14001145933242462
stored security,-0.14001145933242462,0.14001145933242462
certificate client,-0.14001998323957765,0.14001998323957765
text authentication,-0.14008205994705597,0.14008205994705597
sc,-0.1400941390307641,0.1400941390307641
license,-0.14011507998038064,0.14011507998038064
think better,-0.14013971569152553,0.14013971569152553
account password,-0.1401776333320958,0.1401776333320958
gives,-0.140212031120031,0.140212031120031
differentiating,-0.14022240341878422,0.14022240341878422
grained,-0.14023959002417882,0.14023959002417882
alertmanager,-0.1402399170682403,0.1402399170682403
token means,-0.14027421511059843,0.14027421511059843
security considerations,-0.14043382555773698,0.14043382555773698
cert manager,-0.1405060133482175,0.1405060133482175
successful authentication,-0.14052283535967794,0.14052283535967794
rename security,-0.14060547830415887,0.14060547830415887
downgrade,-0.14062795660761074,0.14062795660761074
downgrade attacks,-0.14062795660761074,0.14062795660761074
authenticat,-0.14078225861054242,0.14078225861054242
isn type,-0.14082623209115386,0.14082623209115386
saml2 token,-0.1408421740272263,0.1408421740272263
saml2,-0.1408421740272263,0.1408421740272263
au,-0.140927912764308,0.140927912764308
wires,-0.14094635882838458,0.14094635882838458
think read,-0.14096140747986985,0.14096140747986985
similar don,-0.14098484388162877,0.14098484388162877
403 forbidden,-0.1410121857905971,0.1410121857905971
ve added,-0.1410628108573025,0.1410628108573025
using authentication,-0.14107560481345194,0.14107560481345194
validation need,-0.14110285477741866,0.14110285477741866
passwords example,-0.14113607767588932,0.14113607767588932
authorization type,-0.14114884776353956,0.14114884776353956
running,-0.1411708091263291,0.1411708091263291
file authentication,-0.1411865756814739,0.1411865756814739
wrapper,-0.14136489785941467,0.14136489785941467
mandatory,-0.14138782306430123,0.14138782306430123
suggest change,-0.14140405077172072,0.14140405077172072
site id,-0.14146808333192232,0.14146808333192232
given site,-0.14146808333192232,0.14146808333192232
header maybe,-0.14148112636101762,0.14148112636101762
custom,-0.14156175796918297,0.14156175796918297
password config,-0.14156678778819382,0.14156678778819382
domain controller,-0.14156705562116104,0.14156705562116104
security reasons,-0.14157621038733476,0.14157621038733476
mattermost,-0.14158077880640085,0.14158077880640085
local variable,-0.14158100069600574,0.14158100069600574
secure sockets,-0.14161595487190723,0.14161595487190723
correctly,-0.1416389154838807,0.1416389154838807
src net,-0.14164744420491412,0.14164744420491412
dummy,-0.14165451025030207,0.14165451025030207
hadoop,-0.14165651290206754,0.14165651290206754
login session,-0.14171082002158827,0.14171082002158827
fatal,-0.14171227084106056,0.14171227084106056
merge,-0.14180952155027116,0.14180952155027116
ll try,-0.14189406009614555,0.14189406009614555
mytardis,-0.1419290746308687,0.1419290746308687
onion,-0.14195956116927005,0.14195956116927005
registry credentials,-0.1419970634682136,0.1419970634682136
authentication failure,-0.14201981858996307,0.14201981858996307
provenance,-0.1420389418719792,0.1420389418719792
authenticated token,-0.1420903180590811,0.1420903180590811
required authorization,-0.14209256606279144,0.14209256606279144
https laravel,-0.14213857958503107,0.14213857958503107
laravel com,-0.14213857958503107,0.14213857958503107
performance,-0.1421407786915439,0.1421407786915439
setting permissions,-0.14214345273417106,0.14214345273417106
main goal,-0.1421990256573735,0.1421990256573735
way think,-0.14220262329533687,0.14220262329533687
callback,-0.142204282400125,0.142204282400125
delete entry,-0.1422044445281741,0.1422044445281741
line tools,-0.14222072991587412,0.14222072991587412
data input,-0.14233164833970385,0.14233164833970385
generic,-0.14236381551371646,0.14236381551371646
want add,-0.14236746298756087,0.14236746298756087
make change,-0.14238423772301018,0.14238423772301018
endpoint authorization,-0.14240046604812895,0.14240046604812895
transit,-0.1424389855999183,0.1424389855999183
disabled default,-0.1425521038578816,0.1425521038578816
suites,-0.14264463153182344,0.14264463153182344
guard,-0.14272728113699054,0.14272728113699054
permissions security,-0.14274562301770508,0.14274562301770508
encryption service,-0.14275074363085624,0.14275074363085624
email email,-0.14275127370860827,0.14275127370860827
models,-0.14283856483596108,0.14283856483596108
auth type,-0.14286534783713353,0.14286534783713353
message authorization,-0.1428728353019412,0.1428728353019412
discord,-0.1428906317083019,0.1428906317083019
scheme,-0.14304611073659923,0.14304611073659923
encode,-0.1430658689770793,0.1430658689770793
owns,-0.14315532406406298,0.14315532406406298
storing files,-0.14317104294401062,0.14317104294401062
vsts,-0.14318244000178837,0.14318244000178837
interesting add,-0.14318675113360954,0.14318675113360954
authentication new,-0.1432243511162906,0.1432243511162906
new time,-0.1432243511162906,0.1432243511162906
authorization configuration,-0.14326394657847105,0.14326394657847105
accesstoken,-0.14338697036203774,0.14338697036203774
request based,-0.14343036267015796,0.14343036267015796
sure storage,-0.14345735799550668,0.14345735799550668
use oauth,-0.14347647911634195,0.14347647911634195
secrets don,-0.14350073837297006,0.14350073837297006
nice simple,-0.14350184536045327,0.14350184536045327
amqps,-0.14350184536045327,0.14350184536045327
makes,-0.14352440963657118,0.14352440963657118
devise,-0.14353454694109127,0.14353454694109127
file path,-0.14359151271898984,0.14359151271898984
return credentials,-0.14368058819981483,0.14368058819981483
actually using,-0.1436946022478471,0.1436946022478471
token permissions,-0.14376801202529624,0.14376801202529624
gke,-0.1437778970482719,0.1437778970482719
handy,-0.14379410781833182,0.14379410781833182
social_auth,-0.14390028598138668,0.14390028598138668
balancer,-0.14392477554472458,0.14392477554472458
validations,-0.14398051822976235,0.14398051822976235
recreate,-0.14398621559491798,0.14398621559491798
apiserver,-0.14402178026476456,0.14402178026476456
tls certificate,-0.14405185440589377,0.14405185440589377
places like,-0.14406937255826877,0.14406937255826877
okhttp,-0.14408052688829145,0.14408052688829145
requirement,-0.14411886643958485,0.14411886643958485
credential instead,-0.14418107244164516,0.14418107244164516
mark,-0.14420818878208444,0.14420818878208444
huge number,-0.1442447444924795,0.1442447444924795
basically need,-0.1442554844257221,0.1442554844257221
dashboard page,-0.14428373670277259,0.14428373670277259
api auth,-0.14437904576521313,0.14437904576521313
trust,-0.14441218032841235,0.14441218032841235
rewrite line,-0.14447094509289898,0.14447094509289898
worst,-0.144522804655765,0.144522804655765
object just,-0.14455674394194715,0.14455674394194715
linking,-0.1447049669649294,0.1447049669649294
hours,-0.14473566681831493,0.14473566681831493
jira,-0.1447576764901526,0.1447576764901526
way like,-0.14478647386612858,0.14478647386612858
appended,-0.14478987850586927,0.14478987850586927
work trying,-0.14479417884326098,0.14479417884326098
emails,-0.14479701615730975,0.14479701615730975
encrypter,-0.1448062768265112,0.1448062768265112
circumstances,-0.1448423390818677,0.1448423390818677
file auth,-0.14489065398578044,0.14489065398578044
stored configuration,-0.14489065398578044,0.14489065398578044
configauthstoreprovider authenticates,-0.14489065398578044,0.14489065398578044
based usernames,-0.14489065398578044,0.14489065398578044
authenticates based,-0.14489065398578044,0.14489065398578044
option set,-0.1449166756890527,0.1449166756890527
private method,-0.14496983956909845,0.14496983956909845
suggestion policy,-0.1449731198703759,0.1449731198703759
encryption https,-0.14499718749395596,0.14499718749395596
repetition,-0.14499856395107252,0.14499856395107252
oauth tokens,-0.1450767420540927,0.1450767420540927
trouble,-0.14507747079532904,0.14507747079532904
token username,-0.14509863249691177,0.14509863249691177
url,-0.1451308917634984,0.1451308917634984
doesn change,-0.14515522224801825,0.14515522224801825
sure mean,-0.1452370916389377,0.1452370916389377
token included,-0.14524725754881262,0.14524725754881262
default secret,-0.1453916768775695,0.1453916768775695
uploads,-0.1454478968854778,0.1454478968854778
suggestion credentials,-0.14545614511847735,0.14545614511847735
add support,-0.1454846213751847,0.1454846213751847
think case,-0.14550599307467396,0.14550599307467396
clusters,-0.14552808666255942,0.14552808666255942
paragraphs,-0.14558367843173378,0.14558367843173378
individual users,-0.145679748020558,0.145679748020558
base admin,-0.14572375262084256,0.14572375262084256
aes 256,-0.14575362673087278,0.14575362673087278
problematic,-0.14578185455882153,0.14578185455882153
assumed,-0.14578424689244462,0.14578424689244462
security setting,-0.14579109394882864,0.14579109394882864
ss,-0.1458383640484571,0.1458383640484571
exercisebykey,-0.14599125643240424,0.14599125643240424
related tests,-0.14600380781699518,0.14600380781699518
perfectly,-0.14604383684486416,0.14604383684486416
permission maybe,-0.14604701248497046,0.14604701248497046
think say,-0.14610918022749309,0.14610918022749309
keychain,-0.14614569535725852,0.14614569535725852
openapi,-0.14618586567668543,0.14618586567668543
default values,-0.14621430589468207,0.14621430589468207
don understand,-0.1462281128982758,0.1462281128982758
names secrets,-0.14622957382211338,0.14622957382211338
don make,-0.14623604802035825,0.14623604802035825
fine want,-0.14641424268089423,0.14641424268089423
authentication type,-0.14644136094265847,0.14644136094265847
assuming,-0.14647076774046563,0.14647076774046563
use instead,-0.1464718111036703,0.1464718111036703
evaluate,-0.14648799750932887,0.14648799750932887
timing,-0.14650228611988958,0.14650228611988958
hadoop security,-0.1465043962320366,0.1465043962320366
authentication doesn,-0.1465197414335386,0.1465197414335386
aspnet,-0.14652000699701903,0.14652000699701903
renew,-0.14662122903482794,0.14662122903482794
wrong generally,-0.14667954849786757,0.14667954849786757
ddf,-0.14679045914387656,0.14679045914387656
prefer secret,-0.14701169470208117,0.14701169470208117
question,-0.14710039754832355,0.14710039754832355
legacy,-0.14718692368145594,0.14718692368145594
aad,-0.1472242054722544,0.1472242054722544
distributor,-0.14726977484303824,0.14726977484303824
distributor certificate,-0.14726977484303824,0.14726977484303824
les,-0.14730238496694287,0.14730238496694287
actually run,-0.14748566553212092,0.14748566553212092
ec2,-0.14752169233292334,0.14752169233292334
datadog,-0.14752479105409969,0.14752479105409969
did mean,-0.14757158075848623,0.14757158075848623
instead let,-0.1475741183527489,0.1475741183527489
authentication definitely,-0.14762689879490368,0.14762689879490368
defined,-0.14765723719479162,0.14765723719479162
require tls,-0.1476630066917709,0.1476630066917709
instead relying,-0.147667052991607,0.147667052991607
organization administrators,-0.1477158035653868,0.1477158035653868
relationship,-0.14773349469671318,0.14773349469671318
data values,-0.14774396739662174,0.14774396739662174
ve reverted,-0.14788921411262856,0.14788921411262856
reverted,-0.14788921411262856,0.14788921411262856
swagger,-0.14794256897714783,0.14794256897714783
strength,-0.14808303149444849,0.14808303149444849
argon2,-0.14815426974904491,0.14815426974904491
think handled,-0.14818993959502788,0.14818993959502788
manipulate,-0.14824020489494583,0.14824020489494583
devs access,-0.14826640752059106,0.14826640752059106
option secret,-0.14830990994940943,0.14830990994940943
easier,-0.1483118589222249,0.1483118589222249
new tab,-0.1483280557296537,0.1483280557296537
insight,-0.1485148227433803,0.1485148227433803
rewrite,-0.14854667403765948,0.14854667403765948
workloads,-0.14861459918740574,0.14861459918740574
following code,-0.14864208020349878,0.14864208020349878
cryptography pkcs,-0.14871442009186103,0.14871442009186103
user login,-0.14872124131084888,0.14872124131084888
eventbrite,-0.14876549806536432,0.14876549806536432
token missing,-0.14879195208514662,0.14879195208514662
authorization list,-0.14884611775615858,0.14884611775615858
edit,-0.14888176391508398,0.14888176391508398
diagram,-0.14892725266491205,0.14892725266491205
receive token,-0.1489554287252046,0.1489554287252046
integrated,-0.14898369879594897,0.14898369879594897
string function,-0.1490461752071278,0.1490461752071278
request oauth,-0.1490807368868189,0.1490807368868189
asp,-0.1491017273949311,0.1491017273949311
asp net,-0.1491017273949311,0.1491017273949311
private keys,-0.14914739197304105,0.14914739197304105
kotlin,-0.14916038427632694,0.14916038427632694
com code,-0.14923218201631805,0.14923218201631805
request requiresauthentication,-0.1492518116089642,0.1492518116089642
requiresauthentication,-0.1492518116089642,0.1492518116089642
vtex,-0.14933326355660753,0.14933326355660753
authentication option,-0.1494457003506318,0.1494457003506318
string field,-0.14950661826346495,0.14950661826346495
server cert,-0.14951920956500497,0.14951920956500497
public certificate,-0.14955388022870864,0.14955388022870864
atomic,-0.14959547202813583,0.14959547202813583
used different,-0.14960396291788097,0.14960396291788097
support session,-0.14962271252812454,0.14962271252812454
isn code,-0.14964430778834495,0.14964430778834495
speed,-0.14972341117350654,0.14972341117350654
imp,-0.14973482812206146,0.14973482812206146
jodh,-0.14974839972152573,0.14974839972152573
jodh intel,-0.14974839972152573,0.14974839972152573
extended,-0.14976031332110576,0.14976031332110576
certificate server,-0.14978958020657865,0.14978958020657865
based access,-0.14979898716983367,0.14979898716983367
accou,-0.1498039949075384,0.1498039949075384
eu,-0.14982137485308675,0.14982137485308675
didn think,-0.14988489860982632,0.14988489860982632
token exception,-0.14989808868204588,0.14989808868204588
endpoint returns,-0.14990185858055405,0.14990185858055405
kwargs,-0.14996613970660375,0.14996613970660375
code removed,-0.1500141471979632,0.1500141471979632
permissions html,-0.1500615259792312,0.1500615259792312
null,-0.15007168679615784,0.15007168679615784
odoo,-0.1501384986929539,0.1501384986929539
catching,-0.15017949709619052,0.15017949709619052
security node,-0.15018126077366814,0.15018126077366814
hmm,-0.15020016746883064,0.15020016746883064
retried,-0.15024457845720632,0.15024457845720632
use cookie,-0.15032372216533857,0.15032372216533857
sizes,-0.1503319257124093,0.1503319257124093
matched,-0.15037321871397652,0.15037321871397652
familiar,-0.15038822816579306,0.15038822816579306
users want,-0.15039807282780096,0.15039807282780096
contains shared,-0.15040898784955392,0.15040898784955392
ministryofjustice,-0.1505157658969179,0.1505157658969179
places,-0.15051949338502907,0.15051949338502907
makes sense,-0.15057775166536272,0.15057775166536272
microsoft authorization,-0.15061002062515555,0.15061002062515555
prov,-0.15061443113947304,0.15061443113947304
login flow,-0.15064158582002968,0.15064158582002968
support using,-0.15066300376389827,0.15066300376389827
ca certificates,-0.15067209165758194,0.15067209165758194
innodb_encrypt_tables,-0.1506998126408959,0.1506998126408959
unencrypted session,-0.1506998126408959,0.1506998126408959
authorization cluster,-0.15073477510780747,0.15073477510780747
test coverage,-0.15085147040888106,0.15085147040888106
database user,-0.15087968502972107,0.15087968502972107
planet,-0.15090875356983718,0.15090875356983718
test work,-0.1509304550605718,0.1509304550605718
make request,-0.15093909688356028,0.15093909688356028
authenticates user,-0.15097614145816304,0.15097614145816304
decorated,-0.15100729523808254,0.15100729523808254
locate,-0.1510386567509743,0.1510386567509743
remove validation,-0.1510731323107412,0.1510731323107412
sender,-0.15111755299105076,0.15111755299105076
oauth authorization,-0.15124052236456018,0.15124052236456018
won api,-0.1512708452653334,0.1512708452653334
sure think,-0.15129651454648685,0.15129651454648685
gradle,-0.15138335433903358,0.15138335433903358
checking password,-0.15140566219641372,0.15140566219641372
doesn know,-0.15147658016821694,0.15147658016821694
app,-0.1515108074654912,0.1515108074654912
dotnet corefx,-0.15160238827374006,0.15160238827374006
corefx blob,-0.15160238827374006,0.15160238827374006
basically,-0.15161086652375258,0.15161086652375258
use req,-0.15164632990663104,0.15164632990663104
enabling disabling,-0.15164647769636963,0.15164647769636963
user technically,-0.15165538114482424,0.15165538114482424
manager ssl,-0.1516562035461783,0.1516562035461783
config authentication,-0.15167139108391925,0.15167139108391925
internationalization,-0.15169403085414526,0.15169403085414526
ddo,-0.1517841947957914,0.1517841947957914
recommendations,-0.15183971154621123,0.15183971154621123
www postgresql,-0.15193915738385888,0.15193915738385888
postgresql org,-0.15193915738385888,0.15193915738385888
validation prevent,-0.15202343994702328,0.15202343994702328
encrypted need,-0.1520640476099201,0.1520640476099201
tls clients,-0.1520779735899152,0.1520779735899152
blocker,-0.15219326666994207,0.15219326666994207
certificates possible,-0.1521938143926198,0.1521938143926198
typehint,-0.152356837867275,0.152356837867275
webhook token,-0.15235931975302028,0.15235931975302028
read password,-0.15246150698033087,0.15246150698033087
400ms,-0.15246404488203982,0.15246404488203982
env var,-0.15249400367378949,0.15249400367378949
auditing,-0.15251199922197464,0.15251199922197464
bringing,-0.15253711860008817,0.15253711860008817
certificates keys,-0.15260159652729852,0.15260159652729852
jupyter,-0.15263659139889849,0.15263659139889849
oob,-0.15265253123533032,0.15265253123533032
13,-0.15265330345254222,0.15265330345254222
validation place,-0.15267635634687854,0.15267635634687854
start,-0.15268958346570008,0.15268958346570008
suggestion environments,-0.1527607605706972,0.1527607605706972
environments authorization,-0.1527607605706972,0.1527607605706972
helps test,-0.1527607605706972,0.1527607605706972
task helps,-0.1527607605706972,0.1527607605706972
wide,-0.15277147484147113,0.15277147484147113
verify encrypt,-0.15281287551294231,0.15281287551294231
launch,-0.15282041868277044,0.15282041868277044
2013067,-0.15283595280944767,0.15283595280944767
prid 2013067,-0.15283595280944767,0.15283595280944767
redirects,-0.1529611828753308,0.1529611828753308
error invalid,-0.15300246867026193,0.15300246867026193
remove authentication,-0.1530112567161739,0.1530112567161739
allocate,-0.15310237955580755,0.15310237955580755
unset,-0.15312324385589784,0.15312324385589784
cumulus,-0.15322442026010263,0.15322442026010263
inherits,-0.15324560225462547,0.15324560225462547
publickey,-0.15327214111027337,0.15327214111027337
length 80,-0.15327377578341222,0.15327377578341222
code calls,-0.15331680234229628,0.15331680234229628
didn want,-0.15331680234229628,0.15331680234229628
probably say,-0.1533909998569948,0.1533909998569948
enforce,-0.15347636238998988,0.15347636238998988
hardware security,-0.15350522272464456,0.15350522272464456
commits,-0.1535527068501135,0.1535527068501135
passing,-0.15357837436389465,0.15357837436389465
connection used,-0.15376129089432855,0.15376129089432855
devices,-0.1538158877440568,0.1538158877440568
53,-0.15384378833085421,0.15384378833085421
set tls,-0.15385395616251002,0.15385395616251002
snapshots,-0.15391881280818318,0.15391881280818318
gets used,-0.15393869916364364,0.15393869916364364
http basic,-0.1540440539852406,0.1540440539852406
authentication work,-0.15407367141031753,0.15407367141031753
seeds,-0.15410439543465088,0.15410439543465088
coupling,-0.15415971249048038,0.15415971249048038
preferences,-0.15418220756654524,0.15418220756654524
committed,-0.15422838512078998,0.15422838512078998
decode,-0.1542306855696085,0.1542306855696085
sensitive operations,-0.15423512672190448,0.15423512672190448
default need,-0.15427587558629174,0.15427587558629174
deps,-0.15427587558629174,0.15427587558629174
org code,-0.1542759369876342,0.1542759369876342
org blob,-0.1542759369876342,0.1542759369876342
administrators,-0.15433536909528245,0.15433536909528245
new pr,-0.1545369136863102,0.1545369136863102
null need,-0.15458255813986943,0.15458255813986943
correct mean,-0.154636743965589,0.154636743965589
read correctly,-0.15464300343770016,0.15464300343770016
checklist,-0.15466290118409767,0.15466290118409767
calls just,-0.1547009180892511,0.1547009180892511
secure think,-0.15471471554610436,0.15471471554610436
little say,-0.15473727016149716,0.15473727016149716
saw,-0.15474154236187895,0.15474154236187895
hey,-0.15477452181231185,0.15477452181231185
user disabled,-0.15479291582385904,0.15479291582385904
maintains,-0.15479893469607273,0.15479893469607273
pkcs,-0.1548456163171543,0.1548456163171543
spiffe,-0.1548720954327815,0.1548720954327815
microsoft authentication,-0.1549026994557407,0.1549026994557407
com azuread,-0.1549026994557407,0.1549026994557407
azuread microsoft,-0.1549026994557407,0.1549026994557407
azuread,-0.1549026994557407,0.1549026994557407
just user,-0.15492901614571586,0.15492901614571586
elastic guide,-0.1549635125948408,0.1549635125948408
kubernetes secrets,-0.15505644876463523,0.15505644876463523
backends,-0.1551072633255964,0.1551072633255964
session tickets,-0.1551844890814494,0.1551844890814494
cf https,-0.15522987363365465,0.15522987363365465
using personal,-0.15525370607719838,0.15525370607719838
__init__ self,-0.1552989032644727,0.1552989032644727
square brackets,-0.1553028994590985,0.1553028994590985
provided user,-0.1553382525481778,0.1553382525481778
didn know,-0.15543823525496525,0.15543823525496525
prefer,-0.15546948853234682,0.15546948853234682
wildcard certificates,-0.15559902327903674,0.15559902327903674
roles permissions,-0.1556451372011545,0.1556451372011545
ssl session,-0.15572928384610066,0.15572928384610066
gaining,-0.15573344436795017,0.15573344436795017
way make,-0.15578853543906912,0.15578853543906912
password like,-0.1558761991645939,0.1558761991645939
sure really,-0.15588830226322362,0.15588830226322362
secrets environment,-0.15590000544828983,0.15590000544828983
require password,-0.15603327028986066,0.15603327028986066
docs https,-0.15605621674756648,0.15605621674756648
captain,-0.15610942720516222,0.15610942720516222
captain authorization,-0.15610942720516224,0.15610942720516224
rephrase like,-0.15616605217638707,0.15616605217638707
grab,-0.15617975044894117,0.15617975044894117
changing api,-0.15624192156534183,0.15624192156534183
strong,-0.15633464326722915,0.15633464326722915
com symfony,-0.15638163301144625,0.15638163301144625
maybe add,-0.15641520067308853,0.15641520067308853
workunit,-0.15642122673377892,0.15642122673377892
metastore,-0.15647433272407357,0.15647433272407357
driver,-0.15648588593412469,0.15648588593412469
button appears,-0.15657063410981376,0.15657063410981376
opaque string,-0.1565796036976415,0.1565796036976415
print credentials,-0.15661178329387515,0.15661178329387515
user_,-0.15666069788915957,0.15666069788915957
ll make,-0.15668156210284012,0.15668156210284012
weaknesses,-0.1566832606161089,0.1566832606161089
minute,-0.15672431063708878,0.15672431063708878
kv,-0.15676838546143312,0.15676838546143312
ugly,-0.15677769076750306,0.15677769076750306
user instead,-0.15683522196637556,0.15683522196637556
solely,-0.15693315289669837,0.15693315289669837
definitions,-0.1570105861238256,0.1570105861238256
set credentials,-0.15701509245891027,0.15701509245891027
reached,-0.1571947246402379,0.1571947246402379
storing secrets,-0.157246732693426,0.157246732693426
region,-0.15728427432221004,0.15728427432221004
security configuration,-0.1573475605416296,0.1573475605416296
enabled security,-0.15743632071889962,0.15743632071889962
user info,-0.15747184740726478,0.15747184740726478
authentication library,-0.15754821639957278,0.15754821639957278
added condition,-0.157552324123899,0.157552324123899
decrypt secrets,-0.15757234751950552,0.15757234751950552
think way,-0.15770318688086432,0.15770318688086432
plugin,-0.15771467993591828,0.15771467993591828
uses http,-0.15772852131009743,0.15772852131009743
security let,-0.15776731504754188,0.15776731504754188
authenticati,-0.15779250420293903,0.15779250420293903
validate input,-0.15779666621885433,0.15779666621885433
example like,-0.15786311268047346,0.15786311268047346
upgrades,-0.1579002405180959,0.1579002405180959
exact error,-0.15802290319393383,0.15802290319393383
token effectively,-0.15808342773692283,0.15808342773692283
mono,-0.15808881508612446,0.15808881508612446
usually means,-0.15816782533080848,0.15816782533080848
loading,-0.15821254619957326,0.15821254619957326
user limited,-0.15825801189416516,0.15825801189416516
suggestion starting,-0.15827784586177895,0.15827784586177895
genuine,-0.15832231974369626,0.15832231974369626
connect server,-0.15836219253076564,0.15836219253076564
zookeeper,-0.15840199377233577,0.15840199377233577
yaml file,-0.1584058005945229,0.1584058005945229
really confusing,-0.15842610487415928,0.15842610487415928
github,-0.1584270281941198,0.1584270281941198
mentioned earlier,-0.15846155680265828,0.15846155680265828
basis,-0.15848039194952568,0.15848039194952568
test files,-0.1585034930594272,0.1585034930594272
decryption encryption,-0.15857816607955605,0.15857816607955605
com dotnet,-0.15868517476181368,0.15868517476181368
solutions,-0.15870496203090378,0.15870496203090378
describes,-0.15875046240591034,0.15875046240591034
secretsessionmanager,-0.15877131209128917,0.15877131209128917
accesses,-0.15880748004117193,0.15880748004117193
using environment,-0.1589053913819119,0.1589053913819119
don,-0.15895138611004828,0.15895138611004828
mvc core,-0.15902482002864785,0.15902482002864785
oauth proxy,-0.15905976022184798,0.15905976022184798
start authorization,-0.15909310235695062,0.15909310235695062
suggest adding,-0.1591290020306321,0.1591290020306321
using mutual,-0.1592432845348999,0.1592432845348999
logon,-0.15930560612536634,0.15930560612536634
api validation,-0.15932731434685152,0.15932731434685152
cause issues,-0.15934245439058684,0.15934245439058684
delegate,-0.15935397096824955,0.15935397096824955
used authentication,-0.15940877847917972,0.15940877847917972
ssl certs,-0.1594609015814737,0.1594609015814737
like logic,-0.1594884906693268,0.1594884906693268
spring security,-0.15952599324069194,0.15952599324069194
hard,-0.15967626634641366,0.15967626634641366
allow authenticate,-0.15970372201233474,0.15970372201233474
secrets allow,-0.15970372201233474,0.15970372201233474
check don,-0.15972668881466642,0.15972668881466642
view information,-0.15978503942425976,0.15978503942425976
token session,-0.15985318807068974,0.15985318807068974
try figure,-0.1598802741446208,0.1598802741446208
model simple,-0.15990211457652886,0.15990211457652886
noted,-0.16015292719898822,0.16015292719898822
isn validation,-0.16026565041028284,0.16026565041028284
work fine,-0.16035564846545147,0.16035564846545147
don use,-0.16035967635559223,0.16035967635559223
token balance,-0.16044983743793442,0.16044983743793442
stricter,-0.16046117163630494,0.16046117163630494
simplified,-0.16047843497882622,0.16047843497882622
token password,-0.16048203328143415,0.16048203328143415
like credential,-0.16051279453775233,0.16051279453775233
client credentials,-0.16058262208741692,0.16058262208741692
metrics,-0.1605910886778048,0.1605910886778048
solution support,-0.16060906949273232,0.16060906949273232
script think,-0.16067103080865106,0.16067103080865106
19,-0.1607046771011078,0.1607046771011078
user doesn,-0.16070864637548188,0.16070864637548188
policy file,-0.16072501740601272,0.16072501740601272
add text,-0.16073167236608485,0.16073167236608485
https pypi,-0.16080566943357213,0.16080566943357213
pypi org,-0.16080566943357213,0.16080566943357213
nix,-0.16081898394491048,0.16081898394491048
include credentials,-0.16083389638204337,0.16083389638204337
test case,-0.1609264897697142,0.1609264897697142
supplying,-0.16095226999810866,0.16095226999810866
secret leakage,-0.16096581038932548,0.16096581038932548
secret constructor,-0.16097528214334783,0.16097528214334783
crd,-0.16098084904420892,0.16098084904420892
forwarded,-0.16108211561503388,0.16108211561503388
recommends,-0.16111060401609897,0.16111060401609897
keyring,-0.16112960343688604,0.16112960343688604
example,-0.16116499867657547,0.16116499867657547
prompted password,-0.1612011412181351,0.1612011412181351
login credentials,-0.16120965748033123,0.16120965748033123
test passes,-0.16131854253700895,0.16131854253700895
dialing,-0.16133970467812128,0.16133970467812128
help text,-0.161345848000413,0.161345848000413
hmm just,-0.16135715409510892,0.16135715409510892
users authenticate,-0.16142946745032047,0.16142946745032047
http authentication,-0.1614464844605369,0.1614464844605369
case don,-0.16146100846561284,0.16146100846561284
bolt,-0.16146948794667315,0.16146948794667315
gardener,-0.16148956684461888,0.16148956684461888
strongly recommended,-0.16151937803657604,0.16151937803657604
python,-0.1615262686994839,0.1615262686994839
authorization permissive,-0.16153867078387224,0.16153867078387224
credit,-0.16159822233489535,0.16159822233489535
does include,-0.16160116601938276,0.16160116601938276
fiware org,-0.1616297471695007,0.1616297471695007
lab fiware,-0.1616297471695007,0.1616297471695007
password https,-0.1617494517794921,0.1617494517794921
timing attacks,-0.16175003797055973,0.16175003797055973
keys used,-0.161765408255076,0.161765408255076
port,-0.161783017627522,0.161783017627522
does enable,-0.16180105331937628,0.16180105331937628
authlib,-0.16180709542834706,0.16180709542834706
validation different,-0.16181265607373685,0.16181265607373685
non,-0.16183739848241913,0.16183739848241913
verification token,-0.1618541080875662,0.1618541080875662
key amazon,-0.16186769170880166,0.16186769170880166
common use,-0.1619047281535421,0.1619047281535421
log,-0.161926195337217,0.161926195337217
aws amazon,-0.16195064961009645,0.16195064961009645
amazon com,-0.16195064961009645,0.16195064961009645
authenticate users,-0.1619798150516105,0.1619798150516105
cert secret,-0.1619828807438579,0.1619828807438579
50,-0.16198909388339694,0.16198909388339694
days,-0.16200655211110623,0.16200655211110623
header oauth,-0.16204538655617512,0.16204538655617512
transportcredentials,-0.16204599685054022,0.16204599685054022
cryptographic source,-0.16206853622392595,0.16206853622392595
fait,-0.1620971614030829,0.1620971614030829
privileges html,-0.16218178382892684,0.16218178382892684
rancher,-0.16222829835648062,0.16222829835648062
permissions needed,-0.16229221273682345,0.16229221273682345
common src,-0.16233602855477114,0.16233602855477114
validation check,-0.16236875966379147,0.16236875966379147
permissions need,-0.16238761138578123,0.16238761138578123
corresponds,-0.16239774597114576,0.16239774597114576
commercial,-0.1624830978742484,0.1624830978742484
password asterisk,-0.1625141175884548,0.1625141175884548
skipping,-0.16252953853041263,0.16252953853041263
yes possible,-0.16253490599064171,0.16253490599064171
sensitive,-0.16267084028174608,0.16267084028174608
openid,-0.16270012092700212,0.16270012092700212
javadoc,-0.1627776120454532,0.1627776120454532
available need,-0.16279339520192834,0.16279339520192834
amazon calls,-0.16285304337899578,0.16285304337899578
security key,-0.16285304337899578,0.16285304337899578
token json,-0.1628708932014429,0.1628708932014429
security user,-0.16289826190148118,0.16289826190148118
spring,-0.16295844884568395,0.16295844884568395
api access,-0.16300369503018092,0.16300369503018092
deny,-0.16314749023341105,0.16314749023341105
did change,-0.16332516511381895,0.16332516511381895
control authorization,-0.16336190993728072,0.16336190993728072
later change,-0.16337553509548633,0.16337553509548633
yes thing,-0.16337553509548633,0.16337553509548633
saved object,-0.16339770940929477,0.16339770940929477
serving,-0.16345776920197438,0.16345776920197438
send notification,-0.1635688207957059,0.1635688207957059
boulder,-0.16356894369577735,0.16356894369577735
running tests,-0.1636068738597911,0.1636068738597911
dot,-0.16362337753226028,0.16362337753226028
authorization disabled,-0.16364518193703972,0.16364518193703972
add token,-0.1636754089509394,0.1636754089509394
jenkins io,-0.16368751358690153,0.16368751358690153
https jenkins,-0.16368751358690153,0.16368751358690153
names,-0.16374193190301264,0.16374193190301264
ends,-0.16376156314848994,0.16376156314848994
asking,-0.16392893687312124,0.16392893687312124
doing sort,-0.16393966377415736,0.16393966377415736
phone number,-0.16398268274846442,0.16398268274846442
think clear,-0.16402283969441808,0.16402283969441808
validation does,-0.16407424335313708,0.16407424335313708
permission use,-0.16414428610003493,0.16414428610003493
return null,-0.16417100480157945,0.16417100480157945
docs aws,-0.16419713603774524,0.16419713603774524
secret credentials,-0.1642229549576564,0.1642229549576564
fastly,-0.1643441404297433,0.1643441404297433
cookie authentication,-0.16435346514725713,0.16435346514725713
ist,-0.1644816976672256,0.1644816976672256
security just,-0.16453859687084554,0.16453859687084554
validation sanitization,-0.16455300128949507,0.16455300128949507
net_admin,-0.16455997511561465,0.16455997511561465
successful login,-0.164569050561481,0.164569050561481
defines,-0.1646233892661114,0.1646233892661114
user names,-0.1646527096938519,0.1646527096938519
com azure,-0.1646695155572395,0.1646695155572395
kibana,-0.16477348017092203,0.16477348017092203
chapter,-0.1649502917075461,0.1649502917075461
path policy,-0.16505198645247202,0.16505198645247202
properties changed,-0.16506491151781746,0.16506491151781746
permission adding,-0.1650705832052375,0.1650705832052375
secure using,-0.1651294058802604,0.1651294058802604
ctor,-0.16513792515415043,0.16513792515415043
customization,-0.16516193213182825,0.16516193213182825
ssl requires,-0.16518208064825385,0.16518208064825385
meg,-0.16518208064825385,0.16518208064825385
apiversion,-0.165227815993732,0.165227815993732
variables travis,-0.16526699078135018,0.16526699078135018
end encrypted,-0.16530026882450194,0.16530026882450194
certificate fails,-0.1653526490710525,0.1653526490710525
used just,-0.16540953901481592,0.16540953901481592
target authorization,-0.16541815684325517,0.16541815684325517
override,-0.16557139175455118,0.16557139175455118
know access,-0.16558974669500146,0.16558974669500146
sha,-0.16560008620175853,0.16560008620175853
securestring,-0.16560685077946408,0.16560685077946408
think going,-0.16561677305968325,0.16561677305968325
logged server,-0.16563947583336372,0.16563947583336372
better check,-0.16569212054557986,0.16569212054557986
microsoft aspnetcore,-0.1657558139865168,0.1657558139865168
unclear,-0.1657682212273574,0.1657682212273574
weblate,-0.16580524977465236,0.16580524977465236
codice ddf,-0.16598796081171474,0.16598796081171474
codice,-0.16598796081171474,0.16598796081171474
verification certificate,-0.16598880894724724,0.16598880894724724
dropbox,-0.16598983433619977,0.16598983433619977
password hash,-0.16605287263385238,0.16605287263385238
configured access,-0.16606313265663067,0.16606313265663067
unchecked,-0.16606729435398332,0.16606729435398332
net http,-0.16622575676277285,0.16622575676277285
store sensitive,-0.16623898277097737,0.16623898277097737
litt,-0.1663831514521122,0.1663831514521122
need special,-0.16638946426095685,0.16638946426095685
switched,-0.16640909224795117,0.16640909224795117
authority,-0.16645121966894746,0.16645121966894746
concise,-0.16645298693513197,0.16645298693513197
screen,-0.166518804767456,0.166518804767456
validates,-0.1665245552453383,0.1665245552453383
example token,-0.1665392252880573,0.1665392252880573
borrow,-0.16655537001802062,0.16655537001802062
azure azure,-0.1666023042239237,0.1666023042239237
method,-0.1666779154612919,0.1666779154612919
win,-0.16668194992010668,0.16668194992010668
forms,-0.1667213452788394,0.1667213452788394
oauth2 token,-0.16672570937138487,0.16672570937138487
note need,-0.16672992996706493,0.16672992996706493
gvfs,-0.16673537246980755,0.16673537246980755
comments code,-0.16676934583954237,0.16676934583954237
operations,-0.16684889973425776,0.16684889973425776
session creation,-0.16687175617994612,0.16687175617994612
external credential,-0.16687249890575953,0.16687249890575953
poll,-0.16696027597146898,0.16696027597146898
proactively,-0.16696622292887375,0.16696622292887375
class https,-0.1670251854349705,0.1670251854349705
administer,-0.1671254592310048,0.1671254592310048
running cluster,-0.16714997068372192,0.16714997068372192
agrees,-0.16718488801438178,0.16718488801438178
secret store,-0.16726237610741163,0.16726237610741163
set separate,-0.16726289471320022,0.16726289471320022
placed,-0.16730704819050782,0.16730704819050782
github authentication,-0.16739996659461434,0.16739996659461434
client token,-0.16742532161643467,0.16742532161643467
token server,-0.1675079097084698,0.1675079097084698
authentication session,-0.16750921737664953,0.16750921737664953
token refresh,-0.16755747181220387,0.16755747181220387
mfa token,-0.1676571241681458,0.1676571241681458
statements,-0.16767370908232151,0.16767370908232151
permissions user,-0.16769162545537797,0.16769162545537797
tab,-0.16769163838872111,0.16769163838872111
screens,-0.16773553886925302,0.16773553886925302
initialized,-0.1677382574919557,0.1677382574919557
wo,-0.16775412465098632,0.16775412465098632
limit permissions,-0.16787599405995277,0.16787599405995277
user database,-0.16787679903127414,0.16787679903127414
password reset,-0.16793057879759712,0.16793057879759712
transmitted,-0.1679335037312243,0.1679335037312243
signed jwt,-0.1679546017648572,0.1679546017648572
certificate using,-0.16798479991221985,0.16798479991221985
sit,-0.16799038912401815,0.16799038912401815
wire,-0.16803792410212545,0.16803792410212545
symfony security,-0.16804509273825669,0.16804509273825669
principals,-0.16807244103087363,0.16807244103087363
example user,-0.16819483702820193,0.16819483702820193
better wording,-0.16830467470093946,0.16830467470093946
keystore truststore,-0.16840675277509284,0.16840675277509284
ve linked,-0.168560226247627,0.168560226247627
password encryption,-0.16868378522236693,0.16868378522236693
documentation issue,-0.16869262099931964,0.16869262099931964
com elastic,-0.1688024227636683,0.1688024227636683
concerns,-0.16887119277316434,0.16887119277316434
changed code,-0.16893513673649158,0.16893513673649158
encoded encrypted,-0.1689592416748407,0.1689592416748407
suggestion create,-0.16899312311350295,0.16899312311350295
aio,-0.1690744346385251,0.1690744346385251
doesn support,-0.1690917207219686,0.1690917207219686
changes authentication,-0.16910745809209365,0.16910745809209365
complexity,-0.1691430552289056,0.1691430552289056
07,-0.16923870381118944,0.16923870381118944
error log,-0.16924659691930202,0.16924659691930202
create authorization,-0.16928088703169702,0.16928088703169702
checks needed,-0.16937824041869423,0.16937824041869423
security exception,-0.16938593893817985,0.16938593893817985
admins,-0.16944634678670176,0.16944634678670176
probably better,-0.1694896933490817,0.1694896933490817
create issue,-0.16958687981891607,0.16958687981891607
credit card,-0.16968109305937007,0.16968109305937007
pgp,-0.16972585670506088,0.16972585670506088
config json,-0.16976579651634757,0.16976579651634757
follow patterns,-0.16983031731275086,0.16983031731275086
oauth2 authorization,-0.16985399056690095,0.16985399056690095
just added,-0.16986471298810144,0.16986471298810144
communications,-0.16987170754523157,0.16987170754523157
hopefully prevent,-0.16987264245672518,0.16987264245672518
password credentials,-0.1698950508044662,0.1698950508044662
decrypt existing,-0.16993514666694412,0.16993514666694412
reserved,-0.16994062469904142,0.16994062469904142
team members,-0.1700592368856855,0.1700592368856855
argue,-0.17007926220632974,0.17007926220632974
authorization rule,-0.1701393161911851,0.1701393161911851
draft,-0.1701883135142743,0.1701883135142743
like suggestion,-0.1702164301326317,0.1702164301326317
niet,-0.1702201205233202,0.1702201205233202
access key,-0.17025256607503894,0.17025256607503894
suggestion context,-0.17025420307280764,0.17025420307280764
unrelated pr,-0.17026663322406949,0.17026663322406949
permission read,-0.17042289598749097,0.17042289598749097
authorization api,-0.170459503735099,0.170459503735099
security section,-0.1704816781645608,0.1704816781645608
managing,-0.17048391116015396,0.17048391116015396
matches,-0.1704890853022846,0.1704890853022846
session security,-0.17049374790991578,0.17049374790991578
using method,-0.1705419773483903,0.1705419773483903
architecture,-0.17054942164616635,0.17054942164616635
docs,-0.17061695838228547,0.17061695838228547
going expire,-0.17065443287294876,0.17065443287294876
superset,-0.17065786960632576,0.17065786960632576
wash,-0.1706647920606325,0.1706647920606325
fail api,-0.1707564107356217,0.1707564107356217
permissions like,-0.17076425359314024,0.17076425359314024
unauthenticated user,-0.17080110217373087,0.17080110217373087
annotation,-0.17092084225211437,0.17092084225211437
end encryption,-0.1709263339004186,0.1709263339004186
routine,-0.17100463566982693,0.17100463566982693
user ui,-0.17102234858583681,0.17102234858583681
contexts,-0.17107307940918373,0.17107307940918373
don permission,-0.17114606149850248,0.17114606149850248
api server,-0.17115786628288132,0.17115786628288132
does imply,-0.1711976703761529,0.1711976703761529
je,-0.1712167695306362,0.1712167695306362
certificate related,-0.17121749495845673,0.17121749495845673
session management,-0.1712767090100792,0.1712767090100792
faking,-0.1712815934993455,0.1712815934993455
druid,-0.17129512779135825,0.17129512779135825
spark,-0.17132609081210493,0.17132609081210493
instead java,-0.17132992928327856,0.17132992928327856
close,-0.17135526526662265,0.17135526526662265
https csrc,-0.171363930132681,0.171363930132681
gov projects,-0.171363930132681,0.171363930132681
csrc,-0.171363930132681,0.171363930132681
validation program,-0.171363930132681,0.171363930132681
projects cryptographic,-0.171363930132681,0.171363930132681
csrc nist,-0.171363930132681,0.171363930132681
read credentials,-0.17138709196615756,0.17138709196615756
strange,-0.1713933928385743,0.1713933928385743
success,-0.171405557997254,0.171405557997254
nope,-0.17158865307844215,0.17158865307844215
bad thing,-0.1716419878963039,0.1716419878963039
authenticates,-0.17173456184217328,0.17173456184217328
fly,-0.17174300384425567,0.17174300384425567
wrote,-0.17177920002279928,0.17177920002279928
rw,-0.17181763524973487,0.17181763524973487
landed,-0.17199679206321042,0.17199679206321042
cares,-0.1721118394272619,0.1721118394272619
creating authorization,-0.17214981004897434,0.17214981004897434
ssh key,-0.172153662578684,0.172153662578684
ago,-0.1721691558456775,0.1721691558456775
presumably,-0.1721824676371247,0.1721824676371247
sorry confusion,-0.1722478936864221,0.1722478936864221
use real,-0.17252699260618262,0.17252699260618262
main reason,-0.1725908017157931,0.1725908017157931
ad,-0.17262272955329858,0.17262272955329858
subscriptions temporarily,-0.17266115046859204,0.17266115046859204
secret subscriptions,-0.17266115046859204,0.17266115046859204
disabling secret,-0.17266115046859204,0.17266115046859204
temporarily security,-0.17266115046859204,0.17266115046859204
refreshing,-0.17269677918901885,0.17269677918901885
jobs,-0.1727106662276398,0.1727106662276398
format,-0.17272414562906646,0.17272414562906646
user case,-0.17294221278275412,0.17294221278275412
authorized use,-0.17295455448171163,0.17295455448171163
starts,-0.17295629763659254,0.17295629763659254
office,-0.17298358347020978,0.17298358347020978
extra validation,-0.17305475096950637,0.17305475096950637
basic auth,-0.17322292771896317,0.17322292771896317
security ssl,-0.173459913046839,0.173459913046839
privileges enabled,-0.1734606652809739,0.1734606652809739
credentials authenticated,-0.17346842607006718,0.17346842607006718
secret used,-0.17349496980744855,0.17349496980744855
reas,-0.17351859704338654,0.17351859704338654
change authorization,-0.17352338773451742,0.17352338773451742
passwords plain,-0.17354968331245865,0.17354968331245865
route service,-0.1736334483187275,0.1736334483187275
having set,-0.17366235657737808,0.17366235657737808
gap,-0.1737123470688882,0.1737123470688882
callfunction,-0.173759241892352,0.173759241892352
token doesn,-0.17378833435515606,0.17378833435515606
das authorization,-0.17386987715918656,0.17386987715918656
slow,-0.17388391610763143,0.17388391610763143
src main,-0.1739327231646993,0.1739327231646993
backticks,-0.17394600253234882,0.17394600253234882
spotting,-0.17399304250638914,0.17399304250638914
anyways,-0.17420358131401045,0.17420358131401045
need authentication,-0.17431812194188304,0.17431812194188304
edges,-0.17433168085302653,0.17433168085302653
correct don,-0.17436245781013104,0.17436245781013104
know authentication,-0.1744074104604929,0.1744074104604929
request id,-0.17447150192005437,0.17447150192005437
mtls,-0.17449568506784385,0.17449568506784385
sas,-0.17451439741576621,0.17451439741576621
separat,-0.17453898633800444,0.17453898633800444
think permission,-0.17462250590730086,0.17462250590730086
authorization pull,-0.17463124462378118,0.17463124462378118
code flow,-0.17463916981004504,0.17463916981004504
bit better,-0.17465641815898525,0.17465641815898525
resumption,-0.17467577314909533,0.17467577314909533
controller creates,-0.17472117679220653,0.17472117679220653
80,-0.1747721609937277,0.1747721609937277
http client,-0.17484040486689653,0.17484040486689653
clients like,-0.17486141236051095,0.17486141236051095
customers,-0.1749198271067918,0.1749198271067918
capitalized,-0.17506303119628927,0.17506303119628927
es,-0.17509095944958056,0.17509095944958056
seeing,-0.17509103955877173,0.17509103955877173
use secrets,-0.17518219933188509,0.17518219933188509
al,-0.17518580420074792,0.17518580420074792
multiple times,-0.1752529675476316,0.1752529675476316
forwards,-0.1753382732593387,0.1753382732593387
tests removed,-0.17535865412969245,0.17535865412969245
tt,-0.17536116239009908,0.17536116239009908
similar,-0.1754381117837721,0.1754381117837721
lets encrypt,-0.17551784627173708,0.17551784627173708
auth header,-0.17556779736072634,0.17556779736072634
authorization response,-0.17557997724166657,0.17557997724166657
ssl support,-0.17562005349103357,0.17562005349103357
com kms,-0.17567511896287255,0.17567511896287255
broker certificates,-0.17569804679881557,0.17569804679881557
trip,-0.17571080448641493,0.17571080448641493
github api,-0.17575299663536392,0.17575299663536392
need permission,-0.17580669268034105,0.17580669268034105
authorization failures,-0.1759431392887621,0.1759431392887621
payment authorization,-0.17595178294379335,0.17595178294379335
gives access,-0.1759996576327394,0.1759996576327394
credential manager,-0.1760706638860014,0.1760706638860014
input bad,-0.17608123063385697,0.17608123063385697
value secret,-0.17613784508914881,0.17613784508914881
increase,-0.1761660092836425,0.1761660092836425
imply,-0.17621160499953886,0.17621160499953886
injection use,-0.17628055950722787,0.17628055950722787
good password,-0.17628521100645012,0.17628521100645012
application request,-0.17629855636259084,0.17629855636259084
term used,-0.17631812646841555,0.17631812646841555
charts,-0.1763324673397288,0.1763324673397288
authentication credentials,-0.17634590194464633,0.17634590194464633
usernames,-0.17650372226843056,0.17650372226843056
nixpkgs,-0.17655050800035832,0.17655050800035832
aspnetcore,-0.17671748814726734,0.17671748814726734
ll add,-0.17673398178990116,0.17673398178990116
plugin security,-0.17675507248328198,0.17675507248328198
pods,-0.1770266940105724,0.1770266940105724
user permission,-0.17704334854177814,0.17704334854177814
email address,-0.17706550205877117,0.17706550205877117
connection error,-0.1770695782493464,0.1770695782493464
session cookies,-0.17709615402361745,0.17709615402361745
usecase,-0.1771203554449577,0.1771203554449577
prefix,-0.177242249306504,0.177242249306504
concepts concepts,-0.17748691975202235,0.17748691975202235
case error,-0.17759416458938512,0.17759416458938512
authentication header,-0.17766461693542837,0.17766461693542837
general want,-0.17776467190004386,0.17776467190004386
authorization think,-0.1777979586818435,0.1777979586818435
sds,-0.17779939291285407,0.17779939291285407
separately,-0.17780637870264304,0.17780637870264304
validation checking,-0.1778634183640062,0.1778634183640062
ssl verification,-0.17792431197622433,0.17792431197622433
sth,-0.178140438252947,0.178140438252947
hmm think,-0.17823009520347863,0.17823009520347863
configauthstoreprovider,-0.17826843470414128,0.17826843470414128
auth configauthstoreprovider,-0.17826843470414128,0.17826843470414128
needed password,-0.17827287766030966,0.17827287766030966
tend,-0.178364342815601,0.178364342815601
phone,-0.17838559104224355,0.17838559104224355
deleted,-0.17840639266187872,0.17840639266187872
authorization flow,-0.17865099133310502,0.17865099133310502
user want,-0.17866049252304358,0.17866049252304358
propagation,-0.17873822248882631,0.17873822248882631
authorizefilter,-0.17883257208761683,0.17883257208761683
serialize,-0.17883821497778152,0.17883821497778152
contain encrypted,-0.17891190498375018,0.17891190498375018
problem don,-0.17900938501896535,0.17900938501896535
exception,-0.17909283736984863,0.17909283736984863
random token,-0.1791438908522839,0.1791438908522839
sake,-0.17917845487509654,0.17917845487509654
value token,-0.17921110947555155,0.17921110947555155
better way,-0.1792851965707544,0.1792851965707544
enabled user,-0.17940089634709763,0.17940089634709763
user dn,-0.17949457390416568,0.17949457390416568
dn,-0.17949457390416568,0.17949457390416568
token type,-0.1796257270284315,0.1796257270284315
token way,-0.17965451480523228,0.17965451480523228
file security,-0.17975499088285063,0.17975499088285063
correct authorization,-0.17987560942580502,0.17987560942580502
deploying,-0.17989395249926557,0.17989395249926557
make authorization,-0.17998826821517727,0.17998826821517727
support multiple,-0.18002666198453507,0.18002666198453507
ran,-0.18006985435764605,0.18006985435764605
api resource,-0.18012172104511717,0.18012172104511717
apache org,-0.18015393601357052,0.18015393601357052
responsible,-0.180232587426467,0.180232587426467
type credentials,-0.18027246087188883,0.18027246087188883
token authorization,-0.1802844937441843,0.1802844937441843
type password,-0.18035280081392202,0.18035280081392202
password stored,-0.18035280081392202,0.18035280081392202
connection string,-0.18039539503475746,0.18039539503475746
collect,-0.18040807353884775,0.18040807353884775
token exchange,-0.18044540481630336,0.18044540481630336
utils,-0.18047659908403468,0.18047659908403468
wasn aware,-0.18053647505216497,0.18053647505216497
concrete,-0.18055820670186387,0.18055820670186387
ops,-0.18057431905781623,0.18057431905781623
lambda,-0.18057918521719535,0.18057918521719535
best,-0.1807005167064458,0.1807005167064458
s2n_kem_params,-0.18076803263500377,0.18076803263500377
long lived,-0.1808226643426656,0.1808226643426656
secret values,-0.1808400015344834,0.1808400015344834
wide variety,-0.18084236458278727,0.18084236458278727
rsa,-0.18090351850020292,0.18090351850020292
javax security,-0.18097568193518918,0.18097568193518918
case security,-0.18098864405845608,0.18098864405845608
expiration time,-0.18107268469991947,0.18107268469991947
perms,-0.18112693271906613,0.18112693271906613
anonymous users,-0.18114689613671267,0.18114689613671267
kubernetes api,-0.1811504370802114,0.1811504370802114
want consistent,-0.1812216462843906,0.1812216462843906
point ve,-0.18148646578593303,0.18148646578593303
allowing user,-0.18150398805698562,0.18150398805698562
s3 credentials,-0.18151122362909766,0.18151122362909766
oracle,-0.1815322250173307,0.1815322250173307
docs encrypt,-0.18161259332419147,0.18161259332419147
kms docs,-0.1816125933241915,0.1816125933241915
decision,-0.181682559221847,0.181682559221847
issue number,-0.18171728171203003,0.18171728171203003
l54,-0.18177333007647142,0.18177333007647142
particular request,-0.18180870191342055,0.18180870191342055
covbot token,-0.18189243201467112,0.18189243201467112
sentences,-0.1819568365824536,0.1819568365824536
parsing fail,-0.18198965777653717,0.18198965777653717
set,-0.18211945710775967,0.18211945710775967
authentication basic,-0.18212475592971697,0.18212475592971697
interactions,-0.18213454903118026,0.18213454903118026
key encrypted,-0.1821415441200631,0.1821415441200631
ac,-0.18216856115272784,0.18216856115272784
representation,-0.18229240967725532,0.18229240967725532
permissions granted,-0.18229763128593574,0.18229763128593574
xpack,-0.18240872899759977,0.18240872899759977
editor,-0.18246722173806837,0.18246722173806837
require username,-0.18251498671414645,0.18251498671414645
warning,-0.1826200783588933,0.1826200783588933
expired tokens,-0.18262999894385104,0.18262999894385104
net security,-0.18266595009549422,0.18266595009549422
set password,-0.18272444634078552,0.18272444634078552
error occurred,-0.1827296272497269,0.1827296272497269
doorkeeper,-0.1827531397033461,0.1827531397033461
read write,-0.18276466283988765,0.18276466283988765
file user,-0.18283782264628062,0.18283782264628062
isgranted,-0.18287799382684472,0.18287799382684472
seed,-0.18290864219184738,0.18290864219184738
used create,-0.18290992145393375,0.18290992145393375
certificate security,-0.1829192200586888,0.1829192200586888
functioning,-0.18293842748415595,0.18293842748415595
check signature,-0.1829759712671652,0.1829759712671652
authorization package,-0.18298199196959775,0.18298199196959775
requires authorization,-0.18301901060628245,0.18301901060628245
recovered,-0.1831143691156272,0.1831143691156272
does interact,-0.18314562562555803,0.18314562562555803
header request,-0.18328999643714852,0.18328999643714852
stored passwords,-0.18333934392574475,0.18333934392574475
usually good,-0.1833784259692781,0.1833784259692781
value password,-0.1835347418471846,0.1835347418471846
need specify,-0.18355882123031736,0.18355882123031736
hu,-0.18359446341722505,0.18359446341722505
redirecting,-0.1836487497751119,0.1836487497751119
cause,-0.18366367644509576,0.18366367644509576
api endpoint,-0.18368297185400442,0.18368297185400442
user account,-0.18368683846920067,0.18368683846920067
letsencrypt,-0.18375184451582374,0.18375184451582374
helm charts,-0.1837934356888532,0.1837934356888532
use api,-0.18403109619646943,0.18403109619646943
use encrypt,-0.1841103753611191,0.1841103753611191
authentication action,-0.18415361157209958,0.18415361157209958
userid,-0.18422807658760323,0.18422807658760323
com nextcloud,-0.18427819631442927,0.18427819631442927
note security,-0.18432524171949083,0.18432524171949083
unusable,-0.1843642676135757,0.1843642676135757
isauthenticated,-0.18444693453001385,0.18444693453001385
defensive,-0.1844486545867373,0.1844486545867373
security code,-0.1845123102116851,0.1845123102116851
validation use,-0.18462108004348843,0.18462108004348843
description authorization,-0.18469672106777918,0.18469672106777918
far,-0.18473523866409625,0.18473523866409625
separate authorization,-0.18479110660478465,0.18479110660478465
decrypt encrypt,-0.1848108068134839,0.1848108068134839
invalidated,-0.18495697400096747,0.18495697400096747
grafana,-0.18501062172597846,0.18501062172597846
isn token,-0.1850166305123749,0.1850166305123749
devs,-0.18505639224129328,0.18505639224129328
set permission,-0.18508516923503043,0.18508516923503043
code secrets,-0.18508516923503043,0.18508516923503043
security think,-0.1851276781388051,0.1851276781388051
don pass,-0.18513437733085902,0.18513437733085902
pulled,-0.18515757252621856,0.18515757252621856
used authenticate,-0.185167498496521,0.185167498496521
trim,-0.18520435051609355,0.18520435051609355
precise,-0.1852682531836749,0.1852682531836749
safer,-0.18528609987461786,0.18528609987461786
agree don,-0.18539620457414785,0.18539620457414785
credentials secret,-0.18541654212230874,0.18541654212230874
supports tls,-0.18542587067001615,0.18542587067001615
token set,-0.18542987598633945,0.18542987598633945
authentication policy,-0.18543108362994923,0.18543108362994923
tls resumption,-0.18544095361299312,0.18544095361299312
header think,-0.18553142753280308,0.18553142753280308
rsync,-0.1855434667485743,0.1855434667485743
immediate,-0.18564093684547062,0.18564093684547062
handle authentication,-0.18572509472011287,0.18572509472011287
informative,-0.18577363843258027,0.18577363843258027
corefx,-0.18582574091691345,0.18582574091691345
registered,-0.18588564638977037,0.18588564638977037
docker credentials,-0.18589058828592545,0.18589058828592545
com,-0.18598717369335835,0.18598717369335835
woul,-0.18605437427432397,0.18605437427432397
probably don,-0.18610001931041004,0.18610001931041004
authorization page,-0.18614858332002782,0.18614858332002782
token data,-0.186162081328183,0.186162081328183
invoked,-0.1862073188994691,0.1862073188994691
oauth2 spec,-0.18621851783113477,0.18621851783113477
token field,-0.18623859317199398,0.18623859317199398
field set,-0.1864463136564794,0.1864463136564794
came,-0.1864991364303556,0.1864991364303556
invalid security,-0.18650483593539394,0.18650483593539394
possible don,-0.18653757145921243,0.18653757145921243
uid,-0.18655686866767457,0.18655686866767457
pull secret,-0.18656659437319442,0.18656659437319442
header http,-0.18665876682503657,0.18665876682503657
code like,-0.1867030071067683,0.1867030071067683
ensure user,-0.18679269444796448,0.18679269444796448
token expiry,-0.1868011170336399,0.1868011170336399
fallback using,-0.18699011008038174,0.18699011008038174
does use,-0.1870191681283904,0.1870191681283904
using sasl,-0.1870221864232191,0.1870221864232191
checkbox,-0.18702656297476705,0.18702656297476705
etag just,-0.18704439046466473,0.18704439046466473
explains,-0.18704967271031595,0.18704967271031595
128 192,-0.18706771605270997,0.18706771605270997
192 256,-0.18706771605270997,0.18706771605270997
set file,-0.1871034939844365,0.1871034939844365
use just,-0.18717413541707822,0.18717413541707822
03 01,-0.18720255782914766,0.18720255782914766
err message,-0.1872030403587388,0.1872030403587388
gcs,-0.1872942552744557,0.1872942552744557
exclusively,-0.1873910354910022,0.1873910354910022
credentials checked,-0.18757573517659148,0.18757573517659148
corresponding,-0.1876116545336594,0.1876116545336594
security class,-0.18773345776449935,0.18773345776449935
facing,-0.18783971159367405,0.18783971159367405
revoke,-0.1879376105437164,0.1879376105437164
openiddict,-0.18795750130977648,0.18795750130977648
asset,-0.18799442743036654,0.18799442743036654
imports org,-0.18814990385185443,0.18814990385185443
prid 2864515,-0.18814990385185443,0.18814990385185443
org springframework,-0.18814990385185443,0.18814990385185443
nooppasswordencoder https,-0.18814990385185443,0.18814990385185443
springframework,-0.18814990385185443,0.18814990385185443
nooppasswordencoder,-0.18814990385185443,0.18814990385185443
unused imports,-0.18814990385185443,0.18814990385185443
crypto password,-0.18814990385185443,0.18814990385185443
talend daikon,-0.18814990385185443,0.18814990385185443
avoid unused,-0.18814990385185443,0.18814990385185443
daikon pullrequest,-0.18814990385185443,0.18814990385185443
password nooppasswordencoder,-0.18814990385185443,0.18814990385185443
issue avoid,-0.18814990385185443,0.18814990385185443
2864515,-0.18814990385185443,0.18814990385185443
springframework security,-0.18814990385185443,0.18814990385185443
daikon,-0.18814990385185443,0.18814990385185443
app talend,-0.18814990385185443,0.18814990385185443
overrides,-0.18834096350475638,0.18834096350475638
operator,-0.18837916091444307,0.18837916091444307
parse,-0.18841793286077735,0.18841793286077735
authentication token,-0.18858915335333207,0.18858915335333207
authenticate user,-0.18860380964393472,0.18860380964393472
want error,-0.18867399680802927,0.18867399680802927
encrypt certificates,-0.18868908929210151,0.18868908929210151
cfg,-0.18871195389428638,0.18871195389428638
tak,-0.1887440601762435,0.1887440601762435
password url,-0.18883531622058697,0.18883531622058697
middlewares,-0.188837701758329,0.188837701758329
just case,-0.18888161210732007,0.18888161210732007
mixed,-0.188891047839975,0.188891047839975
len,-0.1890475100005123,0.1890475100005123
nature,-0.18909102089512278,0.18909102089512278
inherently,-0.18909155173716638,0.18909155173716638
similar code,-0.18911827699662517,0.18911827699662517
think purpose,-0.18921432675644542,0.18921432675644542
maybe worth,-0.18931100837616424,0.18931100837616424
literally,-0.18931116863524955,0.18931116863524955
session use,-0.1894449368529737,0.1894449368529737
root privileges,-0.18945019724919093,0.18945019724919093
missing password,-0.1895332238361429,0.1895332238361429
simple,-0.18957517068902266,0.18957517068902266
cleaner,-0.1897624003350037,0.1897624003350037
nss,-0.18977960372069685,0.18977960372069685
users use,-0.1898006708127868,0.1898006708127868
pki,-0.18986474486242155,0.18986474486242155
duplicate,-0.18987646758480262,0.18987646758480262
pass authorization,-0.1898914529425001,0.1898914529425001
passive,-0.18993323663864367,0.18993323663864367
leak https,-0.18993323663864367,0.18993323663864367
solr,-0.1900373108771531,0.1900373108771531
eq,-0.1900650758240727,0.1900650758240727
point view,-0.19006595906732407,0.19006595906732407
extend,-0.1900860094953973,0.1900860094953973
invoke,-0.19014356957759454,0.19014356957759454
security test,-0.19040069801607182,0.19040069801607182
duration,-0.19049536466554207,0.19049536466554207
include info,-0.19049759687467208,0.19049759687467208
cryptography xml,-0.19051974095352586,0.19051974095352586
globalwebservicevalues,-0.19065241020266083,0.19065241020266083
fortunately,-0.1907119529833246,0.1907119529833246
data read,-0.19075861302670374,0.19075861302670374
like ve,-0.1907757573627964,0.1907757573627964
line isn,-0.1907833327016005,0.1907833327016005
session variable,-0.19085514510765234,0.19085514510765234
shutdown,-0.19090406040644442,0.19090406040644442
treat,-0.1909848403406698,0.1909848403406698
instead setting,-0.19106102125145227,0.19106102125145227
commands,-0.1911052821998577,0.1911052821998577
util,-0.19112030354160645,0.19112030354160645
add tls,-0.1911221672113227,0.1911221672113227
authenticate authorize,-0.1911954831010569,0.1911954831010569
exclusive,-0.19122972331609808,0.19122972331609808
initial authentication,-0.19124164113612724,0.19124164113612724
data authentication,-0.1912857551738465,0.1912857551738465
didn change,-0.1913281134402446,0.1913281134402446
specific,-0.19153493215855796,0.19153493215855796
piece code,-0.1915987130913677,0.1915987130913677
health,-0.191646247653197,0.191646247653197
need test,-0.19176829086454694,0.19176829086454694
following credentials,-0.19187872912957243,0.19187872912957243
ini,-0.19188366899645645,0.19188366899645645
filters,-0.19202215178169166,0.19202215178169166
don support,-0.19221959260909235,0.19221959260909235
makes easier,-0.19222885793703545,0.19222885793703545
case makes,-0.19222885793703545,0.19222885793703545
does exist,-0.19237698985675705,0.19237698985675705
solution look,-0.19243897211106578,0.19243897211106578
satellite,-0.19247188582456204,0.19247188582456204
shouldn check,-0.19251678409852904,0.19251678409852904
workspace,-0.19255564060862562,0.19255564060862562
need address,-0.19259059004530005,0.19259059004530005
ssl_transport_security,-0.19260438082360273,0.19260438082360273
ssl_transport_security cc,-0.19260438082360273,0.19260438082360273
os authentication,-0.19262846065574132,0.19262846065574132
continue,-0.19263011588756307,0.19263011588756307
new password,-0.19276123010097515,0.19276123010097515
don include,-0.19279227128782916,0.19279227128782916
guys,-0.1929067883205104,0.1929067883205104
uris,-0.19294778284848307,0.19294778284848307
index,-0.19296383715956594,0.19296383715956594
startup,-0.19297785408058232,0.19297785408058232
ocsp,-0.19304221386404743,0.19304221386404743
yaml secure,-0.19310967540925367,0.19310967540925367
especially,-0.19314298209483016,0.19314298209483016
x509certificate2,-0.19318722084697101,0.19318722084697101
server able,-0.19319679301075973,0.19319679301075973
token does,-0.19319907020309657,0.19319907020309657
preset,-0.1932905426028952,0.1932905426028952
cornr,-0.1933269287667733,0.1933269287667733
lifetime,-0.1933463803079769,0.1933463803079769
maybe change,-0.19344865140629897,0.19344865140629897
agreement,-0.19353739310858628,0.19353739310858628
user groups,-0.19359145718594697,0.19359145718594697
resolve,-0.19360437460019672,0.19360437460019672
removes,-0.19366642849511712,0.19366642849511712
iterate,-0.1937325601046956,0.1937325601046956
access denied,-0.19377598516680963,0.19377598516680963
hsts,-0.19379191834417558,0.19379191834417558
root privilege,-0.19387136791149165,0.19387136791149165
input password,-0.1938747997206499,0.1938747997206499
user logged,-0.19413652873220857,0.19413652873220857
post authorization,-0.19416008087850709,0.19416008087850709
login page,-0.19421500540142314,0.19421500540142314
does directly,-0.19426409463700897,0.19426409463700897
course,-0.19427132697182672,0.19427132697182672
try authenticate,-0.19433115159771647,0.19433115159771647
key password,-0.19444584603262885,0.19444584603262885
encrypted connections,-0.1945219348341152,0.1945219348341152
user redirected,-0.19457289583739396,0.19457289583739396
aws amplify,-0.1946348351198408,0.1946348351198408
encryption changed,-0.19468474068113342,0.19468474068113342
ne,-0.19472718913593753,0.19472718913593753
administrator,-0.19487546995927907,0.19487546995927907
number,-0.19500316579635552,0.19500316579635552
store,-0.19502923606095784,0.19502923606095784
v1 v2,-0.195254244725528,0.195254244725528
web application,-0.19546398892618477,0.19546398892618477
ability use,-0.19548058486573883,0.19548058486573883
repository,-0.19548907420934017,0.19548907420934017
turned use,-0.1958810342017649,0.1958810342017649
need type,-0.1959218471427503,0.1959218471427503
strategy authenticate,-0.19592923636537216,0.19592923636537216
chart,-0.1961541242377324,0.1961541242377324
vs,-0.1963338479173368,0.1963338479173368
series,-0.19633988450446777,0.19633988450446777
miss,-0.19634359459757536,0.19634359459757536
looking,-0.1964418813465383,0.1964418813465383
security point,-0.19648981559057033,0.19648981559057033
thread,-0.1965387677028271,0.1965387677028271
port 80,-0.19658955931060387,0.19658955931060387
really want,-0.19665487098940057,0.19665487098940057
idp,-0.196722023496955,0.196722023496955
hostname verification,-0.19672692850999318,0.19672692850999318
don change,-0.19676213875625953,0.19676213875625953
sessionid,-0.1969061739611836,0.1969061739611836
endpoints x509,-0.1969432502979279,0.1969432502979279
certificates missing,-0.1969432502979279,0.1969432502979279
issue tls,-0.1969432502979279,0.1969432502979279
rare issue,-0.1969432502979279,0.1969432502979279
connections endpoints,-0.1969432502979279,0.1969432502979279
readme,-0.1969548713480623,0.1969548713480623
people use,-0.19700717547949648,0.19700717547949648
manually,-0.1970835090900271,0.1970835090900271
validate token,-0.19709772343710946,0.19709772343710946
accessible,-0.19719406116489557,0.19719406116489557
assumption,-0.19721216048823928,0.19721216048823928
additionally,-0.1973920311715714,0.1973920311715714
used generate,-0.19742853324070758,0.19742853324070758
token http,-0.19766125195290665,0.19766125195290665
issue certificate,-0.19770422983916522,0.19770422983916522
security model,-0.1977339997894868,0.1977339997894868
database engine,-0.19773615537732342,0.19773615537732342
produce,-0.19777354082128915,0.19777354082128915
security certificate,-0.1977797495098914,0.1977797495098914
authentication user,-0.1978579398744073,0.1978579398744073
deployment,-0.1980514342900659,0.1980514342900659
callback url,-0.1981008234864868,0.1981008234864868
like password,-0.19814663768631635,0.19814663768631635
circuit,-0.1983504929528507,0.1983504929528507
_does_,-0.1983762946699327,0.1983762946699327
mysql,-0.19847580949572863,0.19847580949572863
nonsensical,-0.19850880340436233,0.19850880340436233
sent authorization,-0.19851127452651748,0.19851127452651748
explain,-0.19853941022851251,0.19853941022851251
web token,-0.19855766723348106,0.19855766723348106
maintainers,-0.19875497908089348,0.19875497908089348
fashion,-0.19877095425058883,0.19877095425058883
org docs,-0.1988431637430268,0.1988431637430268
validation don,-0.19895922984825948,0.19895922984825948
audience,-0.19906111231449078,0.19906111231449078
role based,-0.19909469878452649,0.19909469878452649
password based,-0.19909957811275047,0.19909957811275047
think makes,-0.19931426939516053,0.19931426939516053
environment variable,-0.19933853501347015,0.19933853501347015
converting,-0.19934953230135627,0.19934953230135627
fail validation,-0.19939298976370548,0.19939298976370548
better approach,-0.19942354018092928,0.19942354018092928
asymmetric,-0.1994548659651461,0.1994548659651461
checking token,-0.1994808352274649,0.1994808352274649
stance,-0.19957915609627289,0.19957915609627289
sessions panel,-0.1996214841042447,0.1996214841042447
passes,-0.19977702740744652,0.19977702740744652
measure,-0.19979380070022387,0.19979380070022387
obtain,-0.19984452181692788,0.19984452181692788
code path,-0.19988663799791237,0.19988663799791237
sdl service,-0.19990422756878995,0.19990422756878995
thanks able,-0.1999155050492802,0.1999155050492802
think general,-0.19999596033653194,0.19999596033653194
forgot,-0.2000162762229692,0.2000162762229692
signing certificate,-0.20002181582371303,0.20002181582371303
certificates validated,-0.2000495376614891,0.2000495376614891
docs tasks,-0.20013463298328962,0.20013463298328962
login token,-0.20017147183218267,0.20017147183218267
discussed,-0.20021734200521357,0.20021734200521357
gen,-0.20030102356980392,0.20030102356980392
unit,-0.20031196497392784,0.20031196497392784
rmt,-0.20046412584087425,0.20046412584087425
cluster ca,-0.200587633965608,0.200587633965608
finally,-0.2007019708677428,0.2007019708677428
clicks,-0.20072626825989684,0.20072626825989684
user clicks,-0.20072626825989684,0.20072626825989684
nextcloud,-0.20080380167797243,0.20080380167797243
return error,-0.20088377198709237,0.20088377198709237
perspective ok,-0.20111794488375426,0.20111794488375426
pub,-0.20120219849125806,0.20120219849125806
tracing,-0.20124481259404803,0.20124481259404803
needed maybe,-0.20134467266020475,0.20134467266020475
logging,-0.20135952835497037,0.20135952835497037
fetching,-0.20138784317815558,0.20138784317815558
does change,-0.201658400306002,0.201658400306002
session storage,-0.20170071905812295,0.20170071905812295
tls enabled,-0.20173856754910136,0.20173856754910136
security crypto,-0.2017428400598665,0.2017428400598665
meta,-0.20197656129138694,0.20197656129138694
api security,-0.20208751069058115,0.20208751069058115
suggestion login,-0.20213562116911138,0.20213562116911138
permanently,-0.20214922915864808,0.20214922915864808
chains,-0.2022280865154935,0.2022280865154935
mention,-0.2022905063480609,0.2022905063480609
source file,-0.20229413235071694,0.20229413235071694
isn used,-0.2023185510427521,0.2023185510427521
jdk,-0.20239463674519867,0.20239463674519867
autoscaler,-0.20241422855155375,0.20241422855155375
coding credentials,-0.2025263368856865,0.2025263368856865
xref security,-0.20261828382870198,0.20261828382870198
primary,-0.20304835584621164,0.20304835584621164
accessible container,-0.2030816632127951,0.2030816632127951
let switch,-0.2031552476305488,0.2031552476305488
https dxr,-0.20339043645140187,0.20339043645140187
dxr mozilla,-0.20339043645140187,0.20339043645140187
dxr,-0.20339043645140187,0.20339043645140187
does sound,-0.20341780656417816,0.20341780656417816
token maybe,-0.2034429886409592,0.2034429886409592
capabilities,-0.20344964887731534,0.20344964887731534
certificates used,-0.20353853441385766,0.20353853441385766
cjwagner,-0.20365920403332122,0.20365920403332122
listening,-0.20383299651008174,0.20383299651008174
providers,-0.20392103887954927,0.20392103887954927
footprint,-0.20397889852622858,0.20397889852622858
nats,-0.2040396576858905,0.2040396576858905
docs microsoft,-0.20416611851886823,0.20416611851886823
hd,-0.2041678769282146,0.2041678769282146
combinations,-0.20434551472274795,0.20434551472274795
thread safe,-0.20444744620400268,0.20444744620400268
authorization string,-0.20455753692367937,0.20455753692367937
invalidate,-0.20459689943707926,0.20459689943707926
facility,-0.20461181860001687,0.20461181860001687
to_s,-0.20473405452942067,0.20473405452942067
admit,-0.2047405449076411,0.2047405449076411
autho,-0.20475554728823545,0.20475554728823545
certificate expect,-0.20475923823032532,0.20475923823032532
doesn,-0.2048305298757484,0.2048305298757484
alwaysallow,-0.2049616087832575,0.2049616087832575
likely better,-0.2050651431367797,0.2050651431367797
thrown,-0.20526697481450984,0.20526697481450984
sure needs,-0.20529771214766787,0.20529771214766787
catalog,-0.20532539454165652,0.20532539454165652
permission classes,-0.20537554383580522,0.20537554383580522
readable,-0.2053924289016348,0.2053924289016348
authentication step,-0.20542151508247733,0.20542151508247733
ve intentionally,-0.20545559018712317,0.20545559018712317
m2 settings,-0.2054736728986188,0.2054736728986188
m2,-0.2054736728986188,0.2054736728986188
proposed,-0.2054997258337032,0.2054997258337032
address validation,-0.20554855745413816,0.20554855745413816
enforce server,-0.20555152776179364,0.20555152776179364
existed,-0.20562632120414748,0.20562632120414748
str,-0.20571883089518056,0.20571883089518056
mongodb,-0.2058442915816476,0.2058442915816476
using service,-0.20587368078355292,0.20587368078355292
certificate generation,-0.2059239873023101,0.2059239873023101
want say,-0.205972297626697,0.205972297626697
produces,-0.20599736513509248,0.20599736513509248
add like,-0.20600409504469014,0.20600409504469014
tokens client,-0.20603226855121176,0.20603226855121176
kubeadm,-0.2061105796828649,0.2061105796828649
endpoint routing,-0.20612056868498949,0.20612056868498949
requires extra,-0.20614070492215494,0.20614070492215494
admin privileges,-0.20614452717811846,0.20614452717811846
key access,-0.2062775881287913,0.2062775881287913
multiple,-0.20637412072288275,0.20637412072288275
request think,-0.20640767260427606,0.20640767260427606
websocket,-0.20643298461817242,0.20643298461817242
totally,-0.20648568612062806,0.20648568612062806
strong opinion,-0.2065934453538796,0.2065934453538796
trace,-0.2066211463421765,0.2066211463421765
generation,-0.20669560003359852,0.20669560003359852
syscall,-0.20673823204951786,0.20673823204951786
xxx,-0.20676420381051885,0.20676420381051885
fires,-0.20677896604417195,0.20677896604417195
auth credentials,-0.20685557369273105,0.20685557369273105
handshake fail,-0.20694241238986877,0.20694241238986877
request needs,-0.2069910687355869,0.2069910687355869
yeah let,-0.20705160483324386,0.20705160483324386
forbidden,-0.2071359793220209,0.2071359793220209
dont think,-0.20718877069894326,0.20718877069894326
header present,-0.20729526681293828,0.20729526681293828
reuse,-0.2073209008345351,0.2073209008345351
code calling,-0.20740654999149855,0.20740654999149855
signon,-0.20744772792065921,0.20744772792065921
rotating,-0.20751631136910162,0.20751631136910162
increases,-0.20754028920768552,0.20754028920768552
oauth token,-0.2076061883063276,0.2076061883063276
ending,-0.20764948228083993,0.20764948228083993
401 cases,-0.20768085797638297,0.20768085797638297
client id,-0.2077201245371513,0.2077201245371513
says,-0.207901350906003,0.207901350906003
super user,-0.20798788999876755,0.20798788999876755
idempotent,-0.20802047252946024,0.20802047252946024
classes,-0.2081495825144641,0.2081495825144641
nicer,-0.2081583772813392,0.2081583772813392
2018 03,-0.20836040064285594,0.20836040064285594
root certificates,-0.20867273456127394,0.20867273456127394
telemetry,-0.20868635681490488,0.20868635681490488
don check,-0.2087524584561632,0.2087524584561632
able access,-0.20887446284774244,0.20887446284774244
tree master,-0.2088861960575197,0.2088861960575197
cdap,-0.2090240231990427,0.2090240231990427
efficient,-0.209068979461637,0.209068979461637
expectations,-0.2091478080728729,0.2091478080728729
section security,-0.2093500842901427,0.2093500842901427
did performance,-0.2093500842901427,0.2093500842901427
nice section,-0.2093500842901427,0.2093500842901427
splitting,-0.2093915213037071,0.2093915213037071
yea,-0.2094391751804455,0.2094391751804455
org api,-0.20945941358353679,0.20945941358353679
active directory,-0.20951003844855093,0.20951003844855093
valid security,-0.20955899171111558,0.20955899171111558
scenarios like,-0.209605770983131,0.209605770983131
2019 05,-0.20963917401951923,0.20963917401951923
implementations,-0.20975628682364292,0.20975628682364292
sanitizes,-0.20979975110127225,0.20979975110127225
buffers,-0.20999454255936112,0.20999454255936112
field,-0.21011642834541594,0.21011642834541594
depend,-0.21015366215977527,0.21015366215977527
cr,-0.21022507922500924,0.21022507922500924
interested,-0.21024800011830877,0.21024800011830877
make clearer,-0.21037633916583753,0.21037633916583753
attributes,-0.2104030073685892,0.2104030073685892
128,-0.21040448684359964,0.21040448684359964
shows,-0.21048166065371424,0.21048166065371424
need like,-0.21056608045916494,0.21056608045916494
term,-0.2106792519286397,0.2106792519286397
pip,-0.2107350179591983,0.2107350179591983
pip install,-0.2107350179591983,0.2107350179591983
password digest,-0.21073683269802282,0.21073683269802282
ll end,-0.21076744908423103,0.21076744908423103
1cd544042d6fba73f844b5e6d5f10d9e7dfa0367 src,-0.2108328669489839,0.2108328669489839
1cd544042d6fba73f844b5e6d5f10d9e7dfa0367,-0.2108328669489839,0.2108328669489839
blob 1cd544042d6fba73f844b5e6d5f10d9e7dfa0367,-0.2108328669489839,0.2108328669489839
policy provider,-0.2108328669489839,0.2108328669489839
executed,-0.210910144397829,0.210910144397829
istio io,-0.2110651538478239,0.2110651538478239
functional,-0.21119660596391052,0.21119660596391052
new api,-0.21123412204860811,0.21123412204860811
persistence,-0.2112608302443999,0.2112608302443999
add labels,-0.21137731197114032,0.21137731197114032
referencing,-0.21152876699103407,0.21152876699103407
meta data,-0.21153496650950374,0.21153496650950374
need change,-0.21164232093927982,0.21164232093927982
tls support,-0.21173365110518558,0.21173365110518558
probably makes,-0.21176202886270573,0.21176202886270573
confirming,-0.21186568597432812,0.21186568597432812
refs,-0.2120090470487004,0.2120090470487004
add authentication,-0.2120554663807826,0.2120554663807826
comment add,-0.21224193747904402,0.21224193747904402
main concern,-0.21252351408761058,0.21252351408761058
successfully,-0.21255528098153775,0.21255528098153775
security api,-0.21255541875031803,0.21255541875031803
interesting does,-0.2127772164445217,0.2127772164445217
used configure,-0.21278417498920865,0.21278417498920865
lines,-0.2128100611207273,0.2128100611207273
header query,-0.2128498540693351,0.2128498540693351
renegotiation,-0.21292067190101985,0.21292067190101985
rolling,-0.21295057871442286,0.21295057871442286
authorization instead,-0.2130615187233212,0.2130615187233212
simplify,-0.21309845207311695,0.21309845207311695
cert,-0.2132022899059836,0.2132022899059836
function used,-0.21321691124283365,0.21321691124283365
permission management,-0.21324338374424104,0.21324338374424104
test verifies,-0.21333554281757697,0.21333554281757697
reason want,-0.2134186131609857,0.2134186131609857
just problem,-0.2134298817179561,0.2134298817179561
05,-0.21368681519946114,0.21368681519946114
owner password,-0.21369742639008732,0.21369742639008732
wrap,-0.21379068395215217,0.21379068395215217
authorization basic,-0.21383046421703816,0.21383046421703816
just returns,-0.21394436326927663,0.21394436326927663
topics,-0.21401391820368967,0.21401391820368967
dedicated,-0.21402059906148088,0.21402059906148088
uk,-0.2140347637119955,0.2140347637119955
check authentication,-0.21413574440083555,0.21413574440083555
fix issue,-0.21416672302693532,0.21416672302693532
credentials authentication,-0.21455715297081066,0.21455715297081066
consistency,-0.21467649118679413,0.21467649118679413
gcp,-0.2146855416167455,0.2146855416167455
encrypt secrets,-0.21469841887148028,0.21469841887148028
common,-0.21471074415328809,0.21471074415328809
make secret,-0.21476579672490143,0.21476579672490143
access_token,-0.2147921250510205,0.2147921250510205
triggered,-0.21481095188618354,0.21481095188618354
db,-0.214842910946302,0.214842910946302
toolkit,-0.21484380315241383,0.21484380315241383
right say,-0.2148692351662438,0.2148692351662438
string sent,-0.21500883588767689,0.21500883588767689
token request,-0.21502572130537803,0.21502572130537803
scheduledbackup,-0.21508262882652393,0.21508262882652393
header cookie,-0.21518790400050014,0.21518790400050014
sure understand,-0.2151894820638186,0.2151894820638186
authorizing security,-0.2151943309700972,0.2151943309700972
lot code,-0.21525509755715644,0.21525509755715644
request authentication,-0.21543078498390889,0.21543078498390889
redis,-0.2154938302239411,0.2154938302239411
future requests,-0.21550541312187796,0.21550541312187796
grant privileges,-0.2155151586141963,0.2155151586141963
ssl handshake,-0.21558272671946535,0.21558272671946535
current password,-0.21558356430006143,0.21558356430006143
encrypted secrets,-0.2156561782448716,0.2156561782448716
working properly,-0.21571033578644794,0.21571033578644794
reduced,-0.21574944828486128,0.21574944828486128
privileges security,-0.21580445603034895,0.21580445603034895
login,-0.21593111120416772,0.21593111120416772
probably good,-0.21628275732818206,0.21628275732818206
setup,-0.21631237569261705,0.21631237569261705
know token,-0.2163725655816185,0.2163725655816185
passing non,-0.21638597059443332,0.21638597059443332
upload,-0.21640148311424742,0.21640148311424742
sensible,-0.21642461631010554,0.21642461631010554
acquired,-0.21650571803164173,0.21650571803164173
retain,-0.21662823822573984,0.21662823822573984
know password,-0.21667052741733925,0.21667052741733925
use try,-0.21667467198762355,0.21667467198762355
encrypted authenticated,-0.2167251551717299,0.2167251551717299
placement,-0.21688035082431945,0.21688035082431945
hpcc,-0.21692117318589063,0.21692117318589063
assembly,-0.21692934442891018,0.21692934442891018
stub,-0.21697179213490853,0.21697179213490853
error 400,-0.21698720300447621,0.21698720300447621
based,-0.21705382592904476,0.21705382592904476
default user,-0.21715110156756415,0.21715110156756415
validation purposes,-0.21719033411582542,0.21719033411582542
notification,-0.21722165555354467,0.21722165555354467
secret use,-0.21731156264562912,0.21731156264562912
mp,-0.21735409976903802,0.21735409976903802
probably fine,-0.2174201518956803,0.2174201518956803
question validation,-0.21781857114108344,0.21781857114108344
changing,-0.21786267823280403,0.21786267823280403
secret_key,-0.2180432122818727,0.2180432122818727
brief,-0.21819194205721715,0.21819194205721715
used authorize,-0.21823182317275786,0.21823182317275786
wrapping,-0.21832742075839923,0.21832742075839923
support https,-0.2183843772879408,0.2183843772879408
ignore,-0.21839678292100384,0.21839678292100384
authentication request,-0.21843875555288292,0.21843875555288292
methods,-0.21844955537996108,0.21844955537996108
odd,-0.2185319539661528,0.2185319539661528
encoded,-0.21888970215700204,0.21888970215700204
token don,-0.21889398695351225,0.21889398695351225
token created,-0.21906928730875214,0.21906928730875214
difference,-0.21949859158698715,0.21949859158698715
restricting,-0.2195768481004151,0.2195768481004151
en,-0.21967643248924082,0.21967643248924082
authentication scheme,-0.219699363106777,0.219699363106777
example does,-0.21971705208784745,0.21971705208784745
apply read,-0.21973714975825312,0.21973714975825312
balinterdi,-0.21973714975825312,0.21973714975825312
related authentication,-0.21976956198139483,0.21976956198139483
parsed,-0.22003455953493808,0.22003455953493808
com kubernetes,-0.22011341907389625,0.22011341907389625
simpler way,-0.22011405328550926,0.22011405328550926
server way,-0.22022331193986777,0.22022331193986777
key created,-0.22038776827109868,0.22038776827109868
comes,-0.22045751831004196,0.22045751831004196
recommended use,-0.2204586161118356,0.2204586161118356
recall,-0.22047490298501962,0.22047490298501962
nifi,-0.22056217210339932,0.22056217210339932
strongly suggest,-0.22057966495749373,0.22057966495749373
void,-0.22077274377346964,0.22077274377346964
char,-0.2208157228001031,0.2208157228001031
module description,-0.22089958299836057,0.22089958299836057
annotated,-0.22096431078793746,0.22096431078793746
user sets,-0.22105337833775274,0.22105337833775274
reword,-0.22114183544832955,0.22114183544832955
acme server,-0.22123430031221256,0.22123430031221256
mounted,-0.22135962667076847,0.22135962667076847
cygnusv,-0.22137368167462973,0.22137368167462973
validation https,-0.22138350148804797,0.22138350148804797
common ssl,-0.22139713974598685,0.22139713974598685
create user,-0.2215148871400842,0.2215148871400842
icryptotransform,-0.22190964078483613,0.22190964078483613
encrypted sensitive,-0.22199723236658273,0.22199723236658273
mail,-0.22201272458654342,0.22201272458654342
think good,-0.2220346935440985,0.2220346935440985
arguments,-0.22212237280402075,0.22212237280402075
depends,-0.22217818179774773,0.22217818179774773
way client,-0.22219803022433582,0.22219803022433582
256 bits,-0.22221553286550894,0.22221553286550894
creds,-0.22227603578824542,0.22227603578824542
line won,-0.22229242158491888,0.22229242158491888
tokenservice,-0.2223378253748505,0.2223378253748505
scoped,-0.22251131880019276,0.22251131880019276
authorization k8s,-0.22269461625700282,0.22269461625700282
member,-0.2227485093121532,0.2227485093121532
deprecating,-0.22283111448815127,0.22283111448815127
performed,-0.22287422141200647,0.22287422141200647
app use,-0.22290461612367746,0.22290461612367746
builtin,-0.2229413040657513,0.2229413040657513
das,-0.22313492750562172,0.22313492750562172
user wants,-0.2234062381649227,0.2234062381649227
authorization model,-0.22348691146398922,0.22348691146398922
fabric authorization,-0.22352126318590057,0.22352126318590057
change behavior,-0.22356179779109983,0.22356179779109983
false,-0.22358607318420612,0.22358607318420612
security properties,-0.22361001587696033,0.22361001587696033
creating,-0.22366815396090312,0.22366815396090312
think authorization,-0.2236906595706592,0.2236906595706592
like right,-0.22370732405535035,0.22370732405535035
etag,-0.22373854041327773,0.22373854041327773
low,-0.22393501779881592,0.22393501779881592
menu,-0.2239354352609189,0.2239354352609189
access endpoint,-0.22395694421071752,0.22395694421071752
manages,-0.22400498850044392,0.22400498850044392
authorization access,-0.2240066526557433,0.2240066526557433
added authorization,-0.22407641651893667,0.22407641651893667
code snippet,-0.22412432124358955,0.22412432124358955
tokens repository,-0.22414194622416994,0.22414194622416994
cleared,-0.22421998024630957,0.22421998024630957
assert,-0.22429170966712902,0.22429170966712902
maybe,-0.2243156725223434,0.2243156725223434
fits,-0.22434243341296792,0.22434243341296792
folder,-0.22448089912719874,0.22448089912719874
issue error,-0.22449807220599158,0.22449807220599158
hail,-0.22450024454614975,0.22450024454614975
encrypted database,-0.22458036399673872,0.22458036399673872
mentioned,-0.2245894372448538,0.2245894372448538
ingest,-0.22482194146324821,0.22482194146324821
authentication error,-0.22483090053246563,0.22483090053246563
openshift secrets,-0.22491653759830155,0.22491653759830155
domain,-0.22495728068724885,0.22495728068724885
rare,-0.22500797549440962,0.22500797549440962
authorization errors,-0.22500966454390564,0.22500966454390564
security using,-0.22512580906452787,0.22512580906452787
docs http,-0.22517732217140712,0.22517732217140712
question possible,-0.22524473166087433,0.22524473166087433
token refreshed,-0.225283022621532,0.225283022621532
think store,-0.2253141277544695,0.2253141277544695
want make,-0.22546676122904344,0.22546676122904344
hmm didn,-0.2255179079543892,0.2255179079543892
opaque,-0.22559170046666477,0.22559170046666477
hsm,-0.22577177185481556,0.22577177185481556
security boundaries,-0.22584568553629525,0.22584568553629525
tls server,-0.2258955808161451,0.2258955808161451
secret think,-0.22597037675335044,0.22597037675335044
living,-0.22629105521075973,0.22629105521075973
read data,-0.2265021751106318,0.2265021751106318
establishing,-0.2265103891108958,0.2265103891108958
tablespaces,-0.22651089762823437,0.22651089762823437
note access,-0.22661118849740092,0.22661118849740092
send,-0.22665779454804283,0.22665779454804283
init,-0.22693878975491305,0.22693878975491305
hav,-0.22702058146937268,0.22702058146937268
lowercase,-0.22707929794082637,0.22707929794082637
thing don,-0.2271352210572294,0.2271352210572294
use password,-0.22719231850186536,0.22719231850186536
x509 certificates,-0.22722092330034166,0.22722092330034166
asyncio,-0.22728629168124462,0.22728629168124462
need decrypted,-0.2272944929712088,0.2272944929712088
password case,-0.22731033949702592,0.22731033949702592
permission test,-0.22759258788967293,0.22759258788967293
function,-0.2276270262489412,0.2276270262489412
design,-0.2276333223505529,0.2276333223505529
signup form,-0.22769883810009509,0.22769883810009509
etcd,-0.2278081858085113,0.2278081858085113
code use,-0.22784213607154602,0.22784213607154602
authorization case,-0.22790125262383754,0.22790125262383754
takes,-0.22792475033742807,0.22792475033742807
doesn exist,-0.22809373284996037,0.22809373284996037
dos,-0.2281228953045752,0.2281228953045752
using,-0.22817913404765292,0.22817913404765292
constraints,-0.22829496332092944,0.22829496332092944
missing aren,-0.2283295349363565,0.2283295349363565
encrypted content,-0.2283559114440988,0.2283559114440988
reconcile,-0.22838077429996212,0.22838077429996212
wrappers,-0.22838485339630765,0.22838485339630765
clien,-0.22851419263271883,0.22851419263271883
usually,-0.22852305057336827,0.22852305057336827
docs reference,-0.22861779349194214,0.22861779349194214
better written,-0.22873390901354512,0.22873390901354512
url encrypted,-0.22881555859217625,0.22881555859217625
setting,-0.22891481956006193,0.22891481956006193
ll,-0.22912914786118885,0.22912914786118885
worthwhile,-0.22926247868261687,0.22926247868261687
config file,-0.229335960790165,0.229335960790165
built security,-0.22937247981522813,0.22937247981522813
s2n_kem,-0.2294943281661526,0.2294943281661526
badges,-0.22949728132361288,0.22949728132361288
tizen,-0.22965265933256077,0.22965265933256077
extensions,-0.22967954783408445,0.22967954783408445
rbac authorization,-0.22969248287852698,0.22969248287852698
simply ignore,-0.22970274781457917,0.22970274781457917
write access,-0.22970383543051806,0.22970383543051806
authorization endpoint,-0.22973902200941887,0.22973902200941887
called,-0.22977946100846078,0.22977946100846078
middleware,-0.22985681933067767,0.22985681933067767
session data,-0.22999270431243476,0.22999270431243476
token jwt,-0.23016605083810163,0.23016605083810163
token creating,-0.23018805303570206,0.23018805303570206
need authorization,-0.23020115428107693,0.23020115428107693
user using,-0.23022885997117898,0.23022885997117898
pypi,-0.23050161696726343,0.23050161696726343
offer,-0.23053001024998554,0.23053001024998554
jwts,-0.230547302735487,0.230547302735487
authentication using,-0.23060172606714735,0.23060172606714735
security concerns,-0.2306473951446744,0.2306473951446744
live,-0.23075363187220807,0.23075363187220807
aka ms,-0.23080361657500575,0.23080361657500575
https aka,-0.23080361657500575,0.23080361657500575
needs authorization,-0.2308261335124362,0.2308261335124362
example shows,-0.2309610661176399,0.2309610661176399
using ssl,-0.2309816825617475,0.2309816825617475
fixed database,-0.2310878650340389,0.2310878650340389
file encrypted,-0.2311071183771055,0.2311071183771055
knative,-0.2311494393788204,0.2311494393788204
200,-0.23126302757330436,0.23126302757330436
expects,-0.23137556546956292,0.23137556546956292
pass credentials,-0.2314777303875478,0.2314777303875478
authorization mechanism,-0.23171299142541135,0.23171299142541135
validate_certs,-0.2317826343101856,0.2317826343101856
direct,-0.23179516638534603,0.23179516638534603
die,-0.23183014205550578,0.23183014205550578
just wonder,-0.23201175009409303,0.23201175009409303
app hail,-0.2320879123614442,0.2320879123614442
need review,-0.2321706672717466,0.2321706672717466
probably needs,-0.23237073939413871,0.23237073939413871
differ,-0.23266151667335977,0.23266151667335977
ll probably,-0.23268496295307495,0.23268496295307495
owner user,-0.23270038661935247,0.23270038661935247
enabled true,-0.2327587745237668,0.2327587745237668
example ve,-0.2328765614834138,0.2328765614834138
suggesting,-0.23295606933927462,0.23295606933927462
security core,-0.23322655114708776,0.23322655114708776
adding authorization,-0.23337728397314073,0.23337728397314073
detect,-0.2333938575358463,0.2333938575358463
like,-0.2338177402376892,0.2338177402376892
managed,-0.23390646832317474,0.23390646832317474
authn,-0.2342756919984154,0.2342756919984154
manipulations,-0.23430548357513206,0.23430548357513206
validation set,-0.23434839466981963,0.23434839466981963
producer,-0.234369427731376,0.234369427731376
messaging,-0.23445746666879336,0.23445746666879336
await,-0.2344916241630152,0.2344916241630152
bootstrap,-0.2345397219209336,0.2345397219209336
suited,-0.23456242914835604,0.23456242914835604
better option,-0.23473069132963997,0.23473069132963997
levels,-0.2348744826266659,0.2348744826266659
doesn add,-0.23500780260589044,0.23500780260589044
rest,-0.2351314576642771,0.2351314576642771
new authorization,-0.23526408820787767,0.23526408820787767
null session,-0.2353104847687786,0.2353104847687786
management token,-0.23558762008646533,0.23558762008646533
adding line,-0.23563008461683208,0.23563008461683208
tls session,-0.2356925488620514,0.2356925488620514
master packages,-0.23570873025617067,0.23570873025617067
generate password,-0.23582131322811167,0.23582131322811167
toml,-0.23585281161898433,0.23585281161898433
labels,-0.23597374314030567,0.23597374314030567
deserialized,-0.2361312911941175,0.2361312911941175
good practice,-0.23613621196625295,0.23613621196625295
csr,-0.23637084254457635,0.23637084254457635
does make,-0.23638437425801184,0.23638437425801184
sdl,-0.2364521386971306,0.2364521386971306
secure connection,-0.2364972629744198,0.2364972629744198
authentication plugin,-0.2364997164758452,0.2364997164758452
sets,-0.23659493360197492,0.23659493360197492
secrets passwords,-0.2366989041578171,0.2366989041578171
authenticationscheme,-0.23670194644440107,0.23670194644440107
units,-0.23672749748283622,0.23672749748283622
suitable,-0.2368063398979473,0.2368063398979473
detects,-0.23698766820193937,0.23698766820193937
thing need,-0.23708109603933547,0.23708109603933547
mechanism,-0.23712382771488333,0.23712382771488333
represent,-0.23717795138518824,0.23717795138518824
security group,-0.23724224852097542,0.23724224852097542
properties,-0.2372952979822779,0.2372952979822779
adapted,-0.2372999039902033,0.2372999039902033
just clear,-0.23745681335111846,0.23745681335111846
current behavior,-0.23748358223684013,0.23748358223684013
futures,-0.23753472508580217,0.23753472508580217
snippet,-0.23762252222354316,0.23762252222354316
circleci token,-0.237750038410299,0.237750038410299
tsl,-0.23803951726038816,0.23803951726038816
search,-0.23816047690338166,0.23816047690338166
configuration option,-0.2382277929687818,0.2382277929687818
maybe need,-0.2383830198242836,0.2383830198242836
authorization module,-0.23849333029088518,0.23849333029088518
ssl certificate,-0.23851408958679718,0.23851408958679718
staging,-0.23863788113404963,0.23863788113404963
flow,-0.2387209124407856,0.2387209124407856
encrypted using,-0.23884983120709152,0.23884983120709152
credentials available,-0.2388899252679079,0.2388899252679079
need authenticated,-0.23904412167706987,0.23904412167706987
tasks,-0.23936440633732986,0.23936440633732986
wanted avoid,-0.23941697314966404,0.23941697314966404
tls validation,-0.2394265309181363,0.2394265309181363
xpack security,-0.2394726236871384,0.2394726236871384
password password,-0.23960776546273158,0.23960776546273158
authentication used,-0.23963735352351287,0.23963735352351287
handle permissions,-0.2398190546900975,0.2398190546900975
gcloud,-0.23998166333814,0.23998166333814
builds,-0.2400021261255438,0.2400021261255438
approach,-0.24008148835673776,0.24008148835673776
using encrypted,-0.24045153332701943,0.24045153332701943
authorization set,-0.24080665553637368,0.24080665553637368
started,-0.24086340552964955,0.24086340552964955
store encrypted,-0.24087024569666687,0.24087024569666687
cms,-0.24096865912715015,0.24096865912715015
sys,-0.24111229040631144,0.24111229040631144
nearly,-0.24112671976993083,0.24112671976993083
want implement,-0.24112900172141444,0.24112900172141444
certificates don,-0.24117141839506778,0.24117141839506778
http 401,-0.24118703499922317,0.24118703499922317
installed,-0.24147975716041425,0.24147975716041425
happens user,-0.24154308388653942,0.24154308388653942
sql relational,-0.24173125497106224,0.24173125497106224
databases security,-0.24173125497106224,0.24173125497106224
relational databases,-0.24173125497106224,0.24173125497106224
relational,-0.24173125497106224,0.24173125497106224
taskcluster secrets,-0.24223869232357248,0.24223869232357248
development,-0.2422630797812347,0.2422630797812347
just return,-0.2424670972082704,0.2424670972082704
credentials used,-0.24254861499909228,0.24254861499909228
192,-0.24273051405588988,0.24273051405588988
processing,-0.24277879033365826,0.24277879033365826
aggregate,-0.24281993795884954,0.24281993795884954
point security,-0.24282909913873138,0.24282909913873138
security security,-0.24290471465499244,0.24290471465499244
looks good,-0.24291137986600772,0.24291137986600772
thi,-0.24306743255696067,0.24306743255696067
authorization use,-0.2430810499726992,0.2430810499726992
46,-0.24308814625439498,0.24308814625439498
cutting,-0.24321220778048463,0.24321220778048463
security good,-0.2432470284274056,0.2432470284274056
crypter,-0.2434014177033338,0.2434014177033338
hyperlink,-0.24354324075566736,0.24354324075566736
authenticator,-0.243563009108113,0.243563009108113
deployed,-0.2437059348369914,0.2437059348369914
interceptor,-0.24380316133679195,0.24380316133679195
remote address,-0.2439455664411147,0.2439455664411147
skip validation,-0.24404338308441137,0.24404338308441137
reason need,-0.24404449716922916,0.24404449716922916
wallet,-0.24432483393890067,0.24432483393890067
tha,-0.24432917819742142,0.24432917819742142
used client,-0.24447795334803202,0.24447795334803202
return false,-0.24449263427895748,0.24449263427895748
change pr,-0.24461006642235658,0.24461006642235658
api return,-0.24491857941630188,0.24491857941630188
core src,-0.2450165132109443,0.2450165132109443
users teams,-0.2450564702484275,0.2450564702484275
sent url,-0.24515785457371791,0.24515785457371791
function token,-0.24522197105185525,0.24522197105185525
crypt,-0.24547028470961024,0.24547028470961024
like don,-0.24563901995430035,0.24563901995430035
failed authentication,-0.2462783326144129,0.2462783326144129
suggestion authentication,-0.24649615581064807,0.24649615581064807
smtp,-0.24660851526252964,0.24660851526252964
supposed,-0.24677722410721223,0.24677722410721223
met,-0.24699953228801605,0.24699953228801605
mechanisms,-0.2470489376236331,0.2470489376236331
cas,-0.24727479923011728,0.24727479923011728
authorization token,-0.2473485905313628,0.2473485905313628
client api,-0.2473629326366684,0.2473629326366684
verified,-0.24753751721417266,0.24753751721417266
masked,-0.2475403411978344,0.2475403411978344
faq,-0.2475673691214045,0.2475673691214045
xml,-0.24756985828843303,0.24756985828843303
standalone,-0.24758430043601268,0.24758430043601268
negotiation,-0.24764101816147244,0.24764101816147244
crt,-0.24767786436628736,0.24767786436628736
login api,-0.24788748927444998,0.24788748927444998
changed test,-0.24795513150199794,0.24795513150199794
sure default,-0.24797431989545268,0.24797431989545268
password right,-0.2481110135575956,0.2481110135575956
authentication happens,-0.24814066443468807,0.24814066443468807
explain way,-0.24821559690790418,0.24821559690790418
stream,-0.2482430116325916,0.2482430116325916
circleci,-0.24831472710750174,0.24831472710750174
auth,-0.24845750816183926,0.24845750816183926
type text,-0.24860084176805178,0.24860084176805178
security validation,-0.2486054030822967,0.2486054030822967
adding note,-0.24888738312166298,0.24888738312166298
adding,-0.2489353190576543,0.2489353190576543
async,-0.24909627293380804,0.24909627293380804
outside,-0.24911175428098747,0.24911175428098747
manage,-0.2491616998936635,0.2491616998936635
subscriptions,-0.24956970785291577,0.24956970785291577
asterisk,-0.24966092948735188,0.24966092948735188
groups,-0.24976849689361963,0.24976849689361963
null pointer,-0.2500806048976031,0.2500806048976031
authentication security,-0.2501867407192518,0.2501867407192518
environment,-0.2502382939965321,0.2502382939965321
content,-0.25030443879221226,0.25030443879221226
secret env,-0.25030482418084654,0.25030482418084654
hex,-0.2503106667841394,0.2503106667841394
https developers,-0.25051186388937163,0.25051186388937163
think example,-0.25053229769088625,0.25053229769088625
issues think,-0.2505322976908863,0.2505322976908863
authenticate requests,-0.25057574248751935,0.25057574248751935
easier reason,-0.25063859627937457,0.25063859627937457
decrypt small,-0.2507592120510037,0.2507592120510037
status,-0.25087830138593975,0.25087830138593975
core blob,-0.2516107074910476,0.2516107074910476
nit,-0.2516469632946046,0.2516469632946046
possible enable,-0.2516503794031649,0.2516503794031649
passwords sensitive,-0.25166144422127984,0.25166144422127984
better avoid,-0.251668952061945,0.251668952061945
created using,-0.25229503446123563,0.25229503446123563
authentication works,-0.2523795240045339,0.2523795240045339
saml,-0.252579173244283,0.252579173244283
taskcluster,-0.2525831879874556,0.2525831879874556
security domain,-0.25290701902674567,0.25290701902674567
volume,-0.2533937928527987,0.2533937928527987
dump,-0.2533984860536163,0.2533984860536163
embedded,-0.2535788096215131,0.2535788096215131
technical,-0.25383740883163464,0.25383740883163464
parse response,-0.25416814199576226,0.25416814199576226
sorry,-0.25420881192258865,0.25420881192258865
lookup,-0.2542642207176019,0.2542642207176019
suggestion current,-0.2543486312578558,0.2543486312578558
use policy,-0.25463833101297373,0.25463833101297373
end end,-0.2547236537128302,0.2547236537128302
selection,-0.25493549715086744,0.25493549715086744
tutorial,-0.25499931870083453,0.25499931870083453
okta,-0.2550085005281136,0.2550085005281136
new ticket,-0.25509050153355806,0.25509050153355806
explicitly enable,-0.25514154374201,0.25514154374201
pkg,-0.2551884838223497,0.2551884838223497
password passed,-0.2552276649916757,0.2552276649916757
com docs,-0.2552501456935337,0.2552501456935337
install fails,-0.2552588777532235,0.2552588777532235
registries,-0.2553529340512755,0.2553529340512755
authentication failed,-0.25542910216659526,0.25542910216659526
authentication provider,-0.25545558643666494,0.25545558643666494
advantage,-0.25550146124549483,0.25550146124549483
gov,-0.25550924173258066,0.25550924173258066
big,-0.25553323744589346,0.25553323744589346
better choice,-0.25567841521598084,0.25567841521598084
erasure,-0.255762150733438,0.255762150733438
just thought,-0.25602744641652536,0.25602744641652536
set way,-0.256059130371681,0.256059130371681
docs authentication,-0.25607721306623865,0.25607721306623865
error response,-0.2562759381480958,0.2562759381480958
policies https,-0.2565124576274071,0.2565124576274071
sees,-0.25651709035109405,0.25651709035109405
repeat,-0.25657995034033915,0.25657995034033915
replication,-0.2565851471441115,0.2565851471441115
goes,-0.2565862469624623,0.2565862469624623
factor authentication,-0.25661487156671803,0.25661487156671803
request permission,-0.2567434121576987,0.2567434121576987
expensive,-0.25733801533424083,0.25733801533424083
exclude,-0.2574362945007446,0.2574362945007446
org,-0.2576740638051199,0.2576740638051199
storing,-0.25787890673831265,0.25787890673831265
security policies,-0.25800232822969715,0.25800232822969715
succeeds,-0.2581225375511506,0.2581225375511506
require,-0.25815265544595395,0.25815265544595395
typed,-0.25845587600376446,0.25845587600376446
absent,-0.2588349151522066,0.2588349151522066
alternatives,-0.25887752459590724,0.25887752459590724
heading,-0.25905911355721517,0.25905911355721517
existing,-0.25923553352096557,0.25923553352096557
certificate allow,-0.25923876555425757,0.25923876555425757
encrypted password,-0.2592564674420023,0.2592564674420023
indices,-0.2593325111988203,0.2593325111988203
minio,-0.25933826771482066,0.25933826771482066
impression,-0.2593841494597079,0.2593841494597079
endpoints,-0.2594353518955479,0.2594353518955479
token generation,-0.2596953197227051,0.2596953197227051
schema,-0.25970830953921825,0.25970830953921825
duplicating,-0.2598004446256279,0.2598004446256279
don overlap,-0.2599705964371011,0.2599705964371011
fact items,-0.2599705964371011,0.2599705964371011
does actually,-0.2599705964371011,0.2599705964371011
items don,-0.2599705964371011,0.2599705964371011
securitydomainid,-0.26000375256500813,0.26000375256500813
delete,-0.2600691147404785,0.2600691147404785
encrypted data,-0.26018201099617394,0.26018201099617394
2fa,-0.26035039888086575,0.26035039888086575
webhook,-0.2607148604504054,0.2607148604504054
files,-0.2607699677095656,0.2607699677095656
state,-0.2609235121320103,0.2609235121320103
serializer,-0.2610009026930721,0.2610009026930721
tls certificates,-0.2610251092270061,0.2610251092270061
security auth,-0.2611695332939802,0.2611695332939802
code dot,-0.2612118677388568,0.2612118677388568
attached,-0.2612454947916674,0.2612454947916674
strategy,-0.26125461463424293,0.26125461463424293
scram,-0.26125808268054346,0.26125808268054346
soon,-0.2613267477152067,0.2613267477152067
user maybe,-0.26139010734442747,0.26139010734442747
use security,-0.2617060020230291,0.2617060020230291
means session,-0.2621833143290046,0.2621833143290046
wording,-0.26222784302094865,0.26222784302094865
doesn authorization,-0.2622771802212381,0.2622771802212381
individual,-0.2623231947275181,0.2623231947275181
run script,-0.2623761417772366,0.2623761417772366
bc,-0.26240239915120583,0.26240239915120583
encrypt passwords,-0.2624175381185811,0.2624175381185811
predicates,-0.26243756855198563,0.26243756855198563
dacl,-0.262785618769438,0.262785618769438
err,-0.26280559473829673,0.26280559473829673
brackets,-0.26286358488101225,0.26286358488101225
code instead,-0.2632980217677384,0.2632980217677384
does validation,-0.2634265473764545,0.2634265473764545
cred,-0.26347155148312534,0.26347155148312534
aren using,-0.26347409932087684,0.26347409932087684
accounts,-0.2634859055751744,0.2634859055751744
want validate,-0.2637150634275637,0.2637150634275637
access database,-0.264197725804155,0.264197725804155
got,-0.26421471887520975,0.26421471887520975
rotate,-0.26428004654998855,0.26428004654998855
management,-0.26439799895208305,0.26439799895208305
environments,-0.2644255363325542,0.2644255363325542
user know,-0.2648617387073433,0.2648617387073433
token valid,-0.26507782826366355,0.26507782826366355
activity,-0.2651214321077606,0.2651214321077606
need validation,-0.26516235239543257,0.26516235239543257
experience,-0.2652307833315882,0.2652307833315882
actions,-0.2652363874532725,0.2652363874532725
ask,-0.2652932668705261,0.2652932668705261
used tls,-0.26557406745449924,0.26557406745449924
messages encrypted,-0.26562204559829317,0.26562204559829317
purposes,-0.26573177981642204,0.26573177981642204
unlocking,-0.26581893087075714,0.26581893087075714
authentication mechanism,-0.26596675801695147,0.26596675801695147
attempts authenticate,-0.2661449223886799,0.2661449223886799
holds,-0.26628380799510204,0.26628380799510204
think don,-0.2664612739088833,0.2664612739088833
js blob,-0.2665511600948732,0.2665511600948732
security encryption,-0.2666555946810447,0.2666555946810447
based authorization,-0.26667541897302227,0.26667541897302227
yes main,-0.26689603401740614,0.26689603401740614
manner,-0.26693400028492725,0.26693400028492725
ev,-0.26722711583205844,0.26722711583205844
original password,-0.26741790772640545,0.26741790772640545
recommendation,-0.2674425280590731,0.2674425280590731
width,-0.2675492514377875,0.2675492514377875
slightly,-0.26782937145834035,0.26782937145834035
gate,-0.26814082678781487,0.26814082678781487
microsoft,-0.2681991965717808,0.2681991965717808
examples,-0.2683387186847753,0.2683387186847753
bring,-0.26842672489483554,0.26842672489483554
api version,-0.2696881965120299,0.2696881965120299
gpg,-0.26970279642413436,0.26970279642413436
control list,-0.26987513466387203,0.26987513466387203
38,-0.27014324217013963,0.27014324217013963
encrypted token,-0.27029806378661053,0.27029806378661053
portal,-0.2709946774225494,0.2709946774225494
sample,-0.27111308566978903,0.27111308566978903
failing,-0.2711302962933556,0.2711302962933556
care,-0.2715917196010965,0.2715917196010965
tls version,-0.2719752951013296,0.2719752951013296
hard coding,-0.2723176458963681,0.2723176458963681
coding,-0.2723176458963681,0.2723176458963681
talend,-0.2723448450970496,0.2723448450970496
forces,-0.2725288453854354,0.2725288453854354
guide,-0.2725994117649018,0.2725994117649018
need worry,-0.2726174274430021,0.2726174274430021
reasons,-0.27261930681851404,0.27261930681851404
yeah,-0.27271449305917683,0.27271449305917683
require authorization,-0.2727887876804719,0.2727887876804719
password encrypted,-0.27294203098853986,0.27294203098853986
figure,-0.27304728817366336,0.27304728817366336
sanitization validation,-0.2731651848874925,0.2731651848874925
stay,-0.27317538465460833,0.27317538465460833
core security,-0.2734043004768934,0.2734043004768934
2018 04,-0.27353038656747236,0.27353038656747236
internally,-0.27363778395927657,0.27363778395927657
need sanitize,-0.27397268178885587,0.27397268178885587
bucket,-0.27419153203029234,0.27419153203029234
addressing,-0.2742528382441011,0.2742528382441011
downstream,-0.27433036727860893,0.27433036727860893
claim,-0.27442978342100527,0.27442978342100527
files need,-0.27451455032384614,0.27451455032384614
return value,-0.27480208554900964,0.27480208554900964
comment,-0.27487157536540713,0.27487157536540713
tapped,-0.2749730546332192,0.2749730546332192
ideally,-0.2750340055746725,0.2750340055746725
authorizes,-0.2750389971515893,0.2750389971515893
check like,-0.27521048404341314,0.27521048404341314
issuing,-0.2752345137146267,0.2752345137146267
hi,-0.2752571245959982,0.2752571245959982
io docs,-0.27539691927187737,0.27539691927187737
card,-0.27554860997799163,0.27554860997799163
non secret,-0.2756032871211223,0.2756032871211223
context,-0.2757306835255354,0.2757306835255354
si,-0.27595255313111633,0.27595255313111633
256,-0.2759616184059754,0.2759616184059754
inte,-0.2759904386842216,0.2759904386842216
scope,-0.27603537200713363,0.27603537200713363
relevant,-0.2760518582549536,0.2760518582549536
temporarily,-0.2763311977476324,0.2763311977476324
aware,-0.2764470764254999,0.2764470764254999
link https,-0.2764969381310869,0.2764969381310869
mozilla,-0.27669672516577376,0.27669672516577376
aka,-0.27691022197208315,0.27691022197208315
update,-0.2769656259971405,0.2769656259971405
selecting,-0.2770473196136691,0.2770473196136691
records,-0.2770834354851805,0.2770834354851805
possible just,-0.2770845263423781,0.2770845263423781
yes,-0.2771155609125461,0.2771155609125461
k8s io,-0.27715618322723606,0.27715618322723606
kong,-0.27753070385608664,0.27753070385608664
fully,-0.2776720802341847,0.2776720802341847
navigate,-0.2780817972912341,0.2780817972912341
key used,-0.27829131962325304,0.27829131962325304
encryption password,-0.27835246579580986,0.27835246579580986
doesn allow,-0.27848431339512913,0.27848431339512913
regenerate,-0.2784943164529283,0.2784943164529283
create secret,-0.2792642321672433,0.2792642321672433
single place,-0.2793113162294858,0.2793113162294858
want able,-0.27936098390221975,0.27936098390221975
stdout,-0.2795798695039399,0.2795798695039399
reverse proxy,-0.2796127659934808,0.2796127659934808
facebook,-0.2796238150205729,0.2796238150205729
xref,-0.2796514020611141,0.2796514020611141
security controls,-0.2796881268314652,0.2796881268314652
random,-0.2798213992748478,0.2798213992748478
review,-0.27996615481256704,0.27996615481256704
secret user,-0.2800091282811942,0.2800091282811942
security measure,-0.28011210823506005,0.28011210823506005
kafka,-0.2802086087431774,0.2802086087431774
works fine,-0.2802646547292894,0.2802646547292894
did,-0.28034194437170085,0.28034194437170085
encourage,-0.28056732591521394,0.28056732591521394
certificate stored,-0.2807375035026912,0.2807375035026912
tickets,-0.28115733918991315,0.28115733918991315
covered,-0.2817512469100937,0.2817512469100937
times,-0.2820209807020192,0.2820209807020192
untrusted,-0.2820825345152098,0.2820825345152098
fuzzy,-0.28216203495247916,0.28216203495247916
doesn work,-0.2823332535201064,0.2823332535201064
user created,-0.28233460432202534,0.28233460432202534
ingress,-0.2831078447736798,0.2831078447736798
installation,-0.28314931879708377,0.28314931879708377
cost,-0.2831803127171036,0.2831803127171036
authorization want,-0.28320128457673627,0.28320128457673627
issuer,-0.28325395708207757,0.28325395708207757
prow,-0.28360840720903824,0.28360840720903824
able,-0.2836705455586913,0.2836705455586913
enable authorization,-0.2844815098441547,0.2844815098441547
caching,-0.28448750343351775,0.28448750343351775
169,-0.2845086478473557,0.2845086478473557
usernames passwords,-0.28459233404801354,0.28459233404801354
vmware,-0.2846282168316096,0.2846282168316096
censor,-0.2847282418133693,0.2847282418133693
seccomp,-0.28497531495626605,0.28497531495626605
unlock,-0.2850297863564364,0.2850297863564364
native,-0.28553255799695554,0.28553255799695554
following error,-0.28577072725252606,0.28577072725252606
need time,-0.28599770690270443,0.28599770690270443
bytes,-0.2859979423517797,0.2859979423517797
kerberos,-0.28644335404530286,0.28644335404530286
transport,-0.28645031018724365,0.28645031018724365
need use,-0.28647413132664257,0.28647413132664257
password auth,-0.28657073106226955,0.28657073106226955
token need,-0.2866632406152083,0.2866632406152083
imo better,-0.28666742921286226,0.28666742921286226
just copied,-0.2867655871930787,0.2867655871930787
aren authenticated,-0.2867723157452726,0.2867723157452726
need decrypt,-0.2870818213931352,0.2870818213931352
analytics,-0.2871201172893953,0.2871201172893953
weird,-0.287190646726748,0.287190646726748
need think,-0.2874552717673511,0.2874552717673511
mount,-0.2877787458141074,0.2877787458141074
login password,-0.28787475775578913,0.28787475775578913
lived,-0.2879969831131094,0.2879969831131094
suggestion authorization,-0.28817101438598264,0.28817101438598264
chat,-0.288428793872849,0.288428793872849
net framework,-0.28862988955360946,0.28862988955360946
symfony,-0.2888018502452067,0.2888018502452067
late,-0.28900281241046877,0.28900281241046877
fabric,-0.28900498812238157,0.28900498812238157
ticket,-0.28913487213211025,0.28913487213211025
token change,-0.2896326642836538,0.2896326642836538
transferred,-0.28976310544851847,0.28976310544851847
site owner,-0.2899996991507209,0.2899996991507209
pay,-0.29026308924990524,0.29026308924990524
grpc,-0.29056156615079404,0.29056156615079404
authorization error,-0.2910921134098767,0.2910921134098767
openssl,-0.2911292940417546,0.2911292940417546
background,-0.2915224233884809,0.2915224233884809
tenant,-0.2917041800284739,0.2917041800284739
23,-0.29187397018268113,0.29187397018268113
use tokens,-0.29194262821070155,0.29194262821070155
visible,-0.292095314336997,0.292095314336997
fxa,-0.2923204932999119,0.2923204932999119
idea,-0.2923815323351147,0.2923815323351147
maintain,-0.2925567463073389,0.2925567463073389
aspects,-0.2927759903070654,0.2927759903070654
request,-0.2928119242979388,0.2928119242979388
sanitization security,-0.29313337855387755,0.29313337855387755
sent,-0.29313560813579786,0.29313560813579786
settingsdecrypter,-0.29331998874723164,0.29331998874723164
server validation,-0.29368499456524594,0.29368499456524594
using token,-0.29404041144251675,0.29404041144251675
import,-0.29412839008077113,0.29412839008077113
argument,-0.29417276832595723,0.29417276832595723
client certificate,-0.2945220128365684,0.2945220128365684
items,-0.29453275129287276,0.29453275129287276
rule,-0.29468426580377355,0.29468426580377355
stock,-0.2947806221349325,0.2947806221349325
like way,-0.2954013720096267,0.2954013720096267
actually needs,-0.29549711773242904,0.29549711773242904
tr,-0.29550256974936384,0.29550256974936384
pair,-0.2956898447266977,0.2956898447266977
sanitize data,-0.29572064242572343,0.29572064242572343
correct user,-0.2959078710498218,0.2959078710498218
want try,-0.2962856386470409,0.2962856386470409
support security,-0.2964869166431557,0.2964869166431557
ephemeral,-0.29681761691701264,0.29681761691701264
quic,-0.2968390758158704,0.2968390758158704
ideas,-0.29729524951990216,0.29729524951990216
followed,-0.29741081854686,0.29741081854686
token service,-0.29749555432013236,0.29749555432013236
presented,-0.2977287993386774,0.2977287993386774
representing,-0.29789556422858693,0.29789556422858693
sense,-0.2985830952929033,0.2985830952929033
recommend,-0.29892265416583974,0.29892265416583974
think expose,-0.299005772224033,0.299005772224033
browser,-0.2991544356427182,0.2991544356427182
lower,-0.30066563896253207,0.30066563896253207
gaining access,-0.30074615600972304,0.30074615600972304
partner,-0.3008686378958279,0.3008686378958279
incorrectly,-0.301134355326175,0.301134355326175
char avoid,-0.30182877607335407,0.30182877607335407
separate,-0.30185508223309093,0.30185508223309093
use secret,-0.30190662320258677,0.30190662320258677
javax,-0.30193899522909673,0.30193899522909673
preferable,-0.3021944200555431,0.3021944200555431
use exploit,-0.30269258195920756,0.30269258195920756
convenient,-0.3026925819592076,0.3026925819592076
pre,-0.3027528862419989,0.3027528862419989
tls connections,-0.30323975265725894,0.30323975265725894
version need,-0.30325951391253714,0.30325951391253714
respond,-0.30331228970563723,0.30331228970563723
token use,-0.3033853239256547,0.3033853239256547
lower case,-0.30381259112013187,0.30381259112013187
overview,-0.30406201832710317,0.30406201832710317
conf,-0.30412667203992116,0.30412667203992116
robust,-0.3041695557370538,0.3041695557370538
think,-0.30449554872782,0.30449554872782
instead passing,-0.3048401285418463,0.3048401285418463
way avoid,-0.3050003944674355,0.3050003944674355
applying,-0.3051707140249118,0.3051707140249118
level,-0.30533938587729903,0.30533938587729903
authz,-0.3059736971389189,0.3059736971389189
san,-0.30612556247523953,0.30612556247523953
convey,-0.3063702158259827,0.3063702158259827
access tokens,-0.3063704914272924,0.3063704914272924
probably need,-0.3068778667477736,0.3068778667477736
servers,-0.3071060403113386,0.3071060403113386
open authorization,-0.30736892166597835,0.30736892166597835
long time,-0.3075130156513921,0.3075130156513921
removing,-0.3076883512740746,0.3076883512740746
terraform,-0.3077908311973494,0.3077908311973494
validating,-0.30787682783174375,0.30787682783174375
security sensitive,-0.3078790031386059,0.3078790031386059
installer,-0.3081493018270149,0.3081493018270149
user right,-0.3083100399755554,0.3083100399755554
secrets tokens,-0.30831153065490036,0.30831153065490036
category,-0.3086676493395267,0.3086676493395267
information api,-0.3087499131950242,0.3087499131950242
provide,-0.30882137469321586,0.30882137469321586
requirements,-0.30895595432458023,0.30895595432458023
access control,-0.30940409332154817,0.30940409332154817
removed,-0.3094596670344665,0.3094596670344665
just trying,-0.3095707269532849,0.3095707269532849
wouldn,-0.30979212933194333,0.30979212933194333
making query,-0.30999499387803664,0.30999499387803664
component security,-0.3104578619731446,0.3104578619731446
enhance,-0.3105006328071656,0.3105006328071656
authentication tokens,-0.31084539422760266,0.31084539422760266
helper,-0.3108541159103088,0.3108541159103088
instructions,-0.3110447924740198,0.3110447924740198
ldap,-0.31124679411763984,0.31124679411763984
deployments,-0.31202545800664017,0.31202545800664017
credentials token,-0.3120738640986246,0.3120738640986246
choice,-0.3122661916766446,0.3122661916766446
password string,-0.31248539233800215,0.31248539233800215
authenticating,-0.31252104014533627,0.31252104014533627
directly use,-0.31292299737235457,0.31292299737235457
user group,-0.31321861611485785,0.31321861611485785
password needs,-0.31321889698916855,0.31321889698916855
service account,-0.3134036360770874,0.3134036360770874
authorization https,-0.3134773267304348,0.3134773267304348
remaining,-0.31349224597095543,0.31349224597095543
ah yes,-0.3139318217879815,0.3139318217879815
passing password,-0.31401676559880987,0.31401676559880987
special case,-0.3143166141521628,0.3143166141521628
coded,-0.3148847697088058,0.3148847697088058
hard coded,-0.3148847697088058,0.3148847697088058
arc,-0.31503628177947224,0.31503628177947224
nicely,-0.3151233487105217,0.3151233487105217
pas,-0.315291318277642,0.315291318277642
functions,-0.3154221556674388,0.3154221556674388
subsystem,-0.3166892932982846,0.3166892932982846
yah,-0.3167499046765513,0.3167499046765513
adds,-0.31678118322459303,0.31678118322459303
app mytardis,-0.31715672921313925,0.31715672921313925
prid 1873289,-0.31715672921313925,0.31715672921313925
1873289,-0.31715672921313925,0.31715672921313925
tastypie authorization,-0.31715672921313925,0.31715672921313925
tastypie,-0.31715672921313925,0.31715672921313925
import tastypie,-0.31715672921313925,0.31715672921313925
unable import,-0.31715672921313925,0.31715672921313925
issue unable,-0.31715672921313925,0.31715672921313925
mytardis mytardis,-0.31715672921313925,0.31715672921313925
capture,-0.3172320316005189,0.3172320316005189
use https,-0.31764548813471577,0.31764548813471577
latency,-0.31764612553029387,0.31764612553029387
security policy,-0.31766202090661033,0.31766202090661033
configuring,-0.3182031041197652,0.3182031041197652
cf,-0.3182297872928848,0.3182297872928848
covbot,-0.31844070001216485,0.31844070001216485
security feature,-0.31849742713499607,0.31849742713499607
configmap,-0.3184982941262821,0.3184982941262821
signed,-0.3187221704588332,0.3187221704588332
conscious,-0.3187455936377204,0.3187455936377204
validation errors,-0.31923370078352503,0.31923370078352503
link,-0.31960433350333584,0.31960433350333584
runner,-0.3197644935373117,0.3197644935373117
piece,-0.3197849296352213,0.3197849296352213
tables,-0.3201069301419848,0.3201069301419848
installations,-0.32031779335443,0.32031779335443
debugger,-0.3204008176060142,0.3204008176060142
id token,-0.3205563660111917,0.3205563660111917
verify,-0.32079859886058315,0.32079859886058315
secrets yaml,-0.3209334185211897,0.3209334185211897
features,-0.32098888288048316,0.32098888288048316
instant,-0.32106125992470347,0.32106125992470347
review security,-0.3224063758365049,0.3224063758365049
th,-0.32241634959907617,0.32241634959907617
unable,-0.3228413790798945,0.3228413790798945
amazon,-0.3229033021970754,0.3229033021970754
sh,-0.32328761421408664,0.32328761421408664
using header,-0.32353567028582325,0.32353567028582325
role,-0.32390000638752564,0.32390000638752564
successful,-0.32409870521617073,0.32409870521617073
connected,-0.3241707171568591,0.3241707171568591
like validation,-0.32432500848417256,0.32432500848417256
doing authorization,-0.32500699516361364,0.32500699516361364
travis ci,-0.3250742214780226,0.3250742214780226
254,-0.32511718543898555,0.32511718543898555
overlap,-0.3253243921982679,0.3253243921982679
plus,-0.3255286917174264,0.3255286917174264
used,-0.3262307753954493,0.3262307753954493
follow,-0.32776692482332426,0.32776692482332426
endpoint does,-0.32781756980039206,0.32781756980039206
handling,-0.3279203161078633,0.3279203161078633
gated,-0.328415238935365,0.328415238935365
need,-0.3289067601893844,0.3289067601893844
component,-0.3290193754332352,0.3290193754332352
password file,-0.32954597842145944,0.32954597842145944
change use,-0.32959236551154003,0.32959236551154003
interact,-0.32976609108990196,0.32976609108990196
let,-0.33124374731251116,0.33124374731251116
words,-0.33136975389730183,0.33136975389730183
behavior,-0.3314500547382979,0.3314500547382979
fails,-0.33172565915184865,0.33172565915184865
la,-0.33209908105827357,0.33209908105827357
think means,-0.3333628726794693,0.3333628726794693
extra,-0.33351703898194895,0.33351703898194895
magento,-0.3338107836620849,0.3338107836620849
important thing,-0.3344510105388325,0.3344510105388325
certs,-0.3346981263243671,0.3346981263243671
yesterday,-0.33502796849949773,0.33502796849949773
curious,-0.3353326088676236,0.3353326088676236
signing,-0.33585817101187554,0.33585817101187554
loaded,-0.33603476710652946,0.33603476710652946
keycloak,-0.33653364875587455,0.33653364875587455
ms,-0.3366844802707381,0.3366844802707381
alpha,-0.33679266149987075,0.33679266149987075
role_id,-0.3373868474783903,0.3373868474783903
validation won,-0.33743482910428996,0.33743482910428996
independent,-0.3375609627463984,0.3375609627463984
delegation,-0.3375953181646706,0.3375953181646706
mix,-0.3384859175775425,0.3384859175775425
dc,-0.3388561790386001,0.3388561790386001
dc os,-0.3388561790386001,0.3388561790386001
lots,-0.33932278120688164,0.33932278120688164
descriptor,-0.33940373929286505,0.33940373929286505
security perspective,-0.3394154232769275,0.3394154232769275
think want,-0.33958125689257534,0.33958125689257534
configuration password,-0.3396186475516134,0.3396186475516134
delegated,-0.33977973428907976,0.33977973428907976
non static,-0.3398040981802877,0.3398040981802877
threshold,-0.34029009926409715,0.34029009926409715
server authentication,-0.3403193945007809,0.3403193945007809
connector,-0.3405685005964576,0.3405685005964576
consul,-0.3410923838813225,0.3410923838813225
oidc,-0.34155067786038423,0.34155067786038423
dotnet,-0.3416775692080888,0.3416775692080888
oauth2,-0.34205245702052883,0.34205245702052883
secure,-0.34269899685212696,0.34269899685212696
approach taking,-0.3436097866977816,0.3436097866977816
secured,-0.3441768872655072,0.3441768872655072
mvc,-0.3445917829655572,0.3445917829655572
controllers,-0.3447856391314923,0.3447856391314923
force ssl,-0.3454115990239857,0.3454115990239857
rtt,-0.3462816255042709,0.3462816255042709
really needed,-0.34633027523256493,0.34633027523256493
privacy,-0.3463567157140851,0.3463567157140851
security features,-0.34685661210287705,0.34685661210287705
provides,-0.3469400203019383,0.3469400203019383
control,-0.34697779298840153,0.34697779298840153
new,-0.34731854450446864,0.34731854450446864
infrastructure,-0.3475168434796678,0.3475168434796678
incorrect,-0.3476480432158471,0.3476480432158471
secret set,-0.3478393579793226,0.3478393579793226
behalf,-0.34806546153087825,0.34806546153087825
create,-0.34818587254578104,0.34818587254578104
password security,-0.3490084078044885,0.3490084078044885
heroku,-0.34919021472998857,0.34919021472998857
keys passwords,-0.34950330897472875,0.34950330897472875
different,-0.34977763760618136,0.34977763760618136
seen,-0.3501924588525367,0.3501924588525367
issue standard,-0.35022737737526927,0.35022737737526927
pseudo,-0.35022737737526927,0.35022737737526927
random generators,-0.35022737737526927,0.35022737737526927
pseudo random,-0.35022737737526927,0.35022737737526927
cryptographic purposes,-0.35022737737526927,0.35022737737526927
standard pseudo,-0.35022737737526927,0.35022737737526927
purposes https,-0.35022737737526927,0.35022737737526927
generators suitable,-0.35022737737526927,0.35022737737526927
suitable security,-0.35022737737526927,0.35022737737526927
sasl,-0.35065921487165397,0.35065921487165397
headers,-0.3511046103989129,0.3511046103989129
containing,-0.35127597511004816,0.35127597511004816
edge,-0.35191763439810886,0.35191763439810886
location,-0.352275703940219,0.352275703940219
tests,-0.35256521697494947,0.35256521697494947
boundaries,-0.3526135815862455,0.3526135815862455
generate,-0.3527935198446228,0.3527935198446228
throw,-0.35387724573090645,0.35387724573090645
ssl tls,-0.35396247804053854,0.35396247804053854
distributed,-0.35406451215917484,0.35406451215917484
designed,-0.35422494390656606,0.35422494390656606
confused,-0.35493780125871316,0.35493780125871316
id,-0.3551824935519527,0.3551824935519527
favor,-0.35542398706923306,0.35542398706923306
json web,-0.3556459485407974,0.3556459485407974
retrieve,-0.3558113148948502,0.3558113148948502
const,-0.35645122271041846,0.35645122271041846
file permissions,-0.3566454765333593,0.3566454765333593
auth0,-0.3574020186937822,0.3574020186937822
providing,-0.3579944603376747,0.3579944603376747
just,-0.3581338121150122,0.3581338121150122
shouldn,-0.35857260897286286,0.35857260897286286
encrypted form,-0.35863513593711394,0.35863513593711394
token looks,-0.35925113121636043,0.35925113121636043
rate limit,-0.360026488766304,0.360026488766304
referenced,-0.36052089831327433,0.36052089831327433
trailing,-0.36112211048400644,0.36112211048400644
working,-0.3621773707082939,0.3621773707082939
authorization mode,-0.36262356948929203,0.36262356948929203
character,-0.36394599510545284,0.36394599510545284
username password,-0.36407263778825455,0.36407263778825455
library,-0.36418609997891194,0.36418609997891194
vm,-0.3645612832871227,0.3645612832871227
main,-0.36561813437968066,0.36561813437968066
claims,-0.36648926403539,0.36648926403539
denied,-0.36657671071636266,0.36657671071636266
stuff,-0.3667232781022642,0.3667232781022642
settings xml,-0.36708577688395694,0.36708577688395694
int,-0.36713016751723615,0.36713016751723615
self signed,-0.3673865609195706,0.3673865609195706
feature,-0.3674066972200744,0.3674066972200744
secrets file,-0.3674084327443865,0.3674084327443865
valid,-0.36853038684226985,0.36853038684226985
abac,-0.369318955800206,0.369318955800206
naming,-0.3694966061278781,0.3694966061278781
header authorization,-0.3701063761366011,0.3701063761366011
v2,-0.37094938517834747,0.37094938517834747
repo,-0.37139053661199806,0.37139053661199806
fallback,-0.37217169600692995,0.37217169600692995
secrets using,-0.37223154014929133,0.37223154014929133
access token,-0.3727976117782751,0.3727976117782751
use case,-0.37303350144817066,0.37303350144817066
scenario,-0.3735444406335292,0.3735444406335292
definition,-0.37365823710518303,0.37365823710518303
03,-0.37402598534149417,0.37402598534149417
bool,-0.3754939949034077,0.3754939949034077
unnecessarily,-0.37721858609703685,0.37721858609703685
surprising,-0.37919112247093756,0.37919112247093756
cookies,-0.3807373260755564,0.3807373260755564
copied,-0.38123139521441013,0.38123139521441013
authorization service,-0.3812477171335419,0.3812477171335419
connect,-0.3820783944351696,0.3820783944351696
message,-0.382313492720569,0.382313492720569
doc,-0.3828591496256427,0.3828591496256427
subclass,-0.3834179967551312,0.3834179967551312
body,-0.38419317668525943,0.38419317668525943
carefully,-0.3850374815915111,0.3850374815915111
interface,-0.38610610654774746,0.38610610654774746
securit,-0.3867276166806632,0.3867276166806632
keytab,-0.38744791658413114,0.38744791658413114
config,-0.38864529900683104,0.38864529900683104
permissive,-0.38864983204616144,0.38864983204616144
ansible,-0.3892646599657597,0.3892646599657597
byte,-0.3893909137383041,0.3893909137383041
user,-0.3902048676692126,0.3902048676692126
gateway,-0.39040863298073814,0.39040863298073814
generators,-0.3907814390188307,0.3907814390188307
think ll,-0.3910107724013658,0.3910107724013658
major,-0.39203345223939223,0.39203345223939223
sending,-0.3924521735227205,0.3924521735227205
security index,-0.39326805900399914,0.39326805900399914
copy,-0.39362435741903506,0.39362435741903506
permissive mode,-0.39404095937353995,0.39404095937353995
ideal,-0.39410268165572715,0.39410268165572715
playbook,-0.3942668599461413,0.3942668599461413
ssh,-0.39459360222023315,0.39459360222023315
method called,-0.3951229683344458,0.3951229683344458
install,-0.3957943798011914,0.3957943798011914
need request,-0.398062993078029,0.398062993078029
aws,-0.39841823385074066,0.39841823385074066
taking,-0.3985128082721553,0.3985128082721553
support,-0.39854300870649484,0.39854300870649484
procedure,-0.3986792735507372,0.3986792735507372
compare,-0.3989475957735401,0.3989475957735401
google,-0.4000963015839982,0.4000963015839982
expiry,-0.40158742444490697,0.40158742444490697
sensitive info,-0.4017140361220491,0.4017140361220491
pdf,-0.40264187709378163,0.40264187709378163
make clear,-0.4040833863789836,0.4040833863789836
manager,-0.4040943193067799,0.4040943193067799
updating,-0.4041557047205369,0.4041557047205369
parameters,-0.40537527032085413,0.40537527032085413
allowed,-0.40545529059389873,0.40545529059389873
class,-0.4067691349716961,0.4067691349716961
private,-0.40701213359090754,0.40701213359090754
elastic,-0.40736733872091396,0.40736733872091396
detailed,-0.4076335131776955,0.4076335131776955
authentication disabled,-0.4079653852219579,0.4079653852219579
network security,-0.4084671355099334,0.4084671355099334
epoch,-0.4098684859856221,0.4098684859856221
2a,-0.41032884918217766,0.41032884918217766
secretes,-0.4108298279029004,0.4108298279029004
session token,-0.4109504390539298,0.4109504390539298
untrusted input,-0.41117665921873825,0.41117665921873825
request authorization,-0.4113396963044065,0.4113396963044065
security context,-0.41278049002612505,0.41278049002612505
kept,-0.4150936101698944,0.4150936101698944
received,-0.4156452018393078,0.4156452018393078
default value,-0.4167180984374682,0.4167180984374682
extract,-0.41802518804851446,0.41802518804851446
standard,-0.41925062110082556,0.41925062110082556
mock,-0.4197909537659081,0.4197909537659081
misleading,-0.4198855991214106,0.4198855991214106
permission checks,-0.4200345022963686,0.4200345022963686
little,-0.42006503260605443,0.42006503260605443
model,-0.42036850550697114,0.42036850550697114
public key,-0.42066397620504303,0.42066397620504303
base64,-0.4208017732548033,0.4208017732548033
authenticated user,-0.4209689096309591,0.4209689096309591
single,-0.4240823459517941,0.4240823459517941
goal,-0.4242884319682987,0.4242884319682987
document,-0.42433496657134523,0.42433496657134523
resources,-0.4248700944471961,0.4248700944471961
transaction,-0.4269075744934335,0.4269075744934335
exchange,-0.42857152367622653,0.42857152367622653
implement security,-0.42923086761387796,0.42923086761387796
help,-0.4295950551017896,0.4295950551017896
ca,-0.42965312707335473,0.42965312707335473
real,-0.43090623279935153,0.43090623279935153
sites,-0.4310180545327608,0.4310180545327608
saying,-0.43162263025568254,0.43162263025568254
console,-0.432935680859964,0.432935680859964
reset,-0.43332100968861004,0.43332100968861004
session id,-0.4334563264321628,0.4334563264321628
implement,-0.43395585713700574,0.43395585713700574
security cryptographic,-0.43442344235158603,0.43442344235158603
perspective,-0.4363522671325112,0.4363522671325112
https docs,-0.4396436799776564,0.4396436799776564
disabled,-0.439881694162629,0.439881694162629
travis,-0.44032052672971067,0.44032052672971067
use like,-0.44032369020901335,0.44032369020901335
api key,-0.4405711425232497,0.4405711425232497
engine,-0.4420377798111388,0.4420377798111388
fine,-0.44331067662252044,0.44331067662252044
payment,-0.44335838432592906,0.44335838432592906
profile,-0.4439330428376575,0.4439330428376575
able decrypt,-0.4440000101524606,0.4440000101524606
sign,-0.4442578443433606,0.4442578443433606
istio,-0.44463682237085905,0.44463682237085905
add validation,-0.4448263855071874,0.4448263855071874
io,-0.4454431125633184,0.4454431125633184
layer,-0.4467358066964297,0.4467358066964297
bearer,-0.44836065911964373,0.44836065911964373
intentionally,-0.449682155411257,0.449682155411257
information just,-0.44996872569681834,0.44996872569681834
confusing,-0.45009625296517053,0.45009625296517053
set true,-0.4505852130641367,0.4505852130641367
wanted,-0.450905705910513,0.450905705910513
contain,-0.4518538639196763,0.4518538639196763
way know,-0.4545864588027543,0.4545864588027543
locally,-0.4569095232617458,0.4569095232617458
retry,-0.45785670836751247,0.45785670836751247
cool,-0.4583190127203674,0.4583190127203674
doing,-0.4586175086196423,0.4586175086196423
strongly,-0.46082904287294824,0.46082904287294824
encoding,-0.4613819966233624,0.4613819966233624
sanitization,-0.4615840267710028,0.4615840267710028
purpose,-0.4617589082089621,0.4617589082089621
like authorization,-0.46182997418452437,0.46182997418452437
end,-0.46570952654022785,0.46570952654022785
declaring,-0.46871720158324043,0.46871720158324043
mapped,-0.4698856471128292,0.4698856471128292
openshift,-0.47376666644455795,0.47376666644455795
decrypted,-0.47400230215832956,0.47400230215832956
sure want,-0.47449129776383636,0.47449129776383636
client,-0.4753405996112172,0.4753405996112172
like did,-0.47655087221677833,0.47655087221677833
output,-0.48058089048040226,0.48058089048040226
core,-0.48205556462561866,0.48205556462561866
receiving,-0.482782830591409,0.482782830591409
http authorization,-0.48327258274907897,0.48327258274907897
roles,-0.48459767403475285,0.48459767403475285
stdin,-0.48510857609763497,0.48510857609763497
input,-0.48824744212839566,0.48824744212839566
let encrypt,-0.4941436303815488,0.4941436303815488
security enabled,-0.4968000110219384,0.4968000110219384
things like,-0.499918797212395,0.499918797212395
authorization header,-0.5004787387989571,0.5004787387989571
src,-0.5011283266542125,0.5011283266542125
integrity,-0.503396359614122,0.503396359614122
services,-0.5090209715305184,0.5090209715305184
use authorization,-0.5103312208319031,0.5103312208319031
bin,-0.510755869235651,0.510755869235651
settings,-0.5109539912992906,0.5109539912992906
x509,-0.5113625698809989,0.5113625698809989
suggestion,-0.5115175999022628,0.5115175999022628
ssl certificates,-0.516159892381021,0.516159892381021
error,-0.5170501383478731,0.5170501383478731
param,-0.5179172988258951,0.5179172988258951
prevents,-0.5181490859027128,0.5181490859027128
exploiting fact,-0.5183607504391343,0.5183607504391343
security credentials,-0.5196095115434924,0.5196095115434924
logic,-0.521703779500909,0.521703779500909
env,-0.5257234758447191,0.5257234758447191
useful,-0.5275118633127664,0.5275118633127664
works,-0.5276432643617469,0.5276432643617469
exploiter,-0.5298246907333697,0.5298246907333697
showing,-0.5300199095411326,0.5300199095411326
match,-0.5332969320628882,0.5332969320628882
related,-0.5376592534239184,0.5376592534239184
factor,-0.5376879480405458,0.5376879480405458
security authentication,-0.5417343495632081,0.5417343495632081
authorizing,-0.5462879196803462,0.5462879196803462
specified,-0.546296975041764,0.546296975041764
security tokens,-0.5485189635956569,0.5485189635956569
keystore,-0.5497363505096664,0.5497363505096664
changes,-0.551922419662565,0.551922419662565
moved,-0.5523777196678603,0.5523777196678603
define,-0.555078679435932,0.555078679435932
vault,-0.5574377602702052,0.5574377602702052
failure,-0.5591354961766812,0.5591354961766812
user authenticated,-0.5614243221167213,0.5614243221167213
s3,-0.5623095899616638,0.5623095899616638
step,-0.5626311783805551,0.5626311783805551
sounds like,-0.5700799252497485,0.5700799252497485
provider,-0.5739708748772347,0.5739708748772347
azure,-0.5759698451308489,0.5759698451308489
discussing,-0.5767184700729932,0.5767184700729932
identity,-0.5813868551499631,0.5813868551499631
authorization code,-0.5818044203188267,0.5818044203188267
encryption decryption,-0.5821792685749216,0.5821792685749216
rbac,-0.5910982150161171,0.5910982150161171
security permissions,-0.5965752438095877,0.5965752438095877
encrypted,-0.6049502475124683,0.6049502475124683
privilege,-0.6086151632075903,0.6086151632075903
admin user,-0.6110609016715446,0.6110609016715446
order,-0.6121669218003826,0.6121669218003826
pack,-0.6150808743522488,0.6150808743522488
passwords,-0.6180885178068863,0.6180885178068863
oh,-0.6198049278556315,0.6198049278556315
security issues,-0.619841324281436,0.619841324281436
encrypted variables,-0.6251254204364675,0.6251254204364675
actual,-0.6286655684038899,0.6286655684038899
haven,-0.6343144827420097,0.6343144827420097
api,-0.6365118770659314,0.6365118770659314
sandbox,-0.6371451727980427,0.6371451727980427
yaml,-0.6384135030881353,0.6384135030881353
authorize,-0.6418694887865516,0.6418694887865516
agent,-0.6465454697638717,0.6465454697638717
previous,-0.6481966736160664,0.6481966736160664
implemented,-0.6568061295512139,0.6568061295512139
oauth,-0.6582872377978722,0.6582872377978722
security,-0.6590383128062497,0.6590383128062497
kubernetes,-0.6622848244052999,0.6622848244052999
object,-0.6677302011010108,0.6677302011010108
grant,-0.6819562698622917,0.6819562698622917
specify,-0.6882532180431958,0.6882532180431958
fact,-0.6896029666168496,0.6896029666168496
required,-0.7242207032364324,0.7242207032364324
account,-0.7382117426796144,0.7382117426796144
decrypting,-0.749923042523097,0.749923042523097
cli,-0.776842822039805,0.776842822039805
security token,-0.7799873681016757,0.7799873681016757
protocol,-0.7869308672233956,0.7869308672233956
encrypt decrypt,-0.8004597326609879,0.8004597326609879
key,-0.8327614103941603,0.8327614103941603
security cryptography,-0.8506825248070835,0.8506825248070835
api keys,-0.881679536871346,0.881679536871346
encrypting,-0.9004818608021402,0.9004818608021402
cryptographic,-0.9341973663255903,0.9341973663255903
decryption,-0.9346179371399863,0.9346179371399863
authorized,-0.941189574923216,0.941189574923216
permission,-1.0439377573504232,1.0439377573504232
sessions,-1.0720540421159823,1.0720540421159823
tokens,-1.1174620136882505,1.1174620136882505
validation,-1.1537350691807975,1.1537350691807975
cryptography,-1.237886751732064,1.237886751732064
credential,-1.243319804548613,1.243319804548613
secrets,-1.3640129139001065,1.3640129139001065
authenticate,-1.3663406799177962,1.3663406799177962
decrypt,-1.4312821202245036,1.4312821202245036
authenticated,-1.443965800767343,1.443965800767343
encryption,-1.478854780561619,1.478854780561619
encrypt,-1.5102098209777597,1.5102098209777597
certificates,-1.5484289968472027,1.5484289968472027
session,-1.564709145479627,1.564709145479627
privileges,-1.6442313730480458,1.6442313730480458
authentication,-1.693612422932978,1.693612422932978
exploit fact,-1.7264861247122616,1.7264861247122616
ssl,-1.8042524719355817,1.8042524719355817
certificate,-1.944308325468643,1.944308325468643
secret,-1.9580573216814179,1.9580573216814179
password,-2.027512349402539,2.027512349402539
permissions,-2.1411651909418987,2.1411651909418987
token,-2.1680543756559096,2.1680543756559096
credentials,-2.1882378638293263,2.1882378638293263
tls,-2.4471000830884195,2.4471000830884195
authorization,-4.211195225019387,4.211195225019387
